ts_ms,open,high,low,close
1780272000000,740.47,741.47,739.8,741.22
1780272900000,741.17,741.99,740.77,741.98
1780273800000,742,742.12,741.53,741.97
1780274700000,741.98,742.2,741.81,741.92
1780275600000,741.92,742.03,741.46,741.65
1780276500000,741.63,742.13,741.63,741.76
1780277400000,741.67,742.05,741.59,741.84
1780278300000,741.84,742.16,741.73,742.04
1780279200000,742.03,742.51,742.03,742.47
1780280100000,742.47,742.59,742.29,742.43
1780281000000,742.37,742.46,742.06,742.18
1780281900000,742.1,742.19,741.98,742.12
1780282800000,742.16,742.51,742.16,742.41
1780283700000,742.43,742.76,741.87,742.7
1780284600000,742.76,743.19,742.23,742.28
1780285500000,742.22,742.52,741.85,741.97
1780286400000,742.05,742.47,741.99,742.34
1780287300000,742.32,742.5,742.1,742.4
1780288200000,742.42,742.88,742.16,742.85
1780289100000,742.85,742.85,742.59,742.66
1780290000000,742.68,742.85,742.37,742.6
1780290900000,742.61,742.79,742.15,742.25
1780291800000,742.28,742.71,742.21,742.7
1780292700000,742.7,743.1,742.65,742.78
1780293600000,742.84,743.09,742.68,742.75
1780294500000,742.76,742.81,742.3,742.31
1780295400000,742.42,742.87,742.35,742.58
1780296300000,742.58,743.03,742.58,742.82
1780297200000,742.78,743.1,742.54,742.64
1780298100000,742.58,742.64,741.29,741.47
1780299000000,741.51,741.7,740.64,740.98
1780299900000,740.94,741.26,740.74,741.25
1780300800000,741.15,741.241,738.441,740.51
1780301700000,740.27,740.404,739.846,740.01
1780302600000,740.18,740.376,739.613,740.32
1780303500000,740.41,740.893,740.05,740.88
1780304400000,741,741.21,740.513,740.77
1780305300000,740.58,740.803,740.26,740.34
1780306200000,740.27,740.334,740.111,740.3
1780307100000,739.82,740.31,739.82,739.97
1780308000000,740.16,740.539,739.849,740.47
1780308900000,740.41,740.637,740.142,740.43
1780309800000,740.87,741.009,740.581,740.87
1780310700000,740.95,741.014,740.718,740.84
1780311600000,740.43,740.755,740.015,740.21
1780312500000,740.15,740.215,739.795,739.94
1780313400000,739.96,740.875,739.79,740.52
1780314300000,740.56,740.659,740,740
1780315200000,740.02,740.027,739.02,739.02
1780316100000,739.31,739.896,738.94,739.71
1780317000000,739.65,740.6,739.363,740.6
1780317900000,740.59,740.755,739.63,739.65
1780318800000,739.729,739.84,736.68,737.171
1780319700000,737.031,737.031,737.031,737.031
1780320600000,737.06,740.01,736.3,738.896
1780321500000,738.879,740.1,736.305,736.38
1780322400000,736.33,738.13,735.99,737.555
1780323300000,737.43,739.07,737.15,738.165
1780324200000,738.157,739.295,737.87,739.104
1780325100000,739.102,739.72,738.77,739.401
1780326000000,739.49,739.93,738.98,739.697
1780326900000,739.704,740.72,739.704,740.558
1780327800000,740.51,742.26,740.51,741.844
1780328700000,740.98,740.98,740.98,740.98
1780329600000,741.05,741.81,740.28,740.635
1780330500000,740.622,741.26,739.86,741.236
1780331400000,741.245,741.96,741.245,741.55
1780332300000,741.54,743,741.18,742.932
1780333200000,743,743,741.927,742.193
1780334100000,743.074,743.074,743.074,743.074
1780335000000,743.49,745.49,742.7,744.632
1780335900000,744.633,745.63,744.633,745.133
1780336800000,745.13,745.19,744.135,744.208
1780337700000,744.213,744.715,744.06,744.536
1780338600000,744.535,744.7,744.18,744.422
1780339500000,744.421,744.47,743.77,744.012
1780340400000,744.004,744.52,743.725,744.157
1780341300000,744.154,744.17,743.847,744.02
1780342200000,744.008,744.008,743.04,743.166
1780343100000,743.13,743.27,742.35,742.71
1780344000000,742.609,742.669,742.13,742.367
1780344900000,742.356,742.356,741.979,742.075
1780345800000,742.075,742.69,741.977,742.279
1780346700000,742.283,742.29,741.2,741.638
1780347600000,741.635,741.91,741.486,741.88
1780348500000,741.878,742.01,741.875,741.99
1780349400000,741.99,742.098,741.671,741.875
1780350300000,741.875,741.975,741.455,741.966
1780351200000,741.965,741.992,739.99,740.484
1780352100000,740.479,740.691,739.908,739.941
1780353000000,739.936,740.088,739.578,739.672
1780353900000,739.674,740.037,739.432,740.037
1780354800000,740.038,740.15,739.781,739.952
1780355700000,739.945,740.145,739.859,740.015
1780356600000,740.013,740.321,739.752,740.024
1780357500000,740.025,740.27,739.68,740.234
1780358400000,740.242,740.283,738.77,738.89
1780359300000,738.88,739.43,738.14,738.69
1780360200000,738.83,739.23,738.21,738.43
1780361100000,738.51,738.55,737.73,737.93
1780362000000,737.97,738.63,737.67,738.5
1780362900000,738.57,738.61,737.46,738.03
1780363800000,738.12,738.41,737.6,738.01
1780364700000,737.89,737.92,737.03,737.07
1780365600000,737.06,737.36,736.79,737.21
1780366500000,737.17,737.89,737,737.57
1780367400000,737.6,738.25,737.6,737.97
1780368300000,738.03,738.2,737.77,738.01
1780369200000,737.99,738.21,737.24,737.39
1780370100000,737.43,737.55,736.68,736.82
1780371000000,736.84,737.41,736.66,737.23
1780371900000,737.29,737.81,737.29,737.81
1780372800000,737.71,738.41,737.7,738.05
1780373700000,738.09,738.89,737.99,738.73
1780374600000,738.68,739,738.52,739
1780375500000,738.92,739.74,738.86,739.67
1780376400000,739.69,740.3,739.38,740.3
1780377300000,740.26,740.48,740,740.39
1780378200000,740.45,740.95,740.4,740.66
1780379100000,740.64,740.71,740.07,740.53
1780380000000,740.55,740.86,740.38,740.65
1780380900000,740.74,741.16,740.66,740.81
1780381800000,740.7,741.26,740.41,741.04
1780382700000,741.02,741.52,740.96,741.35
1780383600000,741.56,742.11,741.31,741.95
1780384500000,741.9,742.25,741.73,741.87
1780385400000,741.84,742.01,741.63,741.82
1780386300000,741.81,741.82,741.33,741.81
1780387200000,740.548,742.725,740.548,742.515
1780388100000,742.506,742.657,741.92,742.26
1780389000000,742.262,742.672,742.205,742.252
1780389900000,742.251,742.607,742.116,742.276
1780390800000,742.274,742.274,741.758,742.037
1780391700000,742.035,742.339,741.796,741.929
1780392600000,741.934,743.05,741.934,743.005
1780393500000,743.006,743.118,742.68,742.707
1780394400000,742.702,742.786,742.4,742.562
1780395300000,742.561,742.661,742.26,742.415
1780396200000,742.416,742.439,741.894,741.946
1780397100000,741.944,742.094,741.8,741.803
1780398000000,741.795,742.104,741.16,742.102
1780398900000,742.108,742.221,741.741,742.218
1780399800000,742.224,742.89,742.224,742.329
1780400700000,742.328,742.373,741.839,741.839
1780401600000,741.837,742.125,741.79,741.823
1780402500000,741.823,742.466,741.695,742.276
1780403400000,742.273,742.5,741.782,742.405
1780404300000,742.404,742.409,741.763,741.768
1780405200000,741.772,741.921,740.76,740.943
1780406100000,740.941,742.416,740.888,742.416
1780407000000,742.465,742.68,739.25,741.032
1780407900000,741.13,743.58,741.05,743.45
1780408800000,743.63,744.67,742.8,744.294
1780409700000,744.37,744.37,741.99,742.605
1780410600000,742.592,744.087,742.44,744.087
1780411500000,744.08,744.535,743.54,744.531
1780412400000,745.039,745.039,745.039,745.039
1780413300000,745.048,745.37,744.8,745.11
1780414200000,745.11,745.58,744.765,745.138
1780415100000,745.725,745.725,745.725,745.725
1780416000000,745.68,746.22,745.205,745.989
1780416900000,745.9,745.973,744.84,744.972
1780417800000,744.967,745.33,744.54,744.696
1780418700000,744.696,745.77,744.575,745.734
1780419600000,745.737,746.03,745.38,745.829
1780420500000,745.829,745.83,744.31,744.556
1780421400000,744.556,744.67,743.75,744.387
1780422300000,744.387,744.725,744.15,744.212
1780423200000,744.215,745.06,743.921,744.704
1780424100000,744.701,744.701,744.255,744.47
1780425000000,744.472,744.86,743.611,744.004
1780425900000,743.993,744.49,743.899,744.453
1780426800000,744.453,745.52,744.453,745.281
1780427700000,745.29,745.58,745.01,745.046
1780428600000,745.02,745.6,745.02,745.476
1780429500000,745.5,746.435,745.42,746.09
1780430400000,746.231,747.358,745.915,746.844
1780431300000,746.833,747.4,746.811,746.864
1780432200000,746.863,747.026,746.83,746.931
1780433100000,746.929,747.082,746.835,746.981
1780434000000,746.98,747.027,746.85,746.903
1780434900000,746.905,747.04,746.85,746.99
1780435800000,746.99,746.99,746.737,746.921
1780436700000,746.925,747.008,746.789,746.82
1780437600000,746.817,747.056,746.414,746.649
1780438500000,746.65,746.919,746.477,746.872
1780439400000,746.871,747.235,746.796,746.865
1780440300000,746.858,746.894,745.894,745.99
1780441200000,745.993,746.075,745.191,745.339
1780442100000,745.34,745.384,742.86,743.631
1780443000000,743.638,745.561,743.518,745.449
1780443900000,745.449,746.143,745.259,746.06
1780444800000,746.058,746.43,745.5,745.5
1780445700000,745.45,746,745.3,745.81
1780446600000,745.99,746.36,745.7,746.31
1780447500000,746.34,746.62,746.22,746.41
1780448400000,746.5,746.55,745.46,745.46
1780449300000,745.43,745.76,745.37,745.7
1780450200000,745.63,745.98,745.01,745.12
1780451100000,745.25,745.62,744.89,745.62
1780452000000,745.63,745.75,745.34,745.74
1780452900000,745.75,745.86,745.18,745.5
1780453800000,745.55,745.76,745.31,745.51
1780454700000,745.51,745.55,745.28,745.55
1780455600000,745.5,745.65,745.34,745.64
1780456500000,745.72,746.11,745.58,745.67
1780457400000,745.66,746.03,745.66,745.96
1780458300000,745.93,746.25,745.83,746.19
1780459200000,746.21,746.65,746.16,746.58
1780460100000,746.59,746.66,746.31,746.53
1780461000000,746.52,746.75,746.39,746.63
1780461900000,746.6,746.6,746.08,746.14
1780462800000,746.03,746.47,745.54,746.35
1780463700000,746.3,746.6,746.15,746.2
1780464600000,746.12,746.24,745.63,745.89
1780465500000,745.85,745.99,745.61,745.7
1780466400000,745.72,746.31,745.36,745.59
1780467300000,745.58,745.91,745.42,745.77
1780468200000,745.7,746.45,745.56,746.25
1780469100000,746.08,746.08,745.75,745.92
1780470000000,746.01,746.92,745.72,746.69
1780470900000,746.77,746.85,746.17,746.22
1780471800000,746.24,746.49,745.72,746.08
1780472700000,746.14,746.57,746,746.52
1780473600000,746.126,747.242,746.099,746.891
1780474500000,746.886,746.983,746.092,746.886
1780475400000,746.893,746.964,746.31,746.439
1780476300000,746.44,746.605,746.231,746.426
1780477200000,746.429,747.234,746.374,747.028
1780478100000,747.032,747.663,746.946,747.663
1780479000000,747.664,747.678,747.245,747.525
1780479900000,747.527,747.536,746.794,746.809
1780480800000,746.812,747.92,746.422,747.558
1780481700000,747.542,747.542,746.995,747.501
1780482600000,747.5,748.04,747.102,747.102
1780483500000,747.101,747.559,747.101,747.36
1780484400000,747.34,747.951,747.32,747.819
1780485300000,747.817,748.12,747.626,747.901
1780486200000,747.895,748.261,747.73,747.761
1780487100000,747.76,748.142,747.68,747.981
1780488000000,747.976,748.35,747.814,748.273
1780488900000,748.272,748.272,747.366,747.366
1780489800000,747.365,747.365,746.178,746.669
1780490700000,746.666,746.847,746.08,746.475
1780491600000,746.47,747.029,746.406,746.796
1780492500000,747.376,747.376,747.376,747.376
1780493400000,747.31,748.55,744.13,744.229
1780494300000,744.17,744.64,741.04,742.715
1780495200000,742.49,745.7,742.42,745.647
1780496100000,746.487,746.487,746.487,746.487
1780497000000,746.54,746.92,745.22,746.079
1780497900000,746.09,746.51,744.7,745.094
1780498800000,745.11,746.35,745.11,745.818
1780499700000,745.14,745.14,745.14,745.14
1780500600000,745.18,745.74,743.54,743.632
1780501500000,743.59,744.32,742.77,743.695
1780502400000,743.73,744.073,743.075,743.919
1780503300000,743.84,743.906,741.92,742.408
1780504200000,742.403,743.02,741.26,741.843
1780505100000,741.844,743.73,741.844,743.687
1780506000000,743.74,743.74,741.97,742.155
1780506900000,742.19,742.933,741.63,742.927
1780507800000,742.924,743.92,742.22,743.873
1780508700000,743.905,744.69,743.71,744.593
1780509600000,744.61,744.83,743.84,744.133
1780510500000,744.135,745.45,743.76,745.388
1780511400000,745.396,745.5,744.39,744.8
1780512300000,744.801,745.17,744.43,744.768
1780513200000,744.771,744.96,743.92,744.393
1780514100000,744.395,744.99,743.78,744.353
1780515000000,744.34,745.7,744.19,745.575
1780515900000,745.49,745.76,743.94,744.192
1780516800000,744.3,744.3,743.46,743.649
1780517700000,743.628,743.628,742.11,742.545
1780518600000,742.544,742.544,740.992,741.001
1780519500000,741.016,741.58,740.498,740.996
1780520400000,740.999,741.91,739.68,739.779
1780521300000,739.74,740.694,739.409,739.409
1780522200000,739.403,739.403,737.66,738.479
1780523100000,738.491,739.319,738.41,739.319
1780524000000,739.378,740.826,739.378,739.898
1780524900000,739.897,739.91,738.68,739.457
1780525800000,739.458,740.116,739.134,739.365
1780526700000,739.37,740.035,738,739.811
1780527600000,739.815,739.99,738.748,739.107
1780528500000,739.108,739.198,738.329,738.616
1780529400000,738.635,738.954,738.04,738.162
1780530300000,738.166,738.964,737.851,738.355
1780531200000,738.4,739.9,738.04,739.45
1780532100000,739.53,740.11,738.94,740.01
1780533000000,740.01,741.11,740.01,740.99
1780533900000,741,741.12,740.45,741.1
1780534800000,741.04,741.8,741.03,741.52
1780535700000,741.48,741.48,740.45,740.87
1780536600000,741,741.66,740.5,740.69
1780537500000,740.67,740.79,739.61,739.91
1780538400000,739.85,739.96,738.5,738.5
1780539300000,738.48,739.25,737.56,739.02
1780540200000,739.01,739.05,738.39,738.93
1780541100000,738.96,739.63,738.94,738.99
1780542000000,739.04,739.9,738.91,739.54
1780542900000,739.7,740.29,739.69,740.29
1780543800000,740.41,740.74,739.92,740.02
1780544700000,739.95,740.67,739.84,740.67
1780545600000,740.67,740.98,740.28,740.98
1780546500000,740.99,741.14,740.76,740.79
1780547400000,740.92,741.22,740.66,741.11
1780548300000,741.21,741.23,740.81,740.98
1780549200000,740.98,740.98,739.9,740.34
1780550100000,740.46,740.6,739.88,740.15
1780551000000,740.16,740.88,739.99,740.81
1780551900000,740.86,740.88,740.06,740.63
1780552800000,740.64,741.07,740.59,740.69
1780553700000,740.76,740.76,740.25,740.76
1780554600000,740.66,741.53,740.39,741.53
1780555500000,741.43,741.82,741.18,741.8
1780556400000,741.71,742.18,741.45,741.97
1780557300000,741.87,741.87,740.9,741.5
1780558200000,741.49,741.85,741.21,741.21
1780559100000,741.21,741.43,740.87,741.05
1780560000000,738.802,740.933,738.802,738.889
1780560900000,738.874,739.245,737.313,737.922
1780561800000,737.94,738.668,737.9,737.907
1780562700000,737.905,738.07,736.933,737.328
1780563600000,737.332,737.334,735.28,735.294
1780564500000,735.289,736.457,735.064,736.345
1780565400000,736.344,736.966,736.101,736.213
1780566300000,736.204,737.408,736.132,737.095
1780567200000,737.098,737.104,736.277,736.439
1780568100000,736.441,736.442,735.576,735.576
1780569000000,735.577,736.011,735.02,735.201
1780569900000,735.2,735.596,734.162,734.879
1780570800000,734.96,735.367,734.68,734.969
1780571700000,734.92,735.732,734.591,735.544
1780572600000,735.549,735.934,733.085,733.771
1780573500000,733.773,735.77,733.686,735.761
1780574400000,735.77,735.858,734.507,734.743
1780575300000,734.744,735.09,734.43,735.04
1780576200000,735.033,736.523,735.033,736.507
1780577100000,736.507,736.936,736.073,736.536
1780578000000,736.515,736.624,736.059,736.277
1780578900000,736.274,736.93,735.48,735.509
1780579800000,735.3,737.78,734.08,734.486
1780580700000,734.5,736.6,733.59,735.077
1780581600000,735.07,735.73,732.62,735.632
1780582500000,735.641,737.33,735.09,737.128
1780583400000,737.143,737.23,736.03,736.242
1780584300000,736.244,737.59,736.01,737.502
1780585200000,737.6,739.88,737.51,739.814
1780586100000,739.813,740.26,739.36,739.618
1780587000000,739.616,739.78,738.94,739.1
1780587900000,739.1,739.13,737.72,738.885
1780588800000,738.898,739.88,738.56,739.659
1780589700000,739.653,740.68,739.641,740.562
1780590600000,740.55,740.78,739.5,740.607
1780591500000,740.61,740.88,740.247,740.553
1780592400000,740.542,741.05,740.18,740.853
1780593300000,740.859,741.47,740.455,741.361
1780594200000,741.364,742.015,741.3,741.971
1780595100000,741.979,742.56,741.71,742.472
1780596000000,742.477,743.43,742.468,743.288
1780596900000,743.288,743.36,742.86,743.175
1780597800000,743.164,743.229,742.43,742.767
1780598700000,742.77,743.25,742.282,742.387
1780599600000,742.393,743.137,742.11,742.348
1780600500000,742.345,743.3,741.755,743.266
1780601400000,743.27,743.49,742.12,742.152
1780602300000,742.13,742.161,740.37,740.5
1780603200000,739.802,739.802,739.802,739.802
1780604100000,738.866,738.866,738.866,738.866
1780605000000,738.88,739.08,738.7,738.825
1780605900000,738.831,738.996,738.58,738.757
1780606800000,738.767,738.995,738.767,738.974
1780607700000,738.973,739.081,738.855,739.081
1780608600000,739.083,739.147,739.06,739.065
1780609500000,739.065,739.137,738.934,739.067
1780610400000,739.029,739.09,737.862,737.891
1780611300000,737.888,738.154,736.688,737.209
1780612200000,737.207,737.56,736.993,737.171
1780613100000,737.155,737.814,737.082,737.803
1780614000000,737.802,737.883,736.85,736.886
1780614900000,736.887,736.915,736,736.508
1780615800000,736.507,736.507,735.725,735.744
1780616700000,735.753,735.816,735.189,735.374
1780617600000,736.01,736.01,734.1,734.1
1780618500000,734.14,734.54,733.38,733.94
1780619400000,733.95,734.35,733.17,733.29
1780620300000,733.27,733.65,732.48,732.75
1780621200000,732.86,732.9,731.94,732.18
1780622100000,732.13,732.36,730.57,731.16
1780623000000,731.35,732.92,731.35,732.74
1780623900000,732.81,733.98,732.47,733.93
1780624800000,733.95,734.5,733.4,734.24
1780625700000,734.38,734.97,734.12,734.9
1780626600000,734.91,735.22,734.39,734.61
1780627500000,734.63,734.89,734.25,734.38
1780628400000,734.36,734.5,733.76,734.23
1780629300000,734.23,734.65,733.8,733.8
1780630200000,733.71,734.21,733.52,733.65
1780631100000,733.64,733.66,732.74,733.12
1780632000000,733.12,733.74,733.04,733.51
1780632900000,733.71,734.12,733.5,733.61
1780633800000,733.63,734.29,733.29,734.06
1780634700000,734.04,735.01,734.01,734.71
1780635600000,734.81,734.82,733.94,734.03
1780636500000,734.05,734.7,733.78,734.07
1780637400000,734.01,734.55,733.94,733.96
1780638300000,733.93,733.93,733.17,733.29
1780639200000,733.34,734.27,733.26,733.4
1780640100000,733.32,733.46,732.41,732.61
1780641000000,732.64,732.94,732,732.1
1780641900000,732.08,732.73,731.97,732.28
1780642800000,732.16,732.18,731.05,731.12
1780643700000,731.19,731.89,730.74,731.8
1780644600000,731.72,733,731.72,732.32
1780645500000,732.29,732.97,732.27,732.78
1780646400000,734.951,734.951,732.159,732.692
1780647300000,732.682,734.303,732.315,734.303
1780648200000,734.298,734.54,733.285,733.285
1780649100000,733.284,733.583,732.84,733.009
1780650000000,733.01,735.224,732.895,734.427
1780650900000,734.443,734.844,733.526,733.541
1780651800000,733.547,733.793,733.375,733.585
1780652700000,733.579,734.32,733.579,733.979
1780653600000,733.982,734.205,733.863,734.199
1780654500000,734.2,734.854,734.02,734.775
1780655400000,734.775,734.854,734.303,734.631
1780656300000,734.629,734.629,733.838,733.839
1780657200000,733.83,733.872,733.371,733.624
1780658100000,733.623,733.67,732.55,733.62
1780659000000,733.611,733.85,733.2,733.512
1780659900000,733.51,733.522,732.719,732.73
1780660800000,732.732,732.752,731.856,731.918
1780661700000,731.919,732.98,731.59,731.877
1780662600000,731.906,732.64,730.22,732.13
1780663500000,732.126,732.41,730.5,730.568
1780664400000,730.38,730.813,730,730.169
1780665300000,730.145,730.373,729.585,730.045
1780666200000,729.73,731.66,727.47,727.541
1780667100000,727.505,727.96,723.81,723.842
1780668000000,726.06,726.06,726.06,726.06
1780668900000,726.063,727.8,724.45,724.831
1780669800000,724.848,727.47,724.82,725.294
1780670700000,725.311,726.09,724.52,725.716
1780671600000,725.708,726.04,722.595,722.643
1780672500000,722.58,723.45,721.75,722.363
1780673400000,722.322,722.82,719.86,720.49
1780674300000,720.504,721.46,720.22,721.006
1780675200000,721.003,721.003,718.62,719.384
1780676100000,719.27,719.374,717.92,718.123
1780677000000,718.095,718.16,715.01,715.419
1780677900000,715.36,717.19,714.19,716.793
1780678800000,716.797,716.797,714.07,714.777
1780679700000,714.776,715.77,713.74,715.544
1780680600000,715.56,717.17,714.77,715.008
1780681500000,715.02,716.46,714.88,716.358
1780682400000,716.354,716.5,712.47,712.604
1780683300000,712.63,712.63,710.36,710.89
1780684200000,710.845,711.13,708.56,709.31
1780685100000,709.31,710.14,707.34,709.66
1780686000000,709.66,710.11,706.12,706.601
1780686900000,708.526,708.526,708.526,708.526
1780687800000,708.73,708.84,706.27,707.313
1780688700000,707.313,709.74,705.09,705.23
1780689600000,705.329,705.808,700.75,700.959
1780690500000,701.11,701.99,700.21,701.75
1780691400000,701.755,701.755,699.95,700.676
1780692300000,700.671,701.561,699.964,701.041
1780693200000,701.042,702.115,701.042,702.115
1780694100000,702.121,704,702.121,703.923
1780695000000,703.924,704.47,702.82,703.45
1780695900000,703.45,703.45,702.93,703.075
1780696800000,703.073,703.95,702.907,703.072
1780697700000,703.066,703.601,702.847,703.452
1780698600000,703.454,703.708,701.973,702.239
1780699500000,702.242,703.697,702.114,703.605
1780700400000,703.605,703.605,702.56,703.09
1780701300000,703.09,703.135,701.859,702.254
1780702200000,702.252,702.3,700.41,700.594
1780703100000,700.608,701.026,700.21,700.21
1780876800000,701.01,709,700.3,708.62
1780877700000,708.61,710.57,708.4,710.54
1780878600000,710.55,712.05,710.37,711.29
1780879500000,711.26,711.26,709.05,710.44
1780880400000,710.39,710.81,708.83,708.83
1780881300000,708.95,709.01,706.86,706.92
1780882200000,706.85,709.1,705.75,708.76
1780883100000,708.99,709.47,707.98,709.02
1780884000000,709.06,709.41,707.9,708.65
1780884900000,708.59,709.43,707.69,709.29
1780885800000,709.34,710.65,708.35,710.65
1780886700000,710.67,710.97,710.11,710.21
1780887600000,710.37,710.68,709.9,710.35
1780888500000,710.31,710.49,709.44,710.25
1780889400000,710.48,710.68,710.14,710.3
1780890300000,710.33,710.55,709.99,710.17
1780891200000,710.3,710.5,709.08,709.4
1780892100000,709.41,709.9,708.7,709.18
1780893000000,709.33,709.43,707.55,707.59
1780893900000,707.52,708.51,707.3,707.41
1780894800000,707.46,708.51,706.69,706.69
1780895700000,706.72,707.48,706.61,707.27
1780896600000,707.38,707.42,704.68,704.82
1780897500000,704.81,705.63,704.45,705.49
1780898400000,705.51,706.79,705.11,705.84
1780899300000,705.78,708.25,705.45,708.23
1780900200000,708.2,708.66,706.76,707.37
1780901100000,707.38,707.55,706.31,707.49
1780902000000,707.38,708.79,707.13,708.39
1780902900000,708.55,710.86,708.01,710.6
1780903800000,710.6,710.78,709.64,710.53
1780904700000,710.54,711.85,700.21,711.25
1780905600000,702.044,711.025,702.044,710.228
1780906500000,710.226,711.064,710.128,710.398
1780907400000,710.415,711.448,709.709,709.951
1780908300000,709.971,710.068,708.91,709.394
1780909200000,709.396,709.808,708.659,709.552
1780910100000,709.564,710.403,709.536,709.797
1780911000000,709.792,711.08,709.098,710.446
1780911900000,710.448,710.833,710.266,710.833
1780912800000,710.842,710.874,709.886,710.413
1780913700000,710.414,710.497,709.37,709.792
1780914600000,709.79,711.536,709.681,711.014
1780915500000,711.013,711.241,710.617,710.914
1780916400000,710.91,713.58,710.32,713.58
1780917300000,713.91,714.964,713.395,714.964
1780918200000,714.966,715.611,714.966,715.035
1780919100000,715.029,715.171,714.137,714.224
1780920000000,714.215,715.122,713.98,715.074
1780920900000,715.077,716.21,714.87,716.21
1780921800000,716.146,717.44,716.146,716.999
1780922700000,717.006,717.057,716.3,716.865
1780923600000,716.862,719.106,716.862,719.051
1780924500000,719.048,719.594,717.808,717.862
1780925400000,717.83,719.19,714.7,717.188
1780926300000,717.25,718.52,713.34,713.664
1780927200000,713.642,716.45,713.06,715.72
1780928100000,715.73,717.767,714.13,717.56
1780929000000,717.52,719.6,717.44,718.449
1780929900000,718.35,721.49,718.35,721.416
1780930800000,721.423,722.82,721.2,722.394
1780931700000,722.397,723.02,720.18,720.278
1780932600000,720.28,721.57,718.58,721.423
1780933500000,721.462,722.25,719.49,719.749
1780934400000,719.768,720.81,719.2,720.438
1780935300000,720.51,721.83,719.19,719.217
1780936200000,719.238,719.943,718.49,719.208
1780937100000,719.219,720.29,719.06,719.197
1780938000000,719.185,719.185,716.9,717.864
1780938900000,717.99,719.584,716.93,719.584
1780939800000,719.596,720.12,717.44,717.507
1780940700000,717.45,719.55,717.45,718.565
1780941600000,718.62,719.84,718.56,718.72
1780942500000,718.79,719.505,718.62,719.372
1780943400000,719.39,719.99,717.895,717.95
1780944300000,717.98,718.91,717.93,718.221
1780945200000,718.24,718.32,715.41,715.41
1780946100000,715.551,716,714.25,715.484
1780947000000,715.524,717.01,715.27,715.68
1780947900000,715.662,716.52,715.22,716.08
1780948800000,716.05,716.4,715.479,715.86
1780949700000,715.864,716,714.871,715.487
1780950600000,715.486,715.665,715.32,715.48
1780951500000,715.49,715.96,715.239,715.674
1780952400000,715.672,715.976,715.464,715.95
1780953300000,715.95,715.99,715.7,715.86
1780954200000,715.86,715.934,715.823,715.876
1780955100000,715.876,715.934,715.822,715.865
1780956000000,715.847,716.323,713.659,713.781
1780956900000,713.787,713.972,713.003,713.031
1780957800000,713.036,714.155,713.036,714.058
1780958700000,714.057,715.404,713.913,715.388
1780959600000,715.385,716.19,714.996,716.076
1780960500000,716.071,716.109,715.454,715.57
1780961400000,715.57,716.66,715.3,715.874
1780962300000,715.867,715.867,714.514,715.379
1780963200000,715.383,715.85,713.46,713.8
1780964100000,713.98,714.43,713.18,714.08
1780965000000,714.11,714.24,712.64,713.62
1780965900000,713.53,713.78,712.58,713.32
1780966800000,713.41,714.48,713.24,714.23
1780967700000,714.05,716.65,713.99,716.2
1780968600000,716.29,717.76,716.08,717.43
1780969500000,717.37,718.4,716.92,717.23
1780970400000,717.12,717.61,716.9,717.24
1780971300000,717.2,717.26,716.35,717.02
1780972200000,717.06,717.51,716.67,717.43
1780973100000,717.51,717.81,716.99,717.61
1780974000000,717.59,718.25,717.3,718.04
1780974900000,718.15,718.52,717.68,718.11
1780975800000,718.31,719.53,718.14,719.32
1780976700000,719.37,719.48,718.85,719.27
1780977600000,719.27,719.96,718.99,719.77
1780978500000,719.75,720.3,719.67,720.04
1780979400000,720.02,720.45,719.69,720.2
1780980300000,720.16,720.31,719.78,719.8
1780981200000,719.8,720.3,719.59,719.85
1780982100000,719.81,720.13,719.49,719.5
1780983000000,719.7,720.85,719.59,720.43
1780983900000,720.45,720.9,720.17,720.53
1780984800000,720.71,721.14,720.39,721.06
1780985700000,721.04,721.52,720.6,720.6
1780986600000,720.51,720.99,720.31,720.63
1780987500000,720.63,720.78,719.81,720.23
1780988400000,720.24,721.87,720.24,720.84
1780989300000,720.89,721.18,719.78,720.01
1780990200000,720.05,720.32,719.47,720.3
1780991100000,720.3,720.89,719.3,719.48
1780992000000,716.082,721.303,716.082,721.286
1780992900000,721.288,721.428,720.684,721.259
1780993800000,721.256,721.74,720.863,721.641
1780994700000,721.636,721.813,720.689,720.725
1780995600000,720.726,721.422,720.642,721.353
1780996500000,721.357,721.895,721.233,721.858
1780997400000,721.857,721.857,721.167,721.641
1780998300000,721.638,722.052,721.612,721.71
1780999200000,721.704,722.09,720.475,721.591
1781000100000,721.6,721.62,721,721.515
1781001000000,721.512,721.569,720.898,721.148
1781001900000,721.144,721.952,721.055,721.803
1781002800000,721.785,722.218,721.74,722.06
1781003700000,722.064,722.143,721.487,721.882
1781004600000,721.883,722.737,721.788,722.723
1781005500000,722.695,722.7,721.66,721.682
1781006400000,721.676,722.12,721.53,721.555
1781007300000,721.55,721.632,721.01,721.409
1781008200000,721.404,722.807,721.388,721.98
1781009100000,721.978,722.99,721.431,722.791
1781010000000,722.806,723.19,722.329,722.378
1781010900000,722.391,722.93,721.99,722.847
1781011800000,722.98,723.78,720.51,723.532
1781012700000,723.74,725.64,721.39,721.504
1781013600000,721.42,722.4,716.96,717.219
1781014500000,717.197,717.89,714.11,715.99
1781015400000,715.96,716.89,711.77,712.216
1781016300000,712.17,712.7,707.27,710.86
1781017200000,711.01,712.38,708.64,711.213
1781018100000,711.184,711.2,701.49,701.75
1781019000000,701.77,703.76,700.63,702.72
1781019900000,702.93,704.35,697.43,697.7
1781020800000,697.915,699.93,694.87,695.716
1781021700000,695.738,696.01,690.72,693.58
1781022600000,693.51,694.64,686.44,689.774
1781023500000,689.79,692.67,687.6,692.431
1781024400000,692.469,697.2,692.23,696.66
1781025300000,696.634,700,695.61,698.93
1781026200000,698.97,703.38,698.05,701.991
1781027100000,701.976,702.33,698.22,701.02
1781028000000,701.09,702.38,699.93,701.872
1781028900000,701.76,704.56,700.81,704.475
1781029800000,704.47,706.17,703.05,703.21
1781030700000,703.2,707.3,703.09,706.72
1781031600000,706.73,708.58,704.06,704.182
1781032500000,704.28,704.34,701.3,703.97
1781033400000,703.896,704.75,701.52,703.117
1781034300000,703.155,708.29,701.47,707.85
1781035200000,707.984,709.744,707.241,707.503
1781036100000,707.516,708.133,707.179,708
1781037000000,708.007,708.902,707.606,708.608
1781037900000,708.609,708.88,708.074,708.413
1781038800000,708.414,708.524,708,708
1781039700000,707.998,708.04,705.9,706.198
1781040600000,706.211,706.263,705.583,706.098
1781041500000,706.074,706.254,705.66,706.2
1781042400000,706.9,707.18,705.988,707.13
1781043300000,707.133,707.687,706.524,706.712
1781044200000,706.724,706.81,705.188,705.77
1781045100000,705.762,705.975,704.72,705.643
1781046000000,705.645,707.391,705.618,705.879
1781046900000,705.865,706.06,705.172,705.201
1781047800000,705.201,705.456,704.676,705.452
1781048700000,705.454,706.724,705.428,706.693
1781049600000,706.686,709.23,706.65,708.1
1781050500000,707.99,708.32,706.91,708.07
1781051400000,708.08,708.1,704.16,705.17
1781052300000,705.1,707.45,704.99,707.02
1781053200000,706.74,707.74,706.27,706.86
1781054100000,707.01,707.86,706.42,706.98
1781055000000,707,707.56,705.79,705.91
1781055900000,706.21,706.81,705.5,706.04
1781056800000,705.96,706.17,704.69,705.13
1781057700000,705.12,705.79,704.59,705.61
1781058600000,705.54,705.99,704.79,705.25
1781059500000,705.3,706.01,704.2,704.46
1781060400000,704.54,705.86,704.39,705.47
1781061300000,705.48,706.26,705.1,705.39
1781062200000,705.44,705.66,704.59,704.64
1781063100000,704.65,705.33,704.53,704.98
1781064000000,704.98,705.14,703.74,703.91
1781064900000,703.88,704.57,703.49,703.79
1781065800000,703.61,703.61,702.14,702.26
1781066700000,702.17,703.81,702.06,702.74
1781067600000,702.69,703.8,702.39,702.83
1781068500000,702.83,703.63,701.63,703.63
1781069400000,703.66,703.76,702.27,703.18
1781070300000,703.17,704.32,702.62,703.77
1781071200000,703.85,705.04,703.62,704.57
1781072100000,704.55,705.21,704.04,704.74
1781073000000,704.71,705.46,704.27,704.87
1781073900000,704.83,704.88,704.19,704.36
1781074800000,704.38,705.16,703.77,704.91
1781075700000,704.69,704.96,703.49,703.7
1781076600000,703.6,704.69,703.49,703.86
1781077500000,703.82,704.45,703.45,704.26
1781078400000,706.253,706.253,702.207,702.207
1781079300000,702.228,702.53,701.442,701.694
1781080200000,701.703,702.376,699.728,699.753
1781081100000,699.737,700.652,699.052,699.301
1781082000000,699.321,699.938,698.131,698.131
1781082900000,698.116,699.72,697.538,699.72
1781083800000,699.726,700.556,698.916,699.392
1781084700000,699.39,699.914,698.793,699.696
1781085600000,699.703,699.825,698.976,699.396
1781086500000,699.398,699.541,697.945,699.472
1781087400000,699.469,700.831,699.406,700.766
1781088300000,700.77,701.052,699.827,700.907
1781089200000,700.917,701.225,696.51,698.658
1781090100000,698.66,699.26,696.3,697.119
1781091000000,697.121,697.307,695.748,696.249
1781091900000,696.235,697.838,695.742,697.368
1781092800000,697.37,698.51,697.124,697.718
1781093700000,697.706,699.2,696.9,699.041
1781094600000,699.05,704.81,698.84,703.176
1781095500000,703.184,703.93,701.08,701.12
1781096400000,701.108,702.45,700.97,701.727
1781097300000,701.722,702.383,701.34,701.735
1781098200000,701.28,707.43,699.76,707.148
1781099100000,707.09,709.11,704.91,705.565
1781100000000,705.81,709.01,704.51,707.548
1781100900000,707.533,710.76,706.35,709.43
1781101800000,709.31,711.18,707.25,707.501
1781102700000,707.443,708.19,701.69,702.845
1781103600000,702.815,704.77,699.08,699.317
1781104500000,699.01,702.16,697.13,700.15
1781105400000,700.215,702.06,698.49,701.708
1781106300000,701.706,702.16,696.22,701.68
1781107200000,701.734,702.61,698.37,698.501
1781108100000,698.55,699.66,697.95,698.942
1781109000000,698.932,701.55,698,699.282
1781109900000,699.11,699.31,697.09,698.34
1781110800000,698.37,699.8,696.19,696.537
1781111700000,696.59,697.77,696.15,697.57
1781112600000,697.492,697.63,695.9,695.988
1781113500000,695.992,700.09,695.88,699.798
1781114400000,699.809,701.06,699.15,699.785
1781115300000,699.8,700.53,697.895,698.243
1781116200000,698.234,698.26,696.31,696.911
1781117100000,696.92,696.99,694.88,695.595
1781118000000,695.65,697.05,694.937,695.28
1781118900000,695.232,695.33,692.92,694.307
1781119800000,694.16,697,693.695,696.024
1781120700000,695.87,696.91,693.7,693.72
1781121600000,694.103,694.103,691.55,693.018
1781122500000,693.017,693.45,692.604,692.73
1781123400000,692.724,692.958,691.74,691.977
1781124300000,691.964,692.447,691.03,692.305
1781125200000,692.273,692.273,691.74,692.236
1781126100000,692.234,692.445,691.99,692.441
1781127000000,692.443,692.46,691.956,692
1781127900000,692,692.011,691.688,691.688
1781128800000,691.751,691.945,689.743,690.585
1781129700000,690.595,691.01,690.218,690.882
1781130600000,690.88,692.135,690.878,691.137
1781131500000,691.156,691.81,689.144,689.248
1781132400000,689.246,689.981,687.737,687.867
1781133300000,687.879,690.69,687.48,690.507
1781134200000,690.506,691.6,689.55,691.164
1781135100000,691.16,691.16,689.555,689.788
1781136000000,689.75,691.04,689.17,690.53
1781136900000,690.67,694.77,690.67,692.55
1781137800000,692.63,693.49,691.5,691.79
1781138700000,691.95,694.66,691.95,694.36
1781139600000,694.36,698.41,694.36,698.33
1781140500000,698.38,699.48,697.7,699.32
1781141400000,699.3,699.39,697.89,698.15
1781142300000,698.24,698.24,696.39,696.63
1781143200000,696.6,697.83,696.08,696.08
1781144100000,696.07,696.64,694.39,694.6
1781145000000,694.79,695.61,693.96,694.86
1781145900000,694.76,696.7,694.7,696.42
1781146800000,696.44,697.27,695.33,695.69
1781147700000,695.6,696.03,695.09,696.03
1781148600000,696.02,697.67,696.02,697.66
1781149500000,697.6,699.05,697.29,698.79
1781150400000,699,699,698.39,698.46
1781151300000,698.58,699.33,698.12,699
1781152200000,699.19,700.46,698.77,700.16
1781153100000,700.23,700.46,699.51,699.85
1781154000000,699.87,699.87,698.48,698.74
1781154900000,698.67,699.14,698.37,698.8
1781155800000,698.96,699.25,698.32,699.08
1781156700000,699.11,699.31,698.69,699.03
1781157600000,699,699.27,697.78,699.15
1781158500000,699.21,699.81,699.09,699.31
1781159400000,699.25,699.88,698.71,699.46
1781160300000,699.62,700.32,699.35,700.23
1781161200000,700.19,700.77,699.59,700.23
1781162100000,700.11,702.08,700.01,701.68
1781163000000,701.72,702.03,701.36,701.96
1781163900000,701.86,702.06,701.25,701.53
1781164800000,691.72,703.529,691.72,703.213
1781165700000,703.219,703.675,702.682,702.981
1781166600000,702.99,703.696,702.831,703.197
1781167500000,703.203,703.315,702.668,703.198
1781168400000,703.197,703.396,702.282,702.477
1781169300000,702.478,702.63,701.97,702.337
1781170200000,702.323,702.685,701.85,702.481
1781171100000,702.482,703.06,702.338,702.392
1781172000000,702.39,703.3,702.388,702.771
1781172900000,702.796,702.928,702.317,702.492
1781173800000,702.469,703.13,702.362,702.693
1781174700000,702.69,702.959,702.313,702.323
1781175600000,702.3,702.32,700.781,701.416
1781176500000,701.33,702.01,700.983,701.756
1781177400000,701.758,702.88,701.653,702.501
1781178300000,702.499,703.026,702.422,702.859
1781179200000,702.859,703.16,702.52,702.739
1781180100000,702.74,702.756,698.832,699.399
1781181000000,699.395,699.76,696.771,699.228
1781181900000,699.223,700.96,699.101,700.745
1781182800000,700.736,700.736,699.38,699.811
1781183700000,699.818,700.267,699.18,699.274
1781184600000,699.29,700.24,696.85,698.947
1781185500000,698.95,705.55,698.29,702.755
1781186400000,702.679,706.39,701.12,701.415
1781187300000,701.39,703.43,699.26,702.113
1781188200000,702.131,703.79,700.42,700.83
1781189100000,701.01,701.33,695.8,696.678
1781190000000,696.687,700.25,695.06,699.614
1781190900000,699.607,701.81,699.2,699.33
1781191800000,699.33,703.01,699.04,700.691
1781192700000,700.785,702.12,699.89,701.851
1781193600000,701.78,704.43,701.03,703.961
1781194500000,704.07,704.57,701.37,701.478
1781195400000,701.44,704.29,700.97,702.421
1781196300000,702.418,702.8,699.56,699.66
1781197200000,699.6,700.51,698.3,699.083
1781198100000,703.1,707.45,702.7,707.25
1781199000000,707.27,712.46,707.047,712.03
1781199900000,712.116,712.48,708.19,710.39
1781200800000,710.375,711.34,706.98,709.509
1781201700000,709.6,711.58,708.93,709.695
1781202600000,709.717,711,709.47,710.695
1781203500000,710.66,712.74,710.46,711.723
1781204400000,711.78,714.195,710.91,713.809
1781205300000,714.02,716,713.83,715.525
1781206200000,715.59,718.34,715.518,717.307
1781207100000,717.08,717.18,716.4,716.64
1781208000000,716.624,717.823,715.646,717.805
1781208900000,717.803,717.937,716.51,716.856
1781209800000,716.856,717.059,715.43,715.45
1781210700000,715.447,716.042,715.34,716.042
1781211600000,716.031,716.489,715.975,716.425
1781212500000,716.425,716.61,716.325,716.58
1781213400000,716.577,716.784,716.268,716.51
1781214300000,716.512,716.714,716.479,716.57
1781215200000,716.54,718.01,716.341,718.001
1781216100000,718.009,718.482,717.799,718.202
1781217000000,718.207,718.79,717.988,718.67
1781217900000,718.669,719.417,718.668,718.88
1781218800000,718.878,718.979,718.152,718.518
1781219700000,718.52,718.885,717.547,718.09
1781220600000,718.081,719.116,718.064,719.101
1781221500000,719.103,719.74,719.071,719.379
1781222400000,719.13,720.18,718.5,719.85
1781223300000,719.61,720.63,718.81,720.31
1781224200000,720.4,721.26,719.85,719.96
1781225100000,719.94,720.5,719.35,719.84
1781226000000,719.76,719.86,718.54,719.34
1781226900000,719.3,719.56,717.04,717.39
1781227800000,717.36,718.22,716.97,717.69
1781228700000,717.52,719.08,717.5,718.97
1781229600000,719.05,719.71,719,719.41
1781230500000,719.31,719.42,718.01,718.01
1781231400000,718.07,718.81,717.81,718.8
1781232300000,718.95,719.45,718.81,719.29
1781233200000,719.2,719.2,717.99,718.28
1781234100000,718.31,718.39,717.55,718.34
1781235000000,718.31,718.94,718.16,718.48
1781235900000,718.33,718.68,717.81,718.41
1781236800000,718.29,718.29,717.52,718.2
1781237700000,718.16,718.64,717.51,718.62
1781238600000,718.54,718.82,718.3,718.63
1781239500000,718.79,718.88,718.55,718.88
1781240400000,718.84,719.09,717.89,718.42
1781241300000,718.27,718.79,718.09,718.6
1781242200000,718.55,718.55,716.74,717.22
1781243100000,717.28,717.35,714.83,715.19
1781244000000,715.4,717.03,715.11,716.84
1781244900000,716.77,716.77,715.72,715.99
1781245800000,715.82,715.82,714.64,714.85
1781246700000,714.89,715.14,713.68,714.33
1781247600000,714.35,714.53,712.14,712.15
1781248500000,712.28,713.41,711.96,712.72
1781249400000,712.67,714.91,712.5,714.71
1781250300000,714.76,716.6,714.39,715.87
1781251200000,718.85,718.85,715.68,716.916
1781252100000,716.91,719.223,716.563,718.343
1781253000000,718.362,718.63,716.66,716.941
1781253900000,716.942,718.052,716.45,717.248
1781254800000,717.245,718.821,717.245,718.821
1781255700000,718.92,720.537,718.66,720.512
1781256600000,720.501,721.62,719.988,721.095
1781257500000,721.097,721.611,720.455,720.754
1781258400000,720.755,721.513,720.299,720.614
1781259300000,720.638,720.756,718.217,718.588
1781260200000,718.577,719.46,718.512,719.249
1781261100000,719.25,719.451,718.589,718.944
1781262000000,718.957,720.052,718.957,719.973
1781262900000,719.974,721.37,719.974,721.005
1781263800000,720.997,721.285,720.152,721.285
1781264700000,721.281,721.611,720.606,721.097
1781265600000,721.096,721.213,719.883,719.969
1781266500000,719.968,720.141,718.5,718.647
1781267400000,718.635,718.88,717.02,717.192
1781268300000,717.191,717.38,715.07,715.639
1781269200000,715.636,716.69,714.37,716.598
1781270100000,716.617,717.61,716.228,717.372
1781271000000,717.57,717.68,712.01,712.47
1781271900000,712.55,715.51,711.32,714.259
1781272800000,714.51,720.1,714.11,718.904
1781273700000,718.81,720.82,717.46,718.236
1781274600000,718.01,720.29,715.58,715.65
1781275500000,715.642,721.24,714.21,721.036
1781276400000,721.053,722.81,720.18,722.374
1781277300000,722.402,724,721.78,723.623
1781278200000,723.629,723.75,719.23,719.467
1781279100000,719.45,720.74,715.59,716.074
1781280000000,716.087,721.4,715.63,720.09
1781280900000,720.104,721.77,718.96,720.02
1781281800000,720.017,721.07,719.63,720.066
1781282700000,720.075,722.13,719.95,721.92
1781283600000,721.63,722.78,721.63,722.61
1781284500000,722.66,723.65,722.4,723.03
1781285400000,723.166,723.23,722.13,722.55
1781286300000,722.575,723.15,721.3,722.127
1781287200000,722.16,722.7,720.78,721.408
1781288100000,721.31,721.815,720.37,721.733
1781289000000,721.73,723.02,721.67,722.761
1781289900000,722.78,722.81,721.13,721.201
1781290800000,721.14,722.76,721.13,721.668
1781291700000,721.664,722.36,721.18,721.545
1781292600000,721.46,722,719.62,721.013
1781293500000,721.004,722.07,720.39,721.32
1781294400000,721.535,722.9,721.19,722.858
1781295300000,722.859,723.194,722.18,722.196
1781296200000,722.195,722.55,721.936,722.002
1781297100000,722,722.22,721.75,721.941
1781298000000,721.942,722.139,721.809,722.125
1781298900000,722.125,722.125,722.025,722.05
1781299800000,722.05,722.285,722.05,722.16
1781300700000,722.16,722.25,722.01,722.15
1781301600000,722.15,722.205,722.1,722.1
1781302500000,722.1,722.2,722.071,722.14
1781303400000,722.139,722.185,722.004,722.18
1781304300000,722.18,722.49,722.155,722.482
1781305200000,722.493,722.931,722.46,722.844
1781306100000,722.845,722.913,722.82,722.9
1781307000000,722.9,723.067,722.87,723.044
1781307900000,723.047,723.25,722.936,723.131
1781308800000,723.129,723.129,723.127,723.127
1781481600000,731.16,733.95,730.01,733.7
1781482500000,733.74,734.1,733.16,733.86
1781483400000,733.73,733.87,733.12,733.3
1781484300000,733.33,733.68,733.1,733.34
1781485200000,733.35,734.13,733.04,733.91
1781486100000,733.93,734.13,733.35,733.81
1781487000000,733.79,734.46,733.49,734.42
1781487900000,734.4,734.45,733.75,733.98
1781488800000,734,734.55,733.97,734.47
1781489700000,734.47,734.99,734.36,734.95
1781490600000,735,735.08,734.55,734.66
1781491500000,734.64,735.01,734.64,734.85
1781492400000,734.89,734.92,734.48,734.84
1781493300000,734.87,735.23,734.84,735
1781494200000,734.95,735.26,734.64,734.82
1781495100000,734.69,734.82,734.4,734.53
1781496000000,734.54,734.69,734.13,734.4
1781496900000,734.43,735.21,734.41,735.18
1781497800000,735.08,735.53,735.02,735.41
1781498700000,735.43,735.61,735.17,735.57
1781499600000,735.57,735.85,735.4,735.81
1781500500000,735.8,735.94,735.52,735.69
1781501400000,735.68,735.82,734.96,735.5
1781502300000,735.49,735.75,735.03,735.75
1781503200000,735.65,735.91,735.52,735.71
1781504100000,735.64,736.27,735.3,735.9
1781505000000,735.9,736.24,735.36,736.05
1781505900000,736.16,736.25,735.73,736.11
1781506800000,736.05,736.31,735.37,735.66
1781507700000,735.77,736.39,735.77,736.21
1781508600000,735.92,736.54,735.78,736.18
1781509500000,736.2,736.5,735.8,735.91
1781510400000,725.259,736.857,725.259,736.744
1781511300000,736.748,737.364,736.405,737.264
1781512200000,737.265,737.618,737.2,737.491
1781513100000,737.489,737.87,736.905,736.962
1781514000000,736.963,737.263,736.585,736.731
1781514900000,736.729,736.729,735.674,735.731
1781515800000,735.738,735.794,735.325,735.443
1781516700000,735.428,736.142,735.123,736.102
1781517600000,736.084,736.333,735.851,736.333
1781518500000,736.333,736.48,735.848,736.478
1781519400000,736.475,736.475,735.611,735.963
1781520300000,735.967,736.426,735.967,736.3
1781521200000,736.29,737.2,736.05,737.077
1781522100000,737.084,737.568,737.084,737.559
1781523000000,737.562,737.729,736.695,736.697
1781523900000,736.701,737.613,736.623,737.305
1781524800000,737.285,737.619,736.97,737.189
1781525700000,737.184,737.276,736.27,736.465
1781526600000,736.472,736.79,736.1,736.219
1781527500000,736.212,736.9,735.82,736.77
1781528400000,736.779,737.22,736.442,737.207
1781529300000,737.218,738.176,737.106,738.12
1781530200000,738.09,740.37,737.37,739.7
1781531100000,739.766,742.01,739.51,739.68
1781532000000,739.6,741.13,739.24,740.28
1781532900000,740.289,741.09,738.985,741
1781533800000,741.012,741.27,739.71,740.017
1781534700000,740.022,741.88,739.91,741.364
1781535600000,741.381,742.73,741.381,742.504
1781536500000,742.505,743.29,742.09,743.182
1781537400000,743.176,743.35,742.15,742.917
1781538300000,742.921,744.145,742.92,743.977
1781539200000,743.98,744.53,743.68,744.197
1781540100000,744.199,744.72,743.73,744.522
1781541000000,744.514,744.76,743.53,744.013
1781541900000,744.002,744.002,743.28,743.671
1781542800000,743.677,744.045,742.87,743.394
1781543700000,743.383,744.19,743.225,744.009
1781544600000,744.007,744.22,743.58,743.853
1781545500000,743.853,744.04,743.35,743.439
1781546400000,743.443,743.71,742.835,743.637
1781547300000,743.645,743.875,742.98,743.038
1781548200000,743.036,744.08,742.66,743.99
1781549100000,744.017,744.24,743.395,743.448
1781550000000,743.52,743.76,743.075,743.431
1781550900000,743.429,743.676,742.82,742.82
1781551800000,742.8,743.61,742.58,743.35
1781552700000,743.355,743.89,742.44,743.77
1781553600000,743.67,744.17,743.441,743.707
1781554500000,743.71,743.779,743.122,743.202
1781555400000,743.201,743.403,742.75,742.828
1781556300000,742.829,743.031,742.69,742.943
1781557200000,742.944,743.04,742.858,742.979
1781558100000,742.977,743.05,742.95,743.014
1781559000000,743.014,743.318,743.014,743.318
1781559900000,743.319,743.375,743.201,743.34
1781560800000,743.2,743.577,741.61,741.989
1781561700000,741.989,742.032,741.18,741.706
1781562600000,741.704,741.906,741.457,741.612
1781563500000,741.613,742.38,741.512,742.252
1781564400000,742.254,742.379,742.01,742.21
1781565300000,742.207,742.772,741.99,742.738
1781566200000,742.731,742.731,742.3,742.565
1781567100000,742.567,743.104,742.371,742.938
1781568000000,742.932,743.29,742.09,742.99
1781568900000,742.98,743.19,742.19,742.83
1781569800000,742.89,743.41,742.29,742.38
1781570700000,742.29,742.5,741.33,741.51
1781571600000,741.52,742.01,741.02,741.43
1781572500000,741.5,741.99,741.35,741.79
1781573400000,741.78,742.03,741.5,741.84
1781574300000,741.81,742.19,741.34,741.74
1781575200000,741.74,742.09,741.32,741.58
1781576100000,741.56,741.86,741.55,741.58
1781577000000,741.62,742.21,741.56,742.04
1781577900000,742,742.1,741.44,741.71
1781578800000,741.71,742.06,741.58,741.65
1781579700000,741.65,742.65,741.65,742.4
1781580600000,742.45,743.43,742.45,743.21
1781581500000,743.2,743.21,742.63,742.82
1781582400000,742.81,742.94,742.63,742.81
1781583300000,742.88,742.95,742.37,742.67
1781584200000,742.68,742.85,742.5,742.5
1781585100000,742.5,742.58,741.98,742.49
1781586000000,742.52,743.13,742.52,742.91
1781586900000,742.99,743.21,742.88,742.93
1781587800000,742.92,743,742.1,742.31
1781588700000,742.31,742.67,742.11,742.19
1781589600000,742.26,742.96,742.1,742.73
1781590500000,742.8,742.87,742.41,742.87
1781591400000,742.88,742.97,742.51,742.51
1781592300000,742.54,742.94,742.4,742.83
1781593200000,742.93,743.21,742.48,742.65
1781594100000,742.6,743.17,742.55,743.08
1781595000000,743.05,743.16,742.35,742.38
1781595900000,742.38,743.11,742.34,743.08
1781596800000,742.93,744.18,742.858,743.757
1781597700000,743.754,744.558,743.746,744.558
1781598600000,744.564,744.68,743.723,744.214
1781599500000,744.221,745.59,743.888,745.225
1781600400000,745.226,745.273,744.916,745.061
1781601300000,745.058,745.072,744.134,744.146
1781602200000,744.151,744.703,743.846,744.052
1781603100000,744.058,744.209,743.681,743.802
1781604000000,743.804,744.459,743.804,744.459
1781604900000,744.463,744.866,744.206,744.693
1781605800000,744.692,745.25,744.461,745.06
1781606700000,745.106,745.323,744.835,745.293
1781607600000,745.25,745.991,745.07,745.91
1781608500000,745.907,746.245,745.432,745.713
1781609400000,745.714,745.89,745.23,745.827
1781610300000,745.824,745.94,745.445,745.49
1781611200000,745.443,745.712,745.04,745.058
1781612100000,745.055,745.055,743.086,743.53
1781613000000,743.538,743.712,742.59,742.766
1781613900000,742.769,743.162,742.6,742.732
1781614800000,742.725,742.814,741.675,742.482
1781615700000,742.486,743.06,742.274,742.358
1781616600000,742.29,743.5,740.85,742.485
1781617500000,742.447,744.22,742,742.249
1781618400000,742.265,743.32,741.91,742.368
1781619300000,742.379,742.53,738.92,739.1
1781620200000,739.09,739.95,736.95,739.184
1781621100000,739.172,739.172,736.31,737.049
1781622000000,737.066,738.71,737.01,737.659
1781622900000,737.67,738.32,734.73,735.629
1781623800000,735.7,736.59,733.93,734.099
1781624700000,734.12,735.42,732.59,734.113
1781625600000,734.03,736.37,733.93,735.746
1781626500000,735.727,736.5,735.17,735.69
1781627400000,735.675,735.78,733.43,734.707
1781628300000,734.75,735.275,733.57,734.541
1781629200000,734.66,734.66,733.65,734.221
1781630100000,734.212,734.395,732.97,733.733
1781631000000,733.708,733.825,732.27,733.332
1781631900000,733.323,735.045,733,734.06
1781632800000,734.053,734.47,733.91,733.985
1781633700000,734,734.2,733.3,733.886
1781634600000,733.905,733.934,732.83,733.666
1781635500000,733.667,733.815,732.78,733.144
1781636400000,733.16,733.99,731.9,732.12
1781637300000,732.13,733.28,730.69,733.14
1781638200000,733.145,733.54,731.36,732.426
1781639100000,730.67,730.98,729.64,729.8
1781640000000,729.887,730.277,729.47,729.858
1781640900000,729.854,729.89,729.063,729.701
1781641800000,729.699,729.956,729.48,729.93
1781642700000,729.931,730.06,729.633,729.754
1781643600000,729.76,730.539,729.76,730.361
1781644500000,730.36,730.661,730.351,730.623
1781645400000,730.624,730.882,730.607,730.755
1781646300000,730.755,730.794,730.518,730.634
1781647200000,730.19,731.4,730.19,731.215
1781648100000,731.216,731.48,730.87,731.36
1781649000000,731.358,731.626,730.86,731.12
1781649900000,731.139,731.834,731.042,731.645
1781650800000,731.647,731.649,730.508,731.014
1781651700000,731.011,731.036,730.463,730.567
1781652600000,730.568,731.014,730.36,730.557
1781653500000,730.555,730.853,730.106,730.45
1781654400000,730.451,731.79,730.451,731.27
1781655300000,731.37,731.89,731.24,731.78
1781656200000,731.78,732.3,731.68,732.01
1781657100000,731.94,732.03,731.52,731.9
1781658000000,731.82,732.45,731.54,732.36
1781658900000,732.31,732.78,732.03,732.68
1781659800000,732.68,733.2,732.57,732.79
1781660700000,732.99,733.46,732.98,733.41
1781661600000,733.41,733.62,733.19,733.58
1781662500000,733.54,733.81,733.32,733.51
1781663400000,733.52,733.52,733.17,733.38
1781664300000,733.46,733.49,733.09,733.27
1781665200000,733.29,733.51,733.07,733.07
1781666100000,733.03,733.09,732.7,733.08
1781667000000,733.03,733.8,733,733.61
1781667900000,733.68,733.92,733.61,733.92
1781668800000,733.89,733.99,733.7,733.74
1781669700000,733.83,734.24,733.81,734.09
1781670600000,734.11,734.11,733.5,733.54
1781671500000,733.69,734.33,733.69,734.27
1781672400000,734.31,734.69,734.24,734.29
1781673300000,734.27,734.77,734.22,734.45
1781674200000,734.45,735.15,734.45,734.93
1781675100000,734.99,735.31,734.55,734.66
1781676000000,734.77,735.16,734.51,735
1781676900000,735,735.1,734.44,734.52
1781677800000,734.44,735.47,734.38,735.42
1781678700000,735.49,735.79,735.4,735.77
1781679600000,735.79,736.55,735.7,736.54
1781680500000,736.46,736.56,735.51,735.88
1781681400000,735.85,736.43,735.83,736.15
1781682300000,736.1,736.24,735.84,736.07
1781683200000,731.388,736.634,731.388,735.593
1781684100000,735.591,735.837,735.038,735.061
1781685000000,735.068,735.206,734.189,734.34
1781685900000,734.338,734.934,733.787,734.795
1781686800000,734.808,735.164,734.41,734.701
1781687700000,734.7,734.98,734.421,734.838
1781688600000,734.852,735.139,734.221,734.512
1781689500000,734.513,734.635,733.39,733.689
1781690400000,733.68,733.68,732.795,733.432
1781691300000,733.435,734.044,733.091,733.732
1781692200000,733.734,734.282,733.482,734.282
1781693100000,734.281,734.618,733.62,733.684
1781694000000,733.681,734.17,733.22,734.118
1781694900000,734.116,734.42,733.732,733.897
1781695800000,733.896,733.924,733.124,733.161
1781696700000,733.15,733.31,732.006,732.554
1781697600000,732.572,733.795,732.572,733.703
1781698500000,733.699,734.15,733.289,733.679
1781699400000,733.679,734.993,733.679,734.743
1781700300000,734.739,734.852,734.22,734.405
1781701200000,734.398,734.427,733.822,734.155
1781702100000,734.155,735.25,734.155,735.119
1781703000000,735.2,735.28,732.165,734.979
1781703900000,735.07,735.51,730.9,730.95
1781704800000,730.8,733.28,730.385,733.208
1781705700000,733.24,735.66,733.09,734.803
1781706600000,734.825,734.825,731.56,732.951
1781707500000,733,733.66,729.6,731.26
1781708400000,731.28,732.65,730.91,732.451
1781709300000,732.447,733.52,732.15,732.549
1781710200000,732.562,733.41,732.27,732.562
1781711100000,732.571,733.61,732.571,733.443
1781712000000,733.442,733.93,732.84,733.26
1781712900000,733.261,733.881,732.95,733.661
1781713800000,733.665,733.93,732.75,732.996
1781714700000,732.994,732.994,732.16,732.417
1781715600000,732.428,732.444,730.52,731.874
1781716500000,731.855,732.95,731.195,732.8
1781717400000,732.796,732.87,731.94,732.254
1781718300000,732.255,733.94,732.075,733.94
1781719200000,733.827,733.835,724.63,729.147
1781720100000,729.138,731.03,727.2,728.75
1781721000000,728.645,735.34,727.89,735.049
1781721900000,735.048,735.048,728.23,729.557
1781722800000,729.548,731.56,727.87,731.224
1781723700000,731.233,731.38,725.245,725.888
1781724600000,725.78,726.47,721.2,721.672
1781725500000,722.36,722.83,722.18,722.44
1781726400000,722.65,724.7,722.65,723.37
1781727300000,723.36,725.8,723.129,725.56
1781728200000,725.562,726.38,725.37,725.825
1781729100000,725.818,725.98,725.286,725.909
1781730000000,725.917,726.455,725.91,726.015
1781730900000,726.015,726.04,725.705,725.82
1781731800000,725.82,726.151,725.766,725.895
1781732700000,725.898,726.3,725.898,726.26
1781733600000,726.251,727.51,724.98,727.133
1781734500000,727.127,728.655,726.98,728.081
1781735400000,728.081,728.515,727.938,728.128
1781736300000,728.128,728.758,728.128,728.258
1781737200000,728.263,728.832,728.085,728.832
1781738100000,728.834,729.692,728.802,729.522
1781739000000,729.52,729.708,729.01,729.049
1781739900000,729.05,729.875,729.05,729.875
1781740800000,729.89,732.99,729.45,732.66
1781741700000,732.67,733.01,731.09,731.88
1781742600000,731.87,732.69,731.87,732.65
1781743500000,732.35,732.65,731.48,731.59
1781744400000,731.58,733.41,731.57,733.08
1781745300000,733.15,733.21,732.44,732.58
1781746200000,732.79,733.06,732.3,732.53
1781747100000,732.34,732.51,731.72,732.04
1781748000000,731.79,733.11,731.76,732.88
1781748900000,732.89,732.99,732.28,732.35
1781749800000,732.5,732.8,732.13,732.65
1781750700000,732.77,732.82,732.41,732.54
1781751600000,732.55,732.77,731.99,732.05
1781752500000,732.11,732.76,732.01,732.61
1781753400000,732.58,732.88,731.8,731.93
1781754300000,732.01,732.67,732.01,732.58
1781755200000,732.42,732.67,731.38,731.38
1781756100000,731.39,731.77,730.7,730.94
1781757000000,730.79,730.95,730.02,730.02
1781757900000,730,731.31,729.82,731.04
1781758800000,731.19,731.59,730.77,731.16
1781759700000,731.1,731.92,731.1,731.7
1781760600000,731.67,732,731.03,731.39
1781761500000,731.41,731.58,731.09,731.49
1781762400000,731.41,731.77,730.7,731.09
1781763300000,731.17,732.11,730.69,732.01
1781764200000,732.02,732.02,731.05,731.31
1781765100000,731.5,733.09,731.5,732.99
1781766000000,732.96,733.4,732.26,732.31
1781766900000,732.29,733.32,732.19,733.21
1781767800000,733.16,733.23,732.59,733.07
1781768700000,733.07,733.67,732.86,733.67
1781769600000,730.568,734.904,730.568,734.492
1781770500000,734.504,734.591,733.186,733.341
1781771400000,733.341,734.225,733.11,733.873
1781772300000,733.874,733.94,732.441,732.599
1781773200000,732.599,733.459,732.428,733.292
1781774100000,733.302,733.789,733.293,733.511
1781775000000,733.508,734.15,733.33,734.08
1781775900000,734.077,734.853,734.075,734.708
1781776800000,734.717,734.762,734.132,734.606
1781777700000,734.609,734.842,734.287,734.387
1781778600000,734.386,734.627,733.309,733.309
1781779500000,733.304,733.585,733.197,733.384
1781780400000,733.39,733.93,732.257,732.752
1781781300000,732.755,732.85,731.88,732.684
1781782200000,732.688,733.04,731.65,732.442
1781783100000,732.441,733.146,732.303,733.141
1781784000000,733.152,733.46,732.55,733.393
1781784900000,733.391,734.33,733.117,734.147
1781785800000,734.13,734.72,734.003,734.399
1781786700000,734.398,735.74,734.377,735.271
1781787600000,735.268,735.432,734.19,735.299
1781788500000,735.299,737.47,735.299,737.29
1781789400000,736.96,737.64,732.59,732.712
1781790300000,732.69,735.91,732.69,734.19
1781791200000,734.31,737.23,733.96,735.569
1781792100000,735.61,738.44,735.09,735.443
1781793000000,735.449,737.62,734.22,736.795
1781793900000,736.783,738.81,736.75,737.949
1781794800000,737.9,739.12,737.04,738.146
1781795700000,738.135,738.49,736.67,736.795
1781796600000,736.98,737.71,735,735.899
1781797500000,735.894,738.56,734.95,738.29
1781798400000,738.31,739,738.02,738.51
1781799300000,738.519,739.45,738.01,739.26
1781800200000,739.27,739.85,738.81,739.451
1781801100000,739.456,739.57,738.54,739.195
1781802000000,739.22,740.21,738.74,740.007
1781802900000,740.006,740.55,739.59,739.97
1781803800000,739.944,740.61,739.944,740.454
1781804700000,740.437,740.56,739.87,739.94
1781805600000,739.99,740.21,739.62,739.775
1781806500000,739.767,739.92,739.31,739.62
1781807400000,739.62,739.62,738.97,739.116
1781808300000,739.122,740.15,739.06,739.506
1781809200000,739.504,739.66,738.42,738.584
1781810100000,738.59,739.72,738.566,739.497
1781811000000,739.45,740.93,738.74,740.889
1781811900000,741.22,741.45,739.68,739.68
1781812800000,740.056,740.332,739.58,740.149
1781813700000,740.145,740.728,739.951,740.491
1781814600000,740.492,740.894,740.151,740.224
1781815500000,740.225,740.364,739.963,740.256
1781816400000,740.252,740.855,740.231,740.85
1781817300000,740.846,741.115,740.761,741.11
1781818200000,741.111,741.304,741.052,741.19
1781819100000,741.19,741.253,741.05,741.176
1781820000000,741.168,741.443,740.227,740.494
1781820900000,740.495,740.495,739.366,739.562
1781821800000,739.569,739.587,738.838,739.052
1781822700000,739.051,739.477,738.835,739.085
1781823600000,739.084,739.621,739.01,739.275
1781824500000,739.271,739.838,739.241,739.572
1781825400000,739.571,739.837,739.361,739.589
1781826300000,739.587,739.959,739.532,739.817
1781827200000,739.814,739.814,739.802,739.802
1782086400000,738.31,738.31,730.75,734.24
1782087300000,734.23,735.94,733.77,735.94
1782088200000,735.93,736.25,735.64,736.23
1782089100000,736.23,737.45,736.23,737.26
1782090000000,737.25,738.07,737.08,737.46
1782090900000,737.51,738.39,737.31,738.09
1782091800000,738.04,738.21,737.57,737.97
1782092700000,738.11,738.11,736.98,736.98
1782093600000,737.15,737.39,736.65,736.72
1782094500000,736.63,737.3,736.54,736.54
1782095400000,736.5,736.76,736.43,736.65
1782096300000,736.69,736.76,736.28,736.39
1782097200000,736.46,736.46,735.54,735.54
1782098100000,735.73,736.97,735.73,736.81
1782099000000,736.87,737.15,736.65,736.76
1782099900000,736.82,737.09,735.54,735.83
1782100800000,735.76,736.42,735.61,735.91
1782101700000,735.87,736.19,735.49,735.5
1782102600000,735.54,735.91,735,735.11
1782103500000,735.21,736.53,735.1,736.47
1782104400000,736.39,738.21,736.12,738.01
1782105300000,738.03,738.24,737.76,738.15
1782106200000,738.17,738.17,737.42,737.61
1782107100000,737.62,737.96,737.45,737.7
1782108000000,737.82,738.75,737.65,738.65
1782108900000,738.67,739.99,738.59,739.84
1782109800000,739.66,739.89,739.24,739.81
1782110700000,739.72,740.14,739.59,740
1782111600000,740.11,740.93,739.97,740.67
1782112500000,740.66,741.02,740.49,740.88
1782113400000,740.79,741,740.24,740.34
1782114300000,740.27,740.72,740.26,740.38
1782115200000,739.947,740.599,739.085,739.678
1782116100000,739.683,739.779,738.849,739.062
1782117000000,739.071,740.03,738.955,739.961
1782117900000,739.969,740.062,739.409,739.83
1782118800000,739.828,740.383,739.363,740.074
1782119700000,740.085,740.153,739.737,739.865
1782120600000,739.868,739.872,739.235,739.288
1782121500000,739.284,739.44,739.13,739.13
1782122400000,739.126,740.632,739.114,740.377
1782123300000,740.378,740.524,739.945,740.067
1782124200000,740.068,740.068,739.182,739.539
1782125100000,739.536,739.883,739.496,739.619
1782126000000,739.629,742.06,739.469,739.805
1782126900000,739.803,740.29,739.68,740.032
1782127800000,740.047,740.756,739.92,740.25
1782128700000,740.248,740.501,739.83,740.43
1782129600000,740.428,741.13,740.389,741.041
1782130500000,741.039,742.081,740.838,742.07
1782131400000,742.071,742.516,741.672,741.676
1782132300000,741.675,741.934,741.466,741.588
1782133200000,741.619,743.061,741.619,742.849
1782134100000,742.858,743.121,741.871,741.953
1782135000000,742.075,744.41,740.49,741.17
1782135900000,741.2,744.68,741.185,744.68
1782136800000,744.587,745.4,743.85,744.116
1782137700000,744.108,744.108,740.23,740.506
1782138600000,740.517,740.527,737.15,737.361
1782139500000,737.3,738.64,735.37,737.653
1782140400000,737.72,738.55,736.81,737.297
1782141300000,737.315,738.01,736.32,736.615
1782142200000,736.71,738.415,736.28,737.985
1782143100000,737.978,738.467,735.37,735.699
1782144000000,735.704,736.42,734.42,736.26
1782144900000,736.261,737.06,735.57,736.415
1782145800000,736.46,736.46,734.92,735.371
1782146700000,735.369,736.82,734.86,736.457
1782147600000,736.458,736.735,735.21,735.838
1782148500000,735.86,737,735.86,736.69
1782149400000,736.65,736.86,735.77,736.32
1782150300000,736.333,737.96,736.16,737.157
1782151200000,737.157,737.66,736.84,737.384
1782152100000,737.391,738.27,737.21,737.431
1782153000000,737.437,737.864,736.33,736.356
1782153900000,736.36,736.89,735.58,735.672
1782154800000,735.78,736.605,735.21,736.064
1782155700000,736.066,736.31,735.45,735.539
1782156600000,735.534,736.56,735.534,735.81
1782157500000,737.72,738.5,737.68,738.02
1782158400000,738.141,738.542,737.69,738.003
1782159300000,737.998,738.46,737.8,737.834
1782160200000,737.836,738.11,737.836,738.073
1782161100000,738.072,738.392,737.913,738.208
1782162000000,738.201,738.204,737.841,737.93
1782162900000,737.93,738.073,737.87,738.055
1782163800000,738.055,738.055,737.946,737.971
1782164700000,737.967,738.12,737.956,738.048
1782165600000,738.041,739.03,737.881,738.212
1782166500000,738.215,738.424,737.675,737.707
1782167400000,737.706,737.706,736.061,736.072
1782168300000,736.073,736.503,736.01,736.271
1782169200000,736.268,736.348,735.695,735.758
1782170100000,735.75,736.006,735.437,735.97
1782171000000,735.968,736.105,735.748,736.001
1782171900000,736.01,736.13,735.334,736.125
1782172800000,736.38,736.79,734.91,734.91
1782173700000,735.28,735.48,733.52,734.16
1782174600000,734.32,736.88,734,736.88
1782175500000,736.93,737.6,736.48,736.79
1782176400000,736.88,737.16,736.4,736.5
1782177300000,736.4,736.61,735.69,736.04
1782178200000,736.13,736.13,733.6,733.73
1782179100000,733.65,733.9,732.22,733.49
1782180000000,733.5,733.69,732.02,732.87
1782180900000,732.99,733.53,732.74,733.25
1782181800000,733.31,733.32,732.59,732.76
1782182700000,732.86,732.87,731.85,732.14
1782183600000,732.18,732.21,731.01,731.33
1782184500000,731.15,731.46,730.86,731.27
1782185400000,731.1,731.1,729.63,730.37
1782186300000,730.37,732.01,729.91,731.98
1782187200000,732.01,732.31,730.53,730.96
1782188100000,730.81,730.81,729.79,730.39
1782189000000,730.34,730.34,729.31,729.5
1782189900000,729.56,729.61,727.96,728.15
1782190800000,728.2,728.88,727.87,727.94
1782191700000,727.89,728.16,726.69,726.82
1782192600000,726.8,726.84,725.28,726.23
1782193500000,726.19,726.35,724.59,724.88
1782194400000,724.89,725.57,723.99,724.45
1782195300000,724.45,724.85,722.47,722.85
1782196200000,722.78,723.58,721.88,722.44
1782197100000,722.33,723.14,721.23,721.61
1782198000000,721.91,723.72,721.06,723.56
1782198900000,723.48,723.56,721.97,722.58
1782199800000,722.53,722.59,720.95,721.13
1782200700000,721.21,721.66,719.73,720.16
1782201600000,733.491,733.491,718.24,718.869
1782202500000,718.865,718.92,717.157,717.604
1782203400000,717.605,719.376,717.605,718.908
1782204300000,718.905,718.905,717.231,718.18
1782205200000,718.185,720.158,718.185,720.054
1782206100000,720.051,720.833,719.6,720.39
1782207000000,720.398,720.432,719.202,719.202
1782207900000,719.208,719.839,719.077,719.651
1782208800000,719.54,720.429,718.98,719.171
1782209700000,719.173,719.534,718.099,718.26
1782210600000,718.246,718.246,716.59,717.352
1782211500000,717.33,718.242,717.241,718.112
1782212400000,718.24,718.901,717.5,718.897
1782213300000,718.895,719.2,717.894,717.956
1782214200000,717.96,719.446,717.805,719.394
1782215100000,719.389,719.77,718.933,719.574
1782216000000,719.5,720.18,718.18,718.374
1782216900000,718.367,718.367,716.48,717.14
1782217800000,717.141,717.488,715.63,716.36
1782218700000,716.449,716.83,715.821,716.191
1782219600000,716.205,716.375,715.258,716.189
1782220500000,716.191,716.598,714.8,715.633
1782221400000,715.66,717.79,713.32,716.62
1782222300000,716.57,720.89,715.92,720.74
1782223200000,720.74,722.755,720.64,722.501
1782224100000,722.5,723.54,721,721.876
1782225000000,721.909,722.32,719.29,719.475
1782225900000,719.501,720.63,717.97,718.733
1782226800000,718.772,719.625,716.77,717.323
1782227700000,717.33,717.6,715.41,715.731
1782228600000,715.738,717.26,715.1,715.969
1782229500000,715.972,717.933,715.67,717.549
1782230400000,717.546,720.27,717.39,720.046
1782231300000,720.054,720.25,718.35,719.489
1782232200000,719.48,719.98,718.52,719.923
1782233100000,719.97,719.983,718.305,719.076
1782234000000,719.06,719.38,717.37,718.745
1782234900000,718.743,719.71,718.01,719.128
1782235800000,719.128,719.785,718.14,718.26
1782236700000,718.301,718.52,715.89,715.941
1782237600000,715.937,716.97,715.38,716.198
1782238500000,716.201,716.61,715.56,715.937
1782239400000,715.918,715.98,713.36,713.367
1782240300000,713.35,714.02,712.13,713.387
1782241200000,713.393,716.32,713.07,714.396
1782242100000,714.3,715.77,713.02,715.309
1782243000000,715.304,715.99,714.35,714.836
1782243900000,714.845,715.675,713.53,713.62
1782244800000,713.866,715.75,713.35,715.2
1782245700000,715.189,715.929,714.87,715.754
1782246600000,715.752,716.005,715.336,715.606
1782247500000,715.605,716.16,715.24,715.94
1782248400000,715.947,716.165,715.82,715.875
1782249300000,715.882,716.185,715.882,716.183
1782250200000,716.186,716.479,716.155,716.381
1782251100000,716.382,716.841,716.382,716.715
1782252000000,716.697,717.28,716.101,716.918
1782252900000,716.917,717.284,715.029,715.103
1782253800000,715.096,715.575,713.492,713.554
1782254700000,713.555,714.61,713.49,714.455
1782255600000,714.453,714.481,712.333,713.794
1782256500000,713.791,714.733,713.773,714.511
1782257400000,714.507,714.561,713.079,713.84
1782258300000,713.843,716.359,713.843,715.995
1782259200000,717.25,718.66,714.04,717.86
1782260100000,718.14,718.81,717.69,718.65
1782261000000,718.69,719.65,718.45,719.4
1782261900000,719.36,719.59,717.9,718.41
1782262800000,718.57,718.57,717.02,717.89
1782263700000,717.86,718.1,716.59,717.57
1782264600000,717.99,718.52,717.73,718.1
1782265500000,718.32,718.65,717.66,718.13
1782266400000,717.98,718.34,717.49,717.95
1782267300000,717.74,717.74,716.65,717.39
1782268200000,717.5,717.66,715.49,715.59
1782269100000,715.64,715.64,713.51,713.62
1782270000000,713.61,715.83,713.1,715.8
1782270900000,715.65,716.22,714.45,716.22
1782271800000,716.17,716.89,715.97,716.25
1782272700000,715.91,716.23,715.41,716.11
1782273600000,716.1,716.1,714.46,714.81
1782274500000,714.9,715.02,713.99,714.24
1782275400000,714.38,716.65,714.38,716.38
1782276300000,716.34,717.2,716.34,717.2
1782277200000,717.34,718.25,717.04,717.86
1782278100000,717.73,718.94,717.67,718.33
1782279000000,718.44,719.44,718.39,718.54
1782279900000,718.5,718.81,717.8,717.96
1782280800000,717.98,718.68,717.46,718.53
1782281700000,718.56,718.56,717.53,717.68
1782282600000,717.8,719.03,717.8,718.36
1782283500000,718.17,718.35,717.96,717.99
1782284400000,718.17,718.38,717.19,717.8
1782285300000,717.67,718.1,717.27,717.34
1782286200000,717.43,717.88,716.69,717.88
1782287100000,717.84,718.27,716.65,716.82
1782288000000,716.186,718.87,716.186,718.87
1782288900000,718.877,719.005,717.975,718.385
1782289800000,718.395,719.088,718.058,718.486
1782290700000,718.484,718.484,717.687,718.032
1782291600000,718.033,718.539,717.409,718.458
1782292500000,718.456,718.466,717.425,717.672
1782293400000,717.682,717.791,716.774,716.822
1782294300000,716.808,717.82,716.529,717.749
1782295200000,717.749,717.75,716.964,717.75
1782296100000,717.752,718.02,717.48,717.906
1782297000000,717.918,718.711,717.9,718.396
1782297900000,718.39,718.39,717.268,717.371
1782298800000,717.359,718.1,716.69,716.69
1782299700000,716.686,716.776,715.99,716.471
1782300600000,716.473,718.02,716.44,717.877
1782301500000,717.878,719.004,717.624,718.94
1782302400000,718.944,719.001,718.19,718.666
1782303300000,718.657,719.22,718.126,718.805
1782304200000,718.799,718.981,717.22,717.387
1782305100000,717.384,717.444,716.475,716.624
1782306000000,716.647,717.17,715.168,715.209
1782306900000,715.231,716.43,715.04,715.395
1782307800000,715.11,718.41,712.79,714.227
1782308700000,714.19,717.2,711.79,714.802
1782309600000,714.88,715.66,713.45,714.103
1782310500000,714.22,715.625,710.9,715.077
1782311400000,715.09,717.12,715.09,717.071
1782312300000,717.064,719.59,717.04,719.508
1782313200000,719.64,719.92,716.27,717.084
1782314100000,717.072,717.81,715.237,717.312
1782315000000,717.33,718.01,715.375,715.847
1782315900000,715.881,717.64,714.99,716.356
1782316800000,716.351,717.45,715.72,716.72
1782317700000,716.72,717.32,715.99,716.275
1782318600000,716.273,716.273,712.87,713.618
1782319500000,713.56,714.29,712.56,712.743
1782320400000,712.749,713.997,711.2,711.366
1782321300000,711.36,711.773,707.87,708.075
1782322200000,708.073,709.23,707.01,708.1
1782323100000,708.016,709.255,706.99,707.436
1782324000000,707.5,709.18,707.324,708.73
1782324900000,708.73,711.64,708.73,711.081
1782325800000,711.093,711.41,708.35,708.829
1782326700000,708.847,708.847,705.93,706.309
1782327600000,706.349,708.05,704.51,705.57
1782328500000,705.55,707.58,704.93,707.357
1782329400000,707.37,708.85,706.81,707.462
1782330300000,709.38,710.94,709.38,710.59
1782331200000,710.671,719.41,710.305,719.319
1782332100000,719.315,722.78,718.73,722.43
1782333000000,722.416,724.404,721.32,724.395
1782333900000,724.39,725.722,724.074,724.3
1782334800000,724.31,724.523,721.385,722.196
1782335700000,722.255,724.318,722.255,724.216
1782336600000,724.232,724.272,723.39,723.451
1782337500000,723.455,724.389,723.254,723.884
1782338400000,724.25,725.86,723.626,723.945
1782339300000,723.9,724.154,723.48,723.568
1782340200000,723.569,724,723.481,723.841
1782341100000,723.845,723.92,723.326,723.384
1782342000000,723.386,724.054,723.291,723.566
1782342900000,723.571,724.403,723.515,723.993
1782343800000,723.997,725.048,723.986,724.904
1782344700000,724.906,725.308,724.18,724.469
1782345600000,726.31,726.31,723.52,724.39
1782346500000,724.57,724.59,722.97,723.17
1782347400000,723.13,723.23,720.94,721.38
1782348300000,721.37,722.07,720.76,721.32
1782349200000,721.32,722.1,721.11,721.51
1782350100000,721.59,722.02,721.11,721.39
1782351000000,721.36,722.89,721.33,722.11
1782351900000,722.09,722.95,721.98,722.25
1782352800000,722.27,722.65,720.88,721.07
1782353700000,720.91,722.04,720.45,721.91
1782354600000,721.93,722.18,721.45,721.65
1782355500000,721.66,722.23,721.44,722.2
1782356400000,722.29,722.76,722.09,722.42
1782357300000,722.41,723.12,721.87,722.85
1782358200000,722.95,723.32,722.28,722.34
1782359100000,722.41,723.26,722.33,723.01
1782360000000,723.03,723.28,722.86,722.93
1782360900000,722.99,723.25,722.6,722.72
1782361800000,722.69,723.16,722.23,723.16
1782362700000,723.16,723.7,723.02,723.14
1782363600000,723.29,723.98,723.29,723.86
1782364500000,723.88,724.52,723.77,724.51
1782365400000,724.46,725.07,724.36,724.87
1782366300000,724.76,724.8,724.26,724.37
1782367200000,724.45,725.05,724.07,725.03
1782368100000,724.89,725.38,724.85,724.88
1782369000000,724.79,725.04,724.59,724.71
1782369900000,724.73,725.02,724.59,724.71
1782370800000,724.88,725.54,724.86,725.23
1782371700000,725.32,726.62,725.31,726.38
1782372600000,726.32,726.56,725.78,726.39
1782373500000,726.46,726.58,725.92,726.58
1782374400000,724.829,727.353,724.829,726.671
1782375300000,726.662,726.662,726.001,726.273
1782376200000,726.274,726.528,725.932,725.932
1782377100000,725.927,725.927,724.82,725.088
1782378000000,725.087,725.807,724.95,725.474
1782378900000,725.475,725.754,725.049,725.474
1782379800000,725.469,725.914,725.386,725.742
1782380700000,725.74,725.92,725.288,725.319
1782381600000,725.318,726.05,725.223,725.976
1782382500000,725.983,726.204,725.636,726.084
1782383400000,726.086,726.6,725.774,725.785
1782384300000,725.794,726.351,725.561,725.938
1782385200000,726.07,726.78,725.831,725.845
1782386100000,725.84,725.923,724.823,724.935
1782387000000,724.937,725.438,724.603,725.348
1782387900000,725.341,725.75,724.95,725.284
1782388800000,725.286,726.5,725.08,725.544
1782389700000,725.544,725.758,725.01,725.253
1782390600000,725.261,728.18,725.261,726.865
1782391500000,726.851,727.58,726.76,727.025
1782392400000,727.026,727.256,725.72,726.036
1782393300000,726.053,726.42,725.419,725.98
1782394200000,725.9,726.74,716.13,716.465
1782395100000,716.52,717.7,705.31,705.82
1782396000000,705.82,714.77,705.63,711.4
1782396900000,711.41,714.51,709.68,712.449
1782397800000,712.427,715.345,711.79,712.693
1782398700000,712.694,716.75,711.77,713.451
1782399600000,713.46,716.04,710.5,710.93
1782400500000,710.88,714.18,709.23,712.746
1782401400000,712.78,715.04,712.78,714.896
1782402300000,714.896,716.31,713.93,714.059
1782403200000,714.05,718.46,713.71,718.039
1782404100000,718.046,719.12,715.9,716.547
1782405000000,716.55,716.56,713.6,713.82
1782405900000,713.743,715.42,712.31,714.581
1782406800000,714.595,716.83,714.41,716.248
1782407700000,716.248,717.68,714.45,716.55
1782408600000,716.563,717.3,715.632,715.92
1782409500000,715.882,717.49,714.65,717.276
1782410400000,717.289,717.81,714.65,716.808
1782411300000,716.8,719.59,716.18,719.27
1782412200000,719.255,719.27,715.99,717.148
1782413100000,717.144,717.564,715.11,716.71
1782414000000,716.8,716.8,714.08,714.364
1782414900000,714.344,714.95,713.23,714.685
1782415800000,714.63,714.665,713.12,714.34
1782416700000,714.74,716.4,714.65,716.325
1782417600000,716.038,720.05,716.038,717.505
1782418500000,717.513,719,717.513,717.865
1782419400000,717.863,717.922,716.82,716.87
1782420300000,716.867,716.935,716.37,716.457
1782421200000,716.454,716.65,716.342,716.5
1782422100000,716.5,716.525,716.12,716.12
1782423000000,716.12,716.297,716.033,716.033
1782423900000,716.031,716.031,715.555,715.797
1782424800000,716.03,716.388,713.264,713.757
1782425700000,713.741,714.545,713.075,713.075
1782426600000,713.072,714.191,712.95,714.12
1782427500000,714.117,714.7,713.635,714.579
1782428400000,714.566,716.031,714.385,716.031
1782429300000,716.039,719.466,715.906,719.136
1782430200000,719.131,719.175,716.543,716.543
1782431100000,716.536,716.536,714.455,714.959
1782432000000,714.98,716.96,714.98,716.51
1782432900000,716.31,716.83,714.16,715.4
1782433800000,715.55,715.55,713.96,714.54
1782434700000,714.64,715.12,713.35,713.95
1782435600000,713.9,714.62,712.1,713.75
1782436500000,713.77,714.59,713.02,713.11
1782437400000,713.29,713.29,710.71,710.71
1782438300000,710.66,711.43,709.65,710.27
1782439200000,710.44,710.53,709.16,709.41
1782440100000,709.43,709.6,707.89,708.49
1782441000000,708.42,708.78,706.47,706.73
1782441900000,706.62,706.72,704.01,704.82
1782442800000,704.84,704.89,703.7,704.56
1782443700000,704.59,704.9,703.95,704.45
1782444600000,704.4,704.5,702.36,704.5
1782445500000,704.54,707.26,704.22,707.26
1782446400000,707.33,707.49,706.32,707
1782447300000,707.09,707.64,705.21,706.26
1782448200000,706.2,706.6,705.18,705.66
1782449100000,705.67,705.73,704.54,704.82
1782450000000,704.99,706.83,704.63,706.83
1782450900000,706.88,707.54,706.03,707.3
1782451800000,707.44,708.28,705.98,706.07
1782452700000,706.09,707.14,705.71,706.26
1782453600000,706.25,706.6,705.4,706.25
1782454500000,706.3,707.99,706.22,707.9
1782455400000,707.91,709.35,707.6,709.35
1782456300000,709.3,711.29,709.28,710.5
1782457200000,710.64,710.8,708.91,710.19
1782458100000,710.17,711.41,710.01,711.32
1782459000000,711.41,711.92,710.59,710.59
1782459900000,710.67,711.45,710.38,711.23
1782460800000,711.45,714.443,709.485,709.84
1782461700000,710.32,710.683,709.512,710.3
1782462600000,710.37,710.603,709.155,709.64
1782463500000,709.181,709.192,707.277,708.02
1782464400000,707.26,708.198,707.26,707.26
1782465300000,708.25,708.272,706.78,707.64
1782466200000,707.1,709.039,707.002,708.67
1782467100000,709,709.02,707.305,709.01
1782468000000,707.39,707.894,706.133,707.58
1782468900000,707.16,707.962,706.751,707.06
1782469800000,707.24,707.706,706.667,706.79
1782470700000,707.08,707.387,706.733,706.95
1782471600000,707.23,708.656,706.98,708.1
1782472500000,707.75,708.114,707.155,707.16
1782473400000,707.33,707.998,707.19,707.32
1782474300000,707.23,707.556,705.887,706.51
1782475200000,706.962,708.908,706.681,708.618
1782476100000,708.79,709.17,707.485,707.86
1782477000000,707.88,708.125,706.2,706.22
1782477900000,706.11,706.72,705.7,706.11
1782478800000,706.01,706.118,704.556,705.26
1782479700000,705.09,706.976,703.85,706.89
1782480600000,707.17,707.37,702.88,706.7
1782481500000,706.71,709.61,704.23,709.14
1782482400000,709.18,712.86,708.8,712.51
1782483300000,712.478,714.28,711.03,712.622
1782484200000,712.634,713.19,709.47,710.166
1782485100000,710.3,712.24,709.81,710.54
1782486000000,710.76,711.625,708.975,709.095
1782486900000,709.06,712.55,708.35,712.52
1782487800000,712.65,715.565,712.01,715.04
1782488700000,714.95,715.28,711.135,713.3
1782489600000,713.25,713.34,710.939,711.71
1782490500000,711.49,712.39,710.32,711.705
1782491400000,711.95,713.699,711.724,712.69
1782492300000,712.745,713.75,712.48,713.072
1782493200000,712.97,715.09,712.665,713.93
1782494100000,714.04,714.04,712.21,713.61
1782495000000,713.66,714.5,711.81,712.77
1782495900000,712.74,712.948,711.23,711.45
1782496800000,711.505,712.27,711.01,711.24
1782497700000,711.31,711.59,709.34,709.44
1782498600000,709.55,710.56,709.305,709.94
1782499500000,709.7,709.838,707.73,708.54
1782500400000,708.397,710.47,707.9,710.449
1782501300000,710.441,710.441,708.6,709.181
1782502200000,709.26,711.5,708.68,711.25
1782503100000,711.31,712.01,705.12,705.63
1782504000000,707.33,708.1,704.9,706.83
1782504900000,706.93,707.62,706.72,706.75
1782505800000,706.66,706.815,704.726,705.04
1782506700000,704.72,705.754,704.661,705.56
1782507600000,705.27,705.518,705.02,705.44
1782508500000,705.44,705.478,704.915,704.99
1782509400000,705.1,705.104,704.816,705.029
1782510300000,705.2,705.592,704.993,705.32
1782511200000,705.47,705.711,705.39,705.69
1782512100000,705.5,705.765,705.392,705.5
1782513000000,705.74,706.13,705.466,706.04
1782513900000,706.13,706.505,706.13,706.373
1782514800000,706.372,706.419,706.065,706.205
1782515700000,706.21,706.7,706.062,706.21
1782516600000,706.86,707.035,706.35,706.54
1782517500000,706.56,706.65,705.96,705.96
1782518400000,706.079,706.079,706.022,706.022
1782691200000,711.95,713.89,710.39,710.98
1782692100000,710.88,711.19,707.64,707.64
1782693000000,707.59,709.47,707.31,709.47
1782693900000,709.38,710.58,707.59,710.37
1782694800000,710.45,711,709.4,710.41
1782695700000,710.36,710.6,708.94,709
1782696600000,709.11,711.86,708.7,711.5
1782697500000,711.74,711.74,710.76,710.94
1782698400000,710.71,711.03,708,708.11
1782699300000,708.01,711.23,707.91,711.18
1782700200000,711,711.35,710.62,711.16
1782701100000,711.29,711.54,710.85,711.26
1782702000000,711.24,712.36,711.24,711.57
1782702900000,711.5,712.04,711.41,711.79
1782703800000,711.78,712,710.08,710.58
1782704700000,710.37,712.96,710.37,712.69
1782705600000,712.55,712.55,711.76,711.86
1782706500000,711.95,712.27,711.11,711.44
1782707400000,711.53,711.59,710.65,711.06
1782708300000,711.07,711.79,710.74,710.91
1782709200000,710.99,711.34,710.37,711.34
1782710100000,711.45,711.84,710.8,711.38
1782711000000,711.47,713.5,711.18,713.33
1782711900000,713.17,714.6,712.99,714.6
1782712800000,714.7,714.7,712.76,713.22
1782713700000,713.25,714.31,713.25,714.24
1782714600000,714.11,714.89,714.05,714.58
1782715500000,714.55,714.55,713.33,713.6
1782716400000,713.71,713.74,712.39,713
1782717300000,713.33,714.19,713.33,713.98
1782718200000,713.99,714.78,713.66,714.66
1782719100000,714.39,715.27,714.25,714.46
1782720000000,714.34,715.56,707.447,715.33
1782720900000,714.95,716.01,714.859,716.01
1782721800000,714.98,715.783,714.808,715.13
1782722700000,715.33,715.481,714.331,715.33
1782723600000,714.448,714.71,714.005,714.414
1782724500000,714.413,715.009,714.159,714.847
1782725400000,714.85,714.999,714.107,714.28
1782726300000,714.36,714.7,713.58,714.5
1782727200000,715.28,715.86,714.518,715.35
1782728100000,714.69,715.698,714.64,714.69
1782729000000,716.12,716.331,715.603,716.12
1782729900000,715.85,716.414,715.7,716.37
1782730800000,716.12,716.616,715.502,715.54
1782731700000,715.52,715.701,714.89,715.46
1782732600000,715.57,716.382,715.27,715.27
1782733500000,715.56,715.935,715.255,715.31
1782734400000,715.29,716,715.07,715.73
1782735300000,715.969,716.15,715.49,715.712
1782736200000,715.44,715.884,714.1,714.55
1782737100000,714.77,715.366,714.457,715.15
1782738000000,715.73,716.009,715.352,715.94
1782738900000,715.87,716,713.71,713.98
1782739800000,714.06,717.51,711.98,717.27
1782740700000,717.26,718.63,712.52,713.26
1782741600000,713.55,713.69,706.49,706.49
1782742500000,706.47,711.96,705.25,711.78
1782743400000,711.776,714.39,711.55,712.738
1782744300000,712.48,715.96,710.73,715.846
1782745200000,715.91,716.3,714.8,715.99
1782746100000,716.26,717.31,714.57,717.19
1782747000000,717.28,718.51,716.45,718.471
1782747900000,718.45,719.06,717.52,718.93
1782748800000,718.98,719.86,718.85,719.09
1782749700000,719.225,720.55,719.081,719.545
1782750600000,719.68,720.58,718.96,720.52
1782751500000,720.517,721.073,720.21,720.711
1782752400000,720.68,722.69,720.67,722.39
1782753300000,722.49,723,721.55,722.99
1782754200000,722.93,723.59,722.42,722.86
1782755100000,722.8,723.43,722.54,722.96
1782756000000,722.82,723.29,722.61,723.24
1782756900000,723.23,723.32,722.45,722.46
1782757800000,722.48,724.1,722.48,724.05
1782758700000,724.15,724.41,723.37,723.49
1782759600000,723.509,723.81,722.79,723.15
1782760500000,723.14,724.24,723.035,723.44
1782761400000,723.44,724.02,723,723.38
1782762300000,723.5,724.56,722.3,723.96
1782763200000,724.07,724.106,722.88,723.5
1782764100000,723.47,723.772,723.344,723.58
1782765000000,723.31,723.45,722.875,723
1782765900000,723.1,723.264,722.87,723.18
1782766800000,723.09,723.15,722.866,723.09
1782767700000,723.03,723.16,722.892,723.114
1782768600000,722.78,723.319,722.78,722.78
1782769500000,723.325,723.384,723.151,723.281
1782770400000,722.51,723.727,722.388,723.39
1782771300000,723.235,723.744,723.139,723.182
1782772200000,723.27,723.561,722.801,723.5
1782773100000,723.18,723.512,723.079,723.11
1782774000000,723.41,723.944,723.189,723.69
1782774900000,723.94,723.944,723.569,723.76
1782775800000,723.84,724.187,723.712,724.01
1782776700000,723.76,724.168,723.496,723.76
1782777600000,723.51,725.03,723.5,724.64
1782778500000,724.69,725.07,722.75,722.93
1782779400000,723.01,723.03,721.58,721.68
1782780300000,721.63,723.37,721.54,723.3
1782781200000,723.36,723.54,721.97,722.29
1782782100000,722.19,724.61,722.19,724.61
1782783000000,724.59,724.87,723.5,724.42
1782783900000,724.21,724.41,723.49,724.35
1782784800000,724.28,724.28,723.15,723.23
1782785700000,723.37,724.01,722.59,723.82
1782786600000,723.76,724.36,723.55,723.55
1782787500000,723.62,724.13,723.53,723.61
1782788400000,723.52,724.14,723.4,723.89
1782789300000,724.04,724.66,724.04,724.58
1782790200000,724.65,726.2,724.48,725.91
1782791100000,725.79,726.16,725.35,725.37
1782792000000,725.51,726.72,725.51,726.43
1782792900000,726.47,727.16,726.31,727.13
1782793800000,727.16,727.91,727.07,727.86
1782794700000,727.96,728.05,727.52,727.64
1782795600000,727.59,728.27,727.51,727.72
1782796500000,727.76,727.81,726.93,726.96
1782797400000,726.93,727.01,725.95,726.61
1782798300000,726.6,727.2,726.59,727.14
1782799200000,727.21,727.22,726.61,726.82
1782800100000,726.68,726.79,725.98,726.61
1782801000000,726.56,726.57,725.49,725.7
1782801900000,725.69,726.32,725.69,726.32
1782802800000,726.36,726.7,725.72,725.83
1782803700000,725.8,726.27,725.74,725.96
1782804600000,726.12,726.26,725.65,725.65
1782805500000,725.6,725.6,723.971,725.18
1782806400000,725,726.036,724.13,725.49
1782807300000,725.01,726.077,724.847,725.63
1782808200000,725.24,726.294,723.64,724.28
1782809100000,724.47,724.799,723.689,724.61
1782810000000,724.76,725.037,724.52,724.75
1782810900000,724.81,725.109,724.537,724.81
1782811800000,724.531,724.915,723.964,724.812
1782812700000,725.33,725.33,724.782,725.19
1782813600000,725.13,725.497,724.827,725.07
1782814500000,725.78,725.901,725.502,725.9
1782815400000,725.63,725.874,725.22,725.43
1782816300000,725.92,726.65,725.312,726.43
1782817200000,726.47,727.13,726.225,726.84
1782818100000,726.93,727.042,725.91,726.16
1782819000000,726.39,726.8,726.015,726.8
1782819900000,727.07,727.28,726.4,726.42
1782820800000,726.19,726.481,725.17,725.19
1782821700000,725.26,725.318,724.002,724.06
1782822600000,723.55,724.46,723.22,724.32
1782823500000,724.2,724.294,723.338,723.39
1782824400000,723.64,724.122,723.25,723.89
1782825300000,723.6,724.246,723.01,724.13
1782826200000,724.19,729.41,723.96,728.31
1782827100000,728.21,731.94,727.85,731.94
1782828000000,731.89,732.57,729.87,731.57
1782828900000,731.58,733.29,731.2,733.01
1782829800000,733.06,733.76,732.09,733.03
1782830700000,733.01,733.04,729.98,730.52
1782831600000,730.59,733,730.45,732.9
1782832500000,732.79,733.14,732.07,733.01
1782833400000,732.93,733.515,732.62,733.13
1782834300000,733.14,734.7,733.14,734.21
1782835200000,734.23,735.06,734.06,734.845
1782836100000,734.88,735.35,734.76,734.97
1782837000000,735.01,735.44,734.66,735.41
1782837900000,735.48,736.33,735.364,735.79
1782838800000,735.98,736.67,735.809,736.05
1782839700000,735.96,736.47,735.76,735.9
1782840600000,735.96,736.235,735.59,736.22
1782841500000,736.23,736.248,735.63,735.755
1782842400000,735.83,736.15,735.266,735.9
1782843300000,735.77,736.34,735.71,735.99
1782844200000,735.99,736.54,735.76,736.47
1782845100000,736.5,737,736.25,736.47
1782846000000,736.46,737.43,736.46,737.36
1782846900000,737.38,737.6,736.915,737.03
1782847800000,737.05,737.23,736.43,737.15
1782848700000,737.2,737.61,735.8,736.12
1782849600000,735.71,736.39,735.53,735.64
1782850500000,735.55,735.704,735.352,735.61
1782851400000,735.57,735.684,735.285,735.34
1782852300000,735.36,735.518,735.186,735.37
1782853200000,735.65,735.7,735.46,735.65
1782854100000,735.701,735.884,735.608,735.88
1782855000000,735.72,735.884,735.361,735.39
1782855900000,735.424,735.576,735.36,735.562
1782856800000,735.64,736.116,735.457,735.82
1782857700000,735.97,736.31,735.795,736.24
1782858600000,735.74,736.255,735.74,735.74
1782859500000,735.57,735.841,735.472,735.57
1782860400000,735.94,736.332,735.694,736
1782861300000,736.31,736.406,735.922,736.29
1782862200000,736.23,736.47,736.084,736.41
1782863100000,736.29,736.494,735.941,736.45
1782864000000,736.341,736.77,735.79,736.06
1782864900000,736.26,736.41,735.32,736.34
1782865800000,736.39,736.67,736.16,736.35
1782866700000,736.52,736.6,736.07,736.07
1782867600000,736.08,736.16,734.86,735.44
1782868500000,735.41,735.61,734.71,735.16
1782869400000,735.24,735.56,734.71,734.86
1782870300000,734.83,735.06,734.34,734.35
1782871200000,734.36,734.42,732.81,732.9
1782872100000,732.92,733.68,732.33,733.61
1782873000000,733.59,734.18,733.31,734.14
1782873900000,734.07,734.11,733.73,734.02
1782874800000,734,734.67,733.93,734.57
1782875700000,734.66,734.66,733.9,734.02
1782876600000,734.04,734.73,733.89,734.33
1782877500000,734.33,734.96,734.33,734.79
1782878400000,734.71,734.71,733.95,734
1782879300000,733.96,734.42,733.86,734.4
1782880200000,734.44,734.56,733.94,734.37
1782881100000,734.48,734.93,734.15,734.19
1782882000000,734.2,734.61,733.98,734.22
1782882900000,734.26,734.4,733.81,734.04
1782883800000,734.02,734.35,733.69,734.02
1782884700000,733.97,734.2,733.69,733.83
1782885600000,733.83,734.16,733.27,733.36
1782886500000,733.34,733.46,732.34,733.12
1782887400000,733.12,733.33,732.73,733.22
1782888300000,733.24,733.58,732.72,732.88
1782889200000,732.94,732.94,731.43,731.56
1782890100000,731.53,732.1,730.74,731.9
1782891000000,731.93,732.34,731.91,732.12
1782891900000,732.13,732.74,731.89,732.56
1782892800000,732.4,736.311,731.582,732.04
1782893700000,732.085,732.28,731.329,731.34
1782894600000,731.4,732.254,731.195,732.06
1782895500000,732.03,732.6,731.844,732.58
1782896400000,732.04,732.555,731.62,732.05
1782897300000,732.13,732.202,731.812,732.05
1782898200000,731.88,732.233,731.88,732.12
1782899100000,732.36,732.759,732.109,732.74
1782900000000,732.81,732.81,731.98,732.14
1782900900000,732.61,733.003,732.147,732.94
1782901800000,732.94,733.062,732.414,732.53
1782902700000,733.2,733.422,732.733,733.2
1782903600000,733.5,733.921,733.231,733.42
1782904500000,733.6,733.6,733.066,733.21
1782905400000,733.01,733.152,732.53,732.53
1782906300000,732.79,733.02,732.085,732.21
1782907200000,732.04,732.438,731.52,731.9
1782908100000,732.71,732.797,732.251,732.34
1782909000000,732.36,732.94,729.37,730.04
1782909900000,730.01,730.35,729.27,729.99
1782910800000,730.01,730.757,729.452,729.62
1782911700000,729.87,731,728.7,728.7
1782912600000,729.15,729.685,725.65,727.202
1782913500000,727.146,730.18,726.26,730.072
1782914400000,730.24,731.27,729.35,730.31
1782915300000,730.39,730.92,729.505,730.27
1782916200000,730.27,730.279,728.31,728.31
1782917100000,728.09,729.11,726.72,727.83
1782918000000,728.04,729.94,727.912,729.74
1782918900000,730.01,731.72,729.677,731.56
1782919800000,731.69,731.835,730.145,730.37
1782920700000,730.39,730.41,728.87,729.53
1782921600000,729.525,729.95,728.69,729.096
1782922500000,729.07,730.18,728.6,729.26
1782923400000,729.18,729.64,728.18,728.63
1782924300000,728.575,729.1,727.58,727.75
1782925200000,727.87,728.516,727,728
1782926100000,728.08,729.061,727.88,728.31
1782927000000,728.4,728.67,727.78,727.835
1782927900000,727.74,728.24,727.11,727.15
1782928800000,727.23,727.797,726.99,727.01
1782929700000,726.98,727.6,726.65,727.105
1782930600000,727.01,727.49,726.53,726.75
1782931500000,726.755,726.755,725.7,726.45
1782932400000,726.43,728.45,726.43,727.81
1782933300000,727.87,728.36,727.38,728.01
1782934200000,727.92,728.94,726.6,726.77
1782935100000,726.78,727.165,724.6,725.2
1782936000000,725.23,725.373,723.57,724.86
1782936900000,724.65,724.86,724.003,724.54
1782937800000,724.44,724.676,723.907,724.63
1782938700000,724.65,724.954,724.373,724.9
1782939600000,725.13,725.362,724.765,725.15
1782940500000,724.98,725.382,724.874,725.03
1782941400000,725.005,725.279,724.937,725.279
1782942300000,725.281,725.65,725.278,725.65
1782943200000,725.53,725.853,724.732,725.23
1782944100000,725.13,725.708,724.66,725.54
1782945000000,725.8,725.99,725.562,725.9
1782945900000,725.79,726.014,725.375,725.79
1782946800000,725,725.948,724.865,724.91
1782947700000,724.71,724.959,724.647,724.77
1782948600000,724.81,725.087,724.371,724.99
1782949500000,724.46,725.022,723.68,724.46
1782950400000,731.15,731.15,722.48,723.51
1782951300000,723.63,725.13,723.21,725.13
1782952200000,725.11,725.48,723.86,723.88
1782953100000,723.94,726.39,723.78,726.21
1782954000000,726.1,728.11,725.98,728.11
1782954900000,728.1,728.43,727.59,728.03
1782955800000,728.29,729.05,728.1,728.74
1782956700000,728.74,728.91,728.27,728.45
1782957600000,728.35,729.09,728.13,729.01
1782958500000,729.09,729.29,728.06,728.29
1782959400000,728.04,728.74,727.9,728.49
1782960300000,728.55,729,728.12,728.54
1782961200000,728.52,728.57,727.42,727.81
1782962100000,727.87,727.93,726.77,727.27
1782963000000,727.21,728.24,727.11,727.19
1782963900000,727.32,727.9,726.92,727.59
1782964800000,727.8,728.02,726.64,726.65
1782965700000,726.65,726.79,726.07,726.79
1782966600000,726.74,726.74,725.13,725.18
1782967500000,725.08,726.46,724.79,726.42
1782968400000,726.4,727.21,725.81,726.98
1782969300000,726.95,727.31,726.33,726.33
1782970200000,726.25,726.25,724.71,724.92
1782971100000,724.88,725.23,724.49,724.81
1782972000000,724.66,725.04,722.49,722.49
1782972900000,722.46,723.4,722.37,722.41
1782973800000,722.54,723.61,722.44,722.88
1782974700000,722.99,722.99,721.1,721.81
1782975600000,721.8,722.03,719.63,719.75
1782976500000,719.57,720.46,719.44,720.37
1782977400000,720.4,722.25,720.28,722.15
1782978300000,722.22,722.3,720.98,720.99
1782979200000,721.11,723.829,719.551,719.91
1782980100000,721.01,722.111,719.791,721.72
1782981000000,721.75,723.877,721.696,723.35
1782981900000,723.64,724.48,722.953,724.28
1782982800000,723.78,724.454,722.718,723.19
1782983700000,722.87,723.262,722.3,722.42
1782984600000,723.43,723.916,723.131,723.79
1782985500000,723.23,723.588,722.488,723.36
1782986400000,722.13,722.575,721.75,721.92
1782987300000,722.07,722.591,721.844,722.23
1782988200000,723.11,723.654,722.297,723.26
1782989100000,723.31,723.735,722.991,723.64
1782990000000,723.95,724.11,722.911,723.7
1782990900000,723.75,723.896,722.93,723.73
1782991800000,723.52,725.11,723.472,724.92
1782992700000,725.2,725.426,724.534,724.78
1782993600000,724.517,726.91,724.2,726.842
1782994500000,727.01,728.01,726.797,728.01
1782995400000,727.3,731.143,727.3,729.81
1782996300000,729.82,730,727.474,728.11
1782997200000,727.98,728.71,726.665,727.08
1782998100000,727.11,728.077,725.732,726.24
1782999000000,725.57,728.2,723.99,726.87
1782999900000,726.735,729.99,726.25,729.9
1783000800000,730.01,730.83,727,728.91
1783001700000,728.954,729.06,721.62,722.292
1783002600000,722.19,723.81,718.355,719.01
1783003500000,719.09,720.43,717.29,719.825
1783004400000,719.79,720.01,714.75,716.93
1783005300000,716.77,717.54,714.36,715.92
1783006200000,715.87,719.31,715.72,716.78
1783007100000,716.735,717.56,714.95,715.825
1783008000000,715.84,716.115,713.745,715.13
1783008900000,715.18,715.25,712.78,712.96
1783009800000,712.99,713.09,710.58,712.61
1783010700000,712.52,712.71,710.14,710.83
1783011600000,710.75,711.27,709.01,710.55
1783012500000,710.53,711.29,709.89,710.46
1783013400000,710.36,710.99,708.37,709.45
1783014300000,709.283,709.53,707.62,707.772
1783015200000,707.82,711.78,707.7,710.73
1783016100000,710.85,711.45,709.605,711.42
1783017000000,711.44,712.28,710.955,711.31
1783017900000,711.19,712.405,710.3,711.45
1783018800000,711.56,711.68,708.92,709.666
1783019700000,709.5,710.42,708.08,709.89
1783020600000,709.96,711.12,709.58,710.55
1783021500000,710.7,713.77,710.07,712.72
1783022400000,712.49,712.961,712.173,712.94
1783023300000,713.01,713.179,712.59,712.71
1783024200000,712.99,713.262,712.704,712.79
1783025100000,713.08,713.133,712.731,713.12
1783026000000,713,713.097,712.894,713.04
1783026900000,713.017,713.24,712.99,713.14
1783027800000,713.19,713.305,713.14,713.17
1783028700000,713.33,713.435,713.297,713.37
1783029600000,713.32,713.882,713.261,713.32
1783030500000,713.93,714.039,713.647,713.99
1783031400000,713.57,714.635,713.432,714.62
1783032300000,714.631,714.654,714.408,714.589
1783033200000,714.36,714.581,713.159,713.18
1783034100000,713.175,714.308,713.065,714.186
1783035000000,714.184,714.558,713.545,713.554
1783035900000,714.09,714.28,713.477,714.09
1783036800000,714.178,714.179,714.178,714.179
1783037700000,713.1,713.1,713.1,713.1
1783040400000,713.1,713.66,713.1,713.66
1783042200000,712.87,712.87,712.87,712.87
1783043100000,713.39,713.39,713.39,713.39
1783044000000,713.7,713.7,713.7,713.7
1783044900000,713.7,713.7,713.7,713.7
1783045800000,713.74,713.74,713.74,713.74
1783048500000,713.74,713.74,713.74,713.74
1783050300000,713.74,713.91,713.74,713.91
1783051200000,713.8,717.05,713.8,717.05
1783052100000,717.18,718.2,717.18,718.2
1783053000000,718.35,718.68,718.35,718.68
1783053900000,718.8,722.7,718.8,722.7
1783055700000,723.04,723.04,720.73,720.73
1783056600000,720.68,720.89,720.68,720.89
1783058400000,721.69,721.69,721.69,721.69
1783059300000,720.85,720.85,720.85,720.85
1783060200000,720.51,722.04,720.51,722.04
1783070100000,722.21,722.21,722.21,722.21
1783077300000,722.25,722.25,722.25,722.25
1783081800000,722.25,722.25,722.25,722.25
1783083600000,722.25,722.25,722.25,722.25
1783088100000,722.25,722.25,722.25,722.25
1783089000000,721.25,721.45,721.06,721.11
1783090800000,721.45,721.45,721.45,721.45
1783091700000,721.45,721.81,721.45,721.81
1783092600000,721.43,721.43,721.29,721.29
1783094400000,721.89,721.89,721.89,721.89
1783098000000,721.89,721.89,721,721
1783108800000,722.3,722.3,722.3,722.3
1783110600000,722.3,722.3,722.3,722.3
1783129500000,721.46,721.46,721.19,721.19
1783144800000,722.24,722.24,722.24,722.24
1783146600000,722.24,722.24,722.24,722.24
1783158300000,720.24,720.24,719.7,719.7
1783160100000,721.64,721.64,721.64,721.64
1783164600000,721.69,721.69,721.69,721.69
1783170000000,721.81,721.81,721.81,721.81
1783171800000,721.25,721.25,721.25,721.25
1783173600000,721.25,721.25,721.12,721.12
1783180800000,721.8,721.8,721.8,721.8
1783186200000,721.24,721.24,719.7,719.7
1783190700000,720.22,720.22,720.22,720.22
1783208700000,721.8,721.8,721.8,721.8
1783214100000,720.71,720.71,720.71,720.71
1783231200000,721.91,721.91,721.91,721.91
1783235700000,721.41,721.41,721.13,721.13
1783242900000,721.96,721.96,721.53,721.53
1783255500000,721.96,721.96,721.96,721.96
1783258200000,721.53,721.53,721.29,721.29
1783259100000,722.06,722.06,722.06,722.06
1783260000000,722.31,722.31,722.31,722.31
1783262700000,722.53,723.04,722.53,723.04
1783263600000,723.84,723.84,723.84,723.84
1783266300000,722.57,722.57,722.57,722.57
1783267200000,723.84,723.84,723.31,723.31
1783281600000,723.86,723.86,723.86,723.86
1783289700000,722.57,722.57,722.55,722.55
1783296000000,723.01,723.28,721.42,723.28
1783296900000,723.34,723.82,720.99,721.19
1783297800000,720.98,722.38,720.46,722.23
1783298700000,722.29,723.07,721.79,722.1
1783299600000,722.1,722.25,720.69,720.98
1783300500000,720.77,721.23,718.51,719.39
1783301400000,719.39,720.32,719.26,719.4
1783302300000,719.49,719.49,717.92,718.7
1783303200000,719.01,719.41,718,718.09
1783304100000,718.11,718.8,717.5,717.58
1783305000000,717.56,717.79,716.56,716.63
1783305900000,716.66,717.39,716.34,717.27
1783306800000,717.27,718.61,717.24,718.42
1783307700000,718.41,718.76,717.79,718.71
1783308600000,718.77,719.18,717.56,717.61
1783309500000,717.59,717.69,716.56,717.39
1783310400000,717.15,718.52,716.8,718.51
1783311300000,718.51,719.01,718.5,719.01
1783312200000,718.98,719.94,718.89,719.77
1783313100000,719.79,720,719.4,719.83
1783314000000,719.52,719.63,718.89,719.21
1783314900000,719.13,719.47,718.38,718.38
1783315800000,718.31,719,718,718.79
1783316700000,718.75,719.04,718.29,718.87
1783317600000,719.11,719.24,718.05,718.17
1783318500000,718.11,719.01,718.07,718.9
1783319400000,718.79,720.47,718.71,720.35
1783320300000,720.37,720.41,720.02,720.33
1783321200000,720.34,720.57,719.83,720.23
1783322100000,720.39,720.62,719.58,719.61
1783323000000,719.6,720.9,719.6,720.83
1783323900000,720.83,720.89,720.4,720.44
1783324800000,720.21,721.081,714.179,720.65
1783325700000,719.641,719.826,718.734,719.787
1783326600000,719.8,720.335,719.37,720.15
1783327500000,720.23,720.779,720.06,720.18
1783328400000,720.61,720.854,720.213,720.34
1783329300000,720.63,720.712,720.284,720.68
1783330200000,720.589,720.702,720.11,720.367
1783331100000,720.359,721.188,719.81,720.906
1783332000000,721.2,721.237,720.41,720.46
1783332900000,720.922,721.081,720.582,720.625
1783333800000,720.66,721.083,720.44,720.44
1783334700000,720.53,721.093,720.239,721.09
1783335600000,721.11,721.325,720.131,720.38
1783336500000,720.48,721.201,720.411,720.89
1783337400000,721.22,721.4,720.808,720.83
1783338300000,721.17,721.766,720.948,720.97
1783339200000,720.949,722.29,720.75,722.222
1783340100000,722.26,722.271,720.95,721.17
1783341000000,721.5,721.968,721.27,721.4
1783341900000,721.51,722.236,721.448,722.19
1783342800000,721.49,722.258,720.43,720.43
1783343700000,720.57,720.57,719.672,719.77
1783344600000,719.83,722.3,718.45,721.72
1783345500000,721.87,723.95,721.37,722.06
1783346400000,722.36,724.44,721.787,724.33
1783347300000,724.31,724.825,723.57,724.166
1783348200000,724.26,725.14,723.698,724.9
1783349100000,724.7,725.38,723.55,724.47
1783350000000,724.3,724.86,722.96,723.49
1783350900000,723.37,725.3,722.47,725.28
1783351800000,725.24,725.69,724.655,725.49
1783352700000,725.49,725.81,725.02,725.54
1783353600000,725.53,726.07,725.1,725.53
1783354500000,725.52,725.65,724.47,724.63
1783355400000,724.637,724.89,723.93,724.295
1783356300000,724.235,724.72,723.43,723.57
1783357200000,723.49,724.69,723.275,724.19
1783358100000,724.25,724.57,722.649,722.75
1783359000000,722.68,722.813,721.02,721.59
1783359900000,721.52,722.325,721.08,721.33
1783360800000,721.41,723.08,721.347,722.65
1783361700000,722.65,723.84,722.632,723.22
1783362600000,723.21,723.52,722.64,723.35
1783363500000,723.346,723.95,723.27,723.664
1783364400000,723.7,724.51,723.45,724.23
1783365300000,724.22,725.2,724.076,724.78
1783366200000,724.74,724.79,723.9,724.53
1783367100000,724.55,724.84,722.22,722.67
1783368000000,722.445,723.18,722.317,723.017
1783368900000,722.86,723.119,722.71,722.71
1783369800000,723.01,723.01,722.746,722.82
1783370700000,722.83,722.83,722.22,722.74
1783371600000,722.96,722.96,722.561,722.96
1783372500000,722.93,722.93,722.755,722.882
1783373400000,722.81,722.975,722.767,722.93
1783374300000,722.96,722.99,722.942,722.96
1783375200000,722.96,722.995,722.446,722.95
1783376100000,722.955,723.183,722.696,722.696
1783377000000,722.69,723.063,722.528,722.657
1783377900000,722.41,722.659,721.205,721.5
1783378800000,721.99,722.08,721.321,721.99
1783379700000,721.46,721.588,720.86,720.86
1783380600000,721.1,721.559,720.743,721.09
1783381500000,720.77,720.846,720.054,720.09
1783382400000,722.97,722.97,719.74,719.8
1783383300000,719.73,721.8,719.58,720.97
1783384200000,721.1,721.12,719.35,719.94
1783385100000,719.89,720.46,719.4,719.51
1783386000000,719.6,719.9,719.15,719.29
1783386900000,719.39,719.47,717.45,717.52
1783387800000,717.68,718.87,717.14,718.87
1783388700000,718.9,719.6,718.4,718.46
1783389600000,718.49,719.5,718.41,719.29
1783390500000,719.24,719.55,718.48,718.53
1783391400000,718.48,718.62,717.69,718.6
1783392300000,718.6,718.64,717.84,717.89
1783393200000,717.96,718.71,717.81,718.11
1783394100000,718.16,718.23,716.29,716.38
1783395000000,716.39,716.95,715.9,715.97
1783395900000,715.86,716.16,715.07,715.97
1783396800000,715.86,716.26,715.29,715.29
1783397700000,715.29,715.42,714.74,715.29
1783398600000,715.29,715.71,714.91,715.17
1783399500000,715.24,715.29,714.52,715
1783400400000,714.94,714.94,714,714
1783401300000,714.01,714.55,713.39,714.14
1783402200000,714.16,715.89,714.16,715.7
1783403100000,715.75,716.86,715.42,716.49
1783404000000,716.5,716.73,715.13,715.34
1783404900000,715.42,716.06,715.4,715.87
1783405800000,715.8,716.4,715.51,716.4
1783406700000,716.33,716.6,715.91,716.46
1783407600000,716.51,717.31,716,717.21
1783408500000,717.2,717.75,717.03,717.23
1783409400000,717.1,717.31,716.58,716.68
1783410300000,716.52,716.71,715.43,715.43
1783411200000,719.494,719.494,715.356,716.539
1783412100000,716.44,716.968,716.366,716.44
1783413000000,716.26,716.835,716.098,716.26
1783413900000,716.03,716.61,715.779,716.03
1783414800000,715.6,716.503,715.39,715.85
1783415700000,716.504,716.574,715.702,715.717
1783416600000,715.49,715.759,715.088,715.71
1783417500000,714.93,715.91,714.915,715.91
1783418400000,716.16,716.318,715.22,715.35
1783419300000,715.6,716.387,715.484,716.11
1783420200000,715.81,716.104,715.415,715.66
1783421100000,715.55,715.71,715.03,715.71
1783422000000,715.75,715.75,714.43,714.79
1783422900000,715.07,715.524,714.645,715.25
1783423800000,715.156,715.156,714.212,714.824
1783424700000,714.98,715.38,714.417,715.31
1783425600000,715.41,717.066,715.331,716.76
1783426500000,716.88,716.88,715.83,716.01
1783427400000,716.16,716.904,715.973,716.5
1783428300000,716.19,716.45,714.9,715.32
1783429200000,715.33,715.7,714.74,715.45
1783430100000,715.41,715.611,713.99,714.31
1783431000000,714.17,716.335,711.65,714.21
1783431900000,714.162,714.162,710,711.183
1783432800000,711.13,711.92,707.93,707.99
1783433700000,708.08,708.88,706.1,707.14
1783434600000,707.46,707.77,704.91,705.54
1783435500000,705.59,707.68,705.442,707.24
1783436400000,707.15,708.49,706.51,707.63
1783437300000,707.47,707.655,706.44,707.42
1783438200000,707.59,707.77,705.87,707.77
1783439100000,707.8,709.25,707.662,709.13
1783440000000,709.185,711.17,708.99,711.14
1783440900000,711.13,713.03,710.77,712.72
1783441800000,712.64,713.31,711.59,712.53
1783442700000,712.53,713.28,712.01,712.84
1783443600000,712.82,713.85,712.68,712.7
1783444500000,712.745,713.65,712.21,712.701
1783445400000,712.85,713.533,712.708,713.45
1783446300000,713.27,713.503,712.69,713.5
1783447200000,713.58,713.68,712.75,713.07
1783448100000,712.91,713.312,712.26,712.38
1783449000000,712.41,712.66,710.79,711.275
1783449900000,711.23,711.52,709.2,709.33
1783450800000,709.52,709.76,707.58,707.97
1783451700000,707.95,707.97,706.43,707.64
1783452600000,707.56,708.823,707.29,707.38
1783453500000,707.38,709.64,707.28,709.49
1783454400000,709.61,710.374,709.365,709.94
1783455300000,709.85,710.11,709.45,710.1
1783456200000,710.05,710.118,709.93,710.07
1783457100000,709.998,710.11,709.921,710.056
1783458000000,710.054,710.076,709.925,709.925
1783458900000,709.4,709.949,708.01,708.75
1783459800000,708.1,708.58,708.083,708.44
1783460700000,708.25,708.53,708.187,708.25
1783461600000,708.02,709,707.837,709
1783462500000,709.2,709.24,708.763,709.24
1783463400000,708.78,709.489,708.731,709.28
1783464300000,709.1,709.404,708.992,709.24
1783465200000,709.191,709.393,708.628,708.956
1783466100000,709.45,709.659,708.938,709.45
1783467000000,709.5,709.618,708.11,709.5
1783467900000,707.86,708.456,706.981,707.51
1783468800000,708.41,710.22,706.49,710.01
1783469700000,710.3,711.48,709.48,710.94
1783470600000,710.89,712.46,709.85,712.39
1783471500000,712.5,713.18,712.31,713.16
1783472400000,713.18,713.4,711.98,713.29
1783473300000,713.35,713.35,711.57,711.67
1783474200000,711.84,711.85,710.32,711.09
1783475100000,711.13,711.56,710.35,710.62
1783476000000,710.4,710.4,709.41,709.69
1783476900000,709.63,711.03,709.51,710.19
1783477800000,710.21,710.91,709.64,710.86
1783478700000,711,711.43,710.8,711.06
1783479600000,711.16,711.92,711.16,711.8
1783480500000,711.75,712.49,711.51,712.42
1783481400000,712.47,712.79,711.6,711.72
1783482300000,711.75,711.85,711.21,711.3
1783483200000,711.35,711.39,710.47,710.7
1783484100000,710.66,711.21,710.39,710.7
1783485000000,710.71,710.73,709.46,709.87
1783485900000,709.75,710.06,709.13,710.01
1783486800000,710.08,710.7,709.68,709.89
1783487700000,710.05,710.4,709.19,709.23
1783488600000,709.15,709.2,708.41,708.41
1783489500000,708.55,708.7,707.57,708.33
1783490400000,708.29,708.71,708,708.06
1783491300000,708.39,708.62,707.69,707.69
1783492200000,707.71,708,706.98,707.04
1783493100000,707.03,708.46,706.84,707.88
1783494000000,708.09,708.09,706.82,707.3
1783494900000,707.19,708.51,706.82,708.5
1783495800000,708.53,709.81,708.53,709.41
1783496700000,709.51,709.72,708.98,709.27
1783497600000,708.5,709.841,707.452,709.36
1783498500000,710.01,710.01,701.925,702.19
1783499400000,701.3,702.427,699.191,699.92
1783500300000,700.75,702.31,700.195,700.21
1783501200000,700.74,700.74,698.021,698.67
1783502100000,698.5,699.184,697.943,698.74
1783503000000,699.26,700.22,698.941,699.18
1783503900000,699.3,700.12,698.84,699.22
1783504800000,699.21,699.478,698.253,698.6
1783505700000,699.61,700.529,698.864,700.52
1783506600000,699.94,701.29,699.94,701.04
1783507500000,701.11,701.434,700.43,700.43
1783508400000,700.2,700.61,699.539,699.95
1783509300000,700.08,700.32,699.502,700.01
1783510200000,699.77,702.96,699.466,702.21
1783511100000,701.81,702.717,701.408,702.01
1783512000000,701.9,704.33,701.406,703.8
1783512900000,703.48,704.298,703.091,704.28
1783513800000,704.19,704.554,703.642,704.02
1783514700000,704.56,705.7,703.754,703.82
1783515600000,703.88,705.292,703.742,705.14
1783516500000,704.91,705.52,703.839,705.04
1783517400000,704.94,709.39,704.826,708.53
1783518300000,708.55,709.76,707.15,709.01
1783519200000,709.077,709.46,706,706.71
1783520100000,706.65,708.98,705.76,707.28
1783521000000,707.16,708.12,705.14,706.34
1783521900000,706.26,707.18,703.83,705.2
1783522800000,705.44,705.44,703.3,703.46
1783523700000,703.57,703.9,700.95,701.535
1783524600000,701.78,703.71,700.95,702.8
1783525500000,702.58,703.15,701.35,702.5
1783526400000,702.55,705.395,702.37,705.34
1783527300000,705.253,707.27,704.85,706.831
1783528200000,706.69,708.41,706.05,708.23
1783529100000,707.96,709.17,707.57,709.17
1783530000000,709.13,709.47,708.22,708.45
1783530900000,708.19,710.79,708.19,710.72
1783531800000,710.75,711.08,709.36,709.46
1783532700000,709.43,709.463,707.9,708.6
1783533600000,708.48,710.4,708.12,709.9
1783534500000,709.95,710.16,709.055,709.055
1783535400000,709.095,710.12,708.57,709.785
1783536300000,709.783,710.305,709.28,709.883
1783537200000,709.94,710.61,709.24,709.72
1783538100000,709.77,710.74,709.38,710.39
1783539000000,710.44,710.57,709.56,710.25
1783539900000,710.23,712.235,709.49,711.29
1783540800000,711.32,711.45,710.06,710.55
1783541700000,709.74,710.465,709.56,709.68
1783542600000,709.58,709.793,708.87,709.66
1783543500000,709.46,709.948,709.284,709.65
1783544400000,709.98,710.028,709.53,710.01
1783545300000,709.94,710.013,709.697,709.82
1783546200000,710.3,710.604,709.845,710.56
1783547100000,710.575,710.622,710.31,710.535
1783548000000,710.56,710.959,710.133,710.81
1783548900000,710.26,711.016,710.132,710.26
1783549800000,710.416,710.654,710.144,710.213
1783550700000,710.27,710.544,710.116,710.29
1783551600000,711.08,711.189,710.482,711.08
1783552500000,710.07,710.987,709.87,710.37
1783553400000,710.69,711.83,709.958,711.83
1783554300000,711.91,712.37,711.652,712.28
1783555200000,712.34,713.86,711.92,713.86
1783556100000,713.84,713.95,712.79,713.89
1783557000000,713.94,714.3,712.69,712.76
1783557900000,712.78,713.74,712.1,712.5
1783558800000,712.21,713.21,711.49,712.69
1783559700000,712.65,713.59,712.39,713
1783560600000,713.11,713.34,712.53,713.12
1783561500000,713.09,713.23,711.1,711.17
1783562400000,711.2,713.04,710.58,712.95
1783563300000,713.03,714.18,712.84,713.22
1783564200000,713.32,713.4,711.43,711.51
1783565100000,711.48,711.53,710.48,710.54
1783566000000,710.42,711.03,710.06,710.55
1783566900000,710.41,711.79,709.89,711.79
1783567800000,711.83,712.66,711.78,712.6
1783568700000,712.52,712.72,712.32,712.44
1783569600000,712.66,712.7,712.22,712.33
1783570500000,712.34,712.75,711.49,711.65
1783571400000,711.73,713.24,711.73,713.14
1783572300000,713.16,713.71,712.9,713.66
1783573200000,713.59,714.65,712.59,714
1783574100000,714,714.14,712.63,712.63
1783575000000,712.63,713.23,711.75,713.22
1783575900000,713.26,714.95,713.17,714.95
1783576800000,714.98,715.17,714.06,714.9
1783577700000,715.11,715.76,715.11,715.48
1783578600000,715.42,715.6,714.74,715.48
1783579500000,715.47,715.57,714.82,715.18
1783580400000,714.92,716.01,714.89,716
1783581300000,716.09,716.35,715.77,716
1783582200000,716.14,716.77,715.8,716.76
1783583100000,716.74,717.29,716.48,716.88
1783584000000,716.53,717.952,712.29,717.5
1783584900000,717.312,717.993,717.116,717.129
1783585800000,716.51,717.21,716.28,716.34
1783586700000,716.52,716.678,715.858,716.32
1783587600000,716.228,716.365,715.531,715.694
1783588500000,715.76,716.173,715.634,716.01
1783589400000,715.18,716.193,715.18,715.18
1783590300000,715.273,715.937,715.269,715.77
1783591200000,716.07,716.097,715.64,716.07
1783592100000,716.02,716.399,715.578,716.26
1783593000000,716.16,716.192,715.524,715.69
1783593900000,715.29,715.831,713.972,714.57
1783594800000,715.05,715.382,714.359,715.04
1783595700000,715.01,715.8,714.696,715.8
1783596600000,715.9,716.882,715.578,716.85
1783597500000,716.82,717.65,716.49,717.08
1783598400000,717.18,717.903,716.763,717.79
1783599300000,717.552,718.42,717.371,718.233
1783600200000,718.44,719.203,718.19,718.61
1783601100000,718.26,718.34,717.594,718.06
1783602000000,718.32,718.563,717.83,718.29
1783602900000,718.46,718.562,717.85,718.01
1783603800000,718.3,721.3,716.52,720.887
1783604700000,721.05,722.72,719.81,722.19
1783605600000,722.29,722.51,719.32,719.75
1783606500000,719.53,719.76,715.18,718.75
1783607400000,718.84,719.59,717.28,718.67
1783608300000,718.706,720.14,717.87,719.315
1783609200000,719.55,721.14,719.18,720.93
1783610100000,720.87,721.63,720.39,721.34
1783611000000,721.43,722.01,720.97,721.6
1783611900000,721.62,722.06,721.505,721.83
1783612800000,721.85,722.55,721.667,722.115
1783613700000,721.99,722.36,721.601,721.72
1783614600000,721.92,722.34,721.14,722.21
1783615500000,722.25,722.25,721.72,722.07
1783616400000,721.934,723.62,721.9,723.387
1783617300000,723.37,724.16,723.37,724.12
1783618200000,724.14,724.24,723.51,723.78
1783619100000,723.78,724.2,723.23,723.8
1783620000000,723.77,724.03,723.49,723.84
1783620900000,723.865,723.94,723.06,723.35
1783621800000,723.565,723.64,722.98,723.39
1783622700000,723.42,723.569,722.76,722.985
1783623600000,722.97,723.016,722.2,722.46
1783624500000,722.468,723.425,722.21,722.791
1783625400000,722.74,723.11,722.29,723.1
1783626300000,723.04,723.35,722.01,723.2
1783627200000,723.2,723.805,723.031,723.73
1783628100000,723.6,723.73,722.984,723.17
1783629000000,723.068,723.25,722.872,722.945
1783629900000,722.95,723.02,722.782,722.87
1783630800000,722.96,723.214,722.845,722.96
1783631700000,722.89,723.064,722.735,722.79
1783632600000,722.918,723.14,722.799,723.005
1783633500000,722.99,723.04,722.895,722.99
1783634400000,723.01,723.486,722.744,722.89
1783635300000,722.93,723.123,722.266,722.6
1783636200000,722.33,722.615,722.268,722.54
1783637100000,722.71,722.71,722.421,722.71
1783638000000,722.86,723.074,722.31,722.86
1783638900000,723.55,723.602,722.868,723.55
1783639800000,723.38,723.494,723.098,723.39
1783640700000,723.116,723.462,722.785,722.963
1783641600000,723.27,723.3,721.34,722.15
1783642500000,722.16,722.29,720.5,720.82
1783643400000,720.85,720.91,720.06,720.67
1783644300000,720.58,721.58,720.16,721.58
1783645200000,721.6,721.6,720.38,720.93
1783646100000,720.95,721.7,720.89,721.46
1783647000000,721.41,722.32,721.24,722.08
1783647900000,721.99,722.82,721.94,722.1
1783648800000,722.01,722.36,721.46,721.83
1783649700000,721.76,721.89,721.23,721.88
1783650600000,721.84,722.67,721.7,722.49
1783651500000,722.42,723.55,722.39,723.55
1783652400000,723.57,723.81,723.31,723.39
1783653300000,723.39,723.53,722.91,722.92
1783654200000,722.83,723.06,722.75,722.91
1783655100000,722.86,723.1,722.65,723.1
1783656000000,723.16,723.45,722.95,723.4
1783656900000,723.36,723.42,722.8,723.01
1783657800000,722.99,723.02,722.5,722.71
1783658700000,722.73,722.73,721.77,721.94
1783659600000,721.95,721.97,721.53,721.89
1783660500000,721.97,722.18,721.62,721.84
1783661400000,721.78,721.9,721.26,721.78
1783662300000,721.67,721.73,720.94,720.96
1783663200000,720.95,721.19,720.45,720.5
1783664100000,720.52,720.6,719.43,719.75
1783665000000,719.79,720.69,719.68,720.29
1783665900000,720.34,720.67,720.24,720.41
1783666800000,720.36,720.56,719.88,720.11
1783667700000,720.1,720.51,719.78,720.28
1783668600000,720.28,720.39,719.81,719.86
1783669500000,719.89,719.89,719.1,719.22
1783670400000,719.18,722.352,718.61,719.23
1783671300000,719.827,719.978,718.908,719.181
1783672200000,719.03,719.532,718.863,719.04
1783673100000,719.66,719.849,719.289,719.43
1783674000000,719.04,719.91,718.129,719.8
1783674900000,720.11,720.295,719.838,720.07
1783675800000,720.15,720.56,720.1,720.25
1783676700000,720.48,720.567,719.956,720.36
1783677600000,720.55,720.881,720.304,720.78
1783678500000,720.63,720.858,720.29,720.65
1783679400000,720.86,721.391,720.86,721.391
1783680300000,721.31,721.404,720.781,721.12
1783681200000,721.11,721.736,721.11,721.55
1783682100000,722,722,721.189,721.34
1783683000000,721,721.207,720.252,720.5
1783683900000,720.787,720.92,720.122,720.237
1783684800000,720.27,721.49,719.308,721.49
1783685700000,720.97,721.247,720.599,721.17
1783686600000,720.99,721.326,720.476,720.56
1783687500000,720.41,720.867,720.023,720.29
1783688400000,720.007,720.51,719.76,720.162
1783689300000,720.24,721.09,720.006,720.67
1783690200000,720.8,723.14,719.85,721.24
1783691100000,721.35,724.09,721.219,722.71
1783692000000,722.67,723.87,722.57,723.21
1783692900000,723.25,723.464,721.01,722.43
1783693800000,722.455,723.61,717.04,721.92
1783694700000,722.23,722.57,720.145,720.3
1783695600000,720.39,721.84,719.34,721.545
1783696500000,721.61,724.28,721.593,724.035
1783697400000,724.09,724.34,720.65,721.52
1783698300000,721.47,723.39,721.068,723.26
1783699200000,723.38,724.28,723.276,724.1
1783700100000,724.29,725.231,724.113,724.89
1783701000000,725,725.39,724.75,724.99
1783701900000,725,725.55,724.89,725.17
1783702800000,725.24,725.31,724.54,724.98
1783703700000,724.94,725.78,724.86,725.75
1783704600000,725.79,726.23,725.5,726.095
1783705500000,726.12,726.25,725.34,725.4
1783706400000,725.42,726.28,725.42,725.81
1783707300000,725.74,726.09,725.17,725.61
1783708200000,725.74,725.96,725.34,725.5
1783709100000,725.5,725.7,725.306,725.49
1783710000000,725.43,726.4,725.4,725.95
1783710900000,725.976,725.976,725.44,725.732
1783711800000,725.69,726.18,725.69,725.88
1783712700000,725.81,726.095,725.26,725.595
1783713600000,725.62,726.058,725.42,725.79
1783714500000,725.97,726.035,725.766,726.01
1783715400000,725.96,726.074,725.88,725.97
1783716300000,726.02,726.28,726.006,726.28
1783717200000,726.248,726.249,725.935,725.995
1783718100000,725.995,726.058,725.951,726.034
1783719000000,726.034,726.07,725.94,725.94
1783719900000,725.98,726.034,725.872,726
1783720800000,725.81,725.909,725.731,725.81
1783721700000,725.75,725.82,725.75,725.75
1783722600000,725.71,725.781,725.71,725.71
1783723500000,725.76,725.984,725.726,725.984
1783724400000,725.985,725.985,725.836,725.892
1783725300000,725.9,725.935,725.848,725.9
1783726200000,725.926,725.967,725.9,725.924
1783727100000,725.924,726.368,725.911,726.368
1783728000000,726.369,726.369,726.369,726.369
1783730700000,726.22,726.22,726.22,726.22
1783733400000,726.64,726.64,726.64,726.64
1783737900000,726.52,726.54,726.52,726.54
1783740600000,726.59,726.59,726.59,726.59
1783741500000,726.59,726.59,726.59,726.59
1783742400000,726.64,726.64,726.64,726.64
1783744200000,726.64,727,726.64,727
1783745100000,727.17,727.26,727.17,727.26
1783746900000,727.31,727.31,727.31,727.31
1783749600000,727.31,727.31,727.31,727.31
1783756800000,727.36,727.36,727.36,727.36
1783757700000,727.36,727.36,727.36,727.36
1783762200000,727.36,727.36,727.36,727.36
1783765800000,727.42,727.42,727.42,727.42
1783766700000,726.75,726.75,726.75,726.75
1783774800000,726.75,726.75,726.62,726.62
1783785600000,727.4,727.4,727.4,727.4
1783788300000,727.4,727.4,727.4,727.4
1783790100000,727.4,727.4,727.4,727.4
1783796400000,727.4,727.4,726.51,726.51
1783800000000,727.4,727.4,727.4,727.4
1783809000000,727.4,727.4,727.4,727.4
1783828800000,727.4,727.4,727.4,727.4
1783836000000,727.4,727.4,727.4,727.4
1783837800000,726.51,726.51,726.51,726.51
1783839600000,727.4,727.4,727.4,727.4
1783840500000,727.4,727.4,727.4,727.4
1783841400000,727.4,727.4,727.4,727.4
1783847700000,726.51,726.51,726.46,726.46
1783848600000,727.4,727.4,727.4,727.4
1783861200000,726.46,726.46,726.46,726.46
1783872000000,727.4,727.42,727.4,727.42
1783874700000,726.69,726.69,726.69,726.69
1783882800000,727.48,727.48,727.48,727.48
1783886400000,727.5,727.57,727.5,727.57
1783897200000,727.65,727.65,727.65,727.65
1783900800000,722.08,726.14,721.59,725.11
1783901700000,725.26,725.42,723.73,723.94
1783902600000,723.85,723.99,721.16,721.89
1783903500000,722.01,722.43,720.16,720.59
1783904400000,720.71,721.09,719.66,720.27
1783905300000,720.26,721,719.72,720.07
1783906200000,720.07,720.98,719.73,720.14
1783907100000,720.2,720.2,718.47,719.01
1783908000000,719.2,719.25,718.24,718.75
1783908900000,718.94,720.12,718.64,719.96
1783909800000,719.95,720.01,718.7,719.12
1783910700000,719.12,719.25,717.91,717.92
1783911600000,717.99,718.06,717.21,717.42
1783912500000,717.47,717.92,717.14,717.75
1783913400000,717.81,718.16,717.19,717.47
1783914300000,717.42,718.1,717.18,717.26
1783915200000,717.31,717.31,716.39,716.76
1783916100000,716.77,717.01,716.1,716.37
1783917000000,716.42,716.45,715.71,715.75
1783917900000,715.76,716.02,715.49,715.76
1783918800000,715.81,717.32,715.31,717.12
1783919700000,717.2,717.2,714.64,714.72
1783920600000,714.64,716.77,713.94,716.01
1783921500000,716.01,716.76,715.55,716.31
1783922400000,716.34,716.73,714.88,715
1783923300000,714.89,715.97,714.89,715.89
1783924200000,715.97,716.35,715.14,716.04
1783925100000,716.02,716.37,715.43,715.65
1783926000000,715.97,716.88,715.31,716.88
1783926900000,716.82,717.24,716.15,716.87
1783927800000,716.74,716.77,715.95,716.52
1783928700000,716.57,716.57,716.05,716.32
1783929600000,716.53,724.693,716.23,717.31
1783930500000,717.64,718.441,717.593,718.29
1783931400000,718.18,718.289,717.528,717.61
1783932300000,718.42,718.765,718.081,718.41
1783933200000,718.19,718.662,717.961,718.19
1783934100000,718.29,719.046,718.235,718.86
1783935000000,719.006,719.318,718.83,719.266
1783935900000,719.264,719.264,718.753,719.235
1783936800000,718.97,719.344,718.446,718.61
1783937700000,718.52,719.036,718.44,718.44
1783938600000,718.51,718.808,718.384,718.46
1783939500000,718.397,718.984,718.375,718.748
1783940400000,718.85,719.86,718.748,718.96
1783941300000,719.41,719.458,718.572,718.94
1783942200000,719.5,719.702,719.08,719.08
1783943100000,718.68,719.128,718.22,718.3
1783944000000,718.59,718.715,717.476,717.72
1783944900000,717.7,718.321,717.12,717.16
1783945800000,717.01,717.341,716.51,717.22
1783946700000,717.56,718.075,717.234,718
1783947600000,717.9,718.609,717.811,718.02
1783948500000,717.85,717.983,717.21,717.58
1783949400000,717.67,718.31,713.97,714.948
1783950300000,715,715.96,713.15,715.71
1783951200000,715.86,716.56,714.215,716.31
1783952100000,716.27,717.57,712.62,717.55
1783953000000,717.66,718,715.777,716.06
1783953900000,715.69,717.93,715.19,717.88
1783954800000,718.01,718.65,716.84,716.91
1783955700000,716.63,718.12,716.63,717.71
1783956600000,717.605,718,716.31,716.31
1783957500000,716.357,716.38,715.06,715.345
1783958400000,715.34,715.902,714.72,715.3
1783959300000,715.37,715.393,713.67,714.1
1783960200000,713.61,714.05,711.72,713.47
1783961100000,713.62,713.98,711.86,713.3
1783962000000,713.28,714.535,713.06,713.607
1783962900000,713.61,713.79,712.56,712.95
1783963800000,712.99,713.31,712.24,712.77
1783964700000,712.915,713.1,711.8,712.07
1783965600000,712.08,713.421,711.99,712.985
1783966500000,712.968,713.035,711.83,711.975
1783967400000,711.99,712.94,711.54,712.59
1783968300000,712.7,713.11,712.23,712.42
1783969200000,712.43,713.144,711.5,711.76
1783970100000,711.745,711.82,710.31,710.64
1783971000000,710.765,711.52,710.1,711.52
1783971900000,711.42,712.675,711.015,711.77
1783972800000,711.91,711.929,711.09,711.54
1783973700000,711.39,711.509,710.01,711.01
1783974600000,710.91,711.089,710.8,710.92
1783975500000,711.01,711.198,710.691,710.91
1783976400000,710.948,711.335,710.906,710.962
1783977300000,710.99,711.073,710.891,710.99
1783978200000,710.985,711.245,710.985,711.191
1783979100000,711.186,711.5,711.173,711.36
1783980000000,711.83,712.037,711.337,711.92
1783980900000,711.48,711.795,711.037,711.48
1783981800000,711.037,711.253,710.917,711.216
1783982700000,711.53,711.577,710.14,710.5
1783983600000,710.16,710.233,709.519,709.58
1783984500000,709.91,710.118,709.382,710.03
1783985400000,708.89,709.507,708.552,708.89
1783986300000,709.41,710.629,708.571,709.41
1783987200000,710.632,711.84,708.57,711.8
1783988100000,711.8,712.01,709.69,710.74
1783989000000,710.77,712.32,710.25,710.55
1783989900000,710.56,713.41,710.56,713.18
1783990800000,713.21,713.56,712.2,712.4
1783991700000,712.18,713.27,712.18,712.86
1783992600000,712.69,712.85,711.28,712.02
1783993500000,712.1,712.7,711.16,711.3
1783994400000,711.48,712.33,710.85,710.86
1783995300000,710.85,711.01,709.61,710.32
1783996200000,710.2,711.49,709.48,711.25
1783997100000,711.31,711.54,709.87,710.01
1783998000000,709.95,709.98,708.57,708.7
1783998900000,708.71,709.68,707.94,709.68
1783999800000,709.66,710.25,708.7,709.23
1784000700000,709.29,710.9,709.15,710.9
1784001600000,710.82,711.25,709.61,710.04
1784002500000,710.01,711.47,709.83,711.43
1784003400000,711.43,712.31,711.3,712.08
1784004300000,712,713,712,712.9
1784005200000,712.9,713.81,712.5,713.76
1784006100000,713.76,715.25,713.54,715.1
1784007000000,715.12,715.76,714.51,714.91
1784007900000,714.92,715.16,714.64,714.83
1784008800000,714.9,715.81,714.78,715.81
1784009700000,715.84,716.22,714.99,715.19
1784010600000,715.19,715.81,714.9,714.91
1784011500000,714.95,715.01,714.27,714.29
1784012400000,714.09,715.15,713.81,714.98
1784013300000,714.98,715.51,714.53,715.25
1784014200000,715.11,715.23,714.28,714.41
1784015100000,714.44,715.26,714.15,714.43
1784016000000,714.71,715.11,710.644,714.66
1784016900000,715.29,715.764,714.58,715.18
1784017800000,715.6,715.863,715.313,715.6
1784018700000,714.78,715.449,714.413,714.54
1784019600000,715.28,715.663,714.107,715.28
1784020500000,715.54,715.755,714.452,714.77
1784021400000,714.58,715.247,714.449,715.06
1784022300000,715.19,715.568,714.998,715.45
1784023200000,715.16,715.502,714.954,715.41
1784024100000,715.2,715.226,714.744,714.91
1784025000000,714.96,715.787,714.642,715.13
1784025900000,715.01,715.498,714.838,715.17
1784026800000,715.35,715.42,714.01,715.23
1784027700000,715.2,716.667,715.169,716.06
1784028600000,716.1,716.537,715.408,715.43
1784029500000,715.65,716.388,715.486,715.81
1784030400000,715.87,715.894,714.36,714.36
1784031300000,715.02,717,714.606,717
1784032200000,717.8,722.71,716.895,720.31
1784033100000,720.19,720.729,718.83,719.38
1784034000000,719.52,720.028,719.15,719.34
1784034900000,719.48,720.57,718.644,719.97
1784035800000,720.22,720.22,717.2,718.84
1784036700000,719.18,720.04,718,719.66
1784037600000,719.47,720,716.03,716.74
1784038500000,716.54,718.23,714.4,717.21
1784039400000,717.17,720.77,716.59,718.22
1784040300000,718.21,719.58,716.69,719.58
1784041200000,719.54,721.49,718.88,721.145
1784042100000,721.09,722.08,720.58,721.97
1784043000000,722.06,722.29,719.96,720.79
1784043900000,720.95,721.17,719.209,719.52
1784044800000,719.395,719.588,717.968,718.58
1784045700000,718.4,719.61,717.72,719.52
1784046600000,719.48,720.53,718.94,720.19
1784047500000,720.3,720.69,719.61,720.605
1784048400000,720.54,721.146,720.35,720.535
1784049300000,720.53,721.494,720.19,721.18
1784050200000,721.27,721.46,720.5,721.14
1784051100000,721.19,721.54,720.758,721.47
1784052000000,721.45,721.675,721.05,721.64
1784052900000,721.71,721.85,721.15,721.27
1784053800000,721.3,721.626,720.23,720.63
1784054700000,720.54,721.03,720.378,720.56
1784055600000,720.55,720.77,719.55,720.39
1784056500000,720.43,720.91,719.92,719.92
1784057400000,719.97,720.4,719.32,720.295
1784058300000,720.35,720.815,719.48,719.72
1784059200000,719.75,720.09,719.371,719.72
1784060100000,719.73,719.78,719.261,719.35
1784061000000,719.41,719.97,719.372,719.91
1784061900000,720.01,720.01,719.666,719.92
1784062800000,719.85,719.929,719.77,719.88
1784063700000,719.89,720.05,719.8,719.91
1784064600000,720.05,720.089,719.858,719.886
1784065500000,719.84,719.949,719.799,719.84
1784066400000,719.89,719.986,718.769,719
1784067300000,719.33,719.855,718.875,719.66
1784068200000,719.64,719.851,719.47,719.64
1784069100000,719.53,719.547,719.191,719.43
1784070000000,719.93,719.943,719.054,719.93
1784070900000,719.9,721.559,719.707,721.22
1784071800000,721.63,721.836,721.213,721.58
1784072700000,721.08,722.261,721.08,722.21
1784073600000,721.99,722.52,721.07,722.35
1784074500000,722.23,723.21,722.1,722.9
1784075400000,722.99,723.11,721.1,721.29
1784076300000,721.31,723.16,721.2,722.96
1784077200000,723,723.08,721.58,722.15
1784078100000,722.15,723.44,722.15,723.02
1784079000000,723.08,723.49,722.35,722.35
1784079900000,722.43,723.87,722.41,723.87
1784080800000,723.9,724.4,723.67,723.99
1784081700000,724.06,724.4,723.92,724.03
1784082600000,724.21,724.51,724.06,724.51
1784083500000,724.49,724.54,723.96,724.03
1784084400000,723.93,724.03,723.62,723.91
1784085300000,723.93,724.49,723.9,724.39
1784086200000,724.48,724.89,724.48,724.53
1784087100000,724.65,725.36,724.65,725.23
1784088000000,725.25,725.27,724.8,724.9
1784088900000,724.9,725.14,724.66,724.68
1784089800000,724.58,725.14,724.51,724.97
1784090700000,724.99,725.4,724.99,725.4
1784091600000,725.4,726.25,724.69,724.8
1784092500000,724.84,725.51,724.29,724.46
1784093400000,724.46,725,724.13,724.71
1784094300000,724.66,725.61,724.59,725.61
1784095200000,725.65,726.01,725.56,725.88
1784096100000,725.9,725.91,725.47,725.84
1784097000000,725.86,725.98,725.15,725.26
1784097900000,725.31,725.75,725.26,725.57
1784098800000,725.49,726.32,725.09,725.7
1784099700000,725.69,725.75,723.2,724.11
1784100600000,724.04,724.55,723.56,724.28
1784101500000,724.26,724.92,724.17,724.75
1784102400000,724.75,724.75,722.069,722.85
1784103300000,722.71,723,721.81,721.93
1784104200000,722.52,723.056,722.52,722.52
1784105100000,723.22,723.484,722.845,723.3
1784106000000,723.69,723.837,723.33,723.64
1784106900000,723.73,723.962,723.533,723.73
1784107800000,723.636,723.854,723.174,723.7
1784108700000,723.07,723.708,722.899,723.07
1784109600000,723.05,723.498,722.877,723.07
1784110500000,723.23,723.569,722.2,722.31
1784111400000,722.41,722.934,722.271,722.48
1784112300000,722.88,723.259,722.519,723.15
1784113200000,723.26,723.713,723.022,723.31
1784114100000,723.101,723.417,722.89,722.951
1784115000000,723.31,723.468,722.821,723.31
1784115900000,722.89,723.166,722.672,723.04
1784116800000,722.842,722.858,721.922,722.049
1784117700000,722.09,722.279,721.498,721.86
1784118600000,722.61,724.108,722,723.73
1784119500000,723.6,724.72,723.5,724.65
1784120400000,724.61,724.721,723.468,723.58
1784121300000,723.58,723.97,723.437,723.97
1784122200000,724.1,724.3,720.93,720.93
1784123100000,720.99,721.14,718.95,720.46
1784124000000,720.9,722.21,720.295,720.42
1784124900000,720.35,720.7,716.24,718.218
1784125800000,718.1,718.5,713.76,715.23
1784126700000,715.085,716.28,714.459,715.95
1784127600000,715.95,716.64,714.77,715.03
1784128500000,714.99,716.172,713.69,716.13
1784129400000,716.17,716.53,714.97,715.561
1784130300000,715.28,715.564,714.38,714.75
1784131200000,714.72,715.12,712.08,712.09
1784132100000,712.06,712.61,711.06,711.81
1784133000000,711.99,712.31,710.28,711.45
1784133900000,711.412,713.58,711.17,712.971
1784134800000,712.87,714.137,712.82,713.49
1784135700000,713.56,715.32,713.486,715.27
1784136600000,715.33,716.02,715.228,716.01
1784137500000,715.99,717.66,715.809,717.15
1784138400000,717.181,718.28,717.181,717.995
1784139300000,717.82,718.59,717.22,718.16
1784140200000,718.17,718.44,716.59,716.69
1784141100000,716.59,716.71,715.05,715.46
1784142000000,715.45,716.84,715.34,716.245
1784142900000,716.222,716.287,714.92,716.097
1784143800000,716.31,717.5,715.51,717.32
1784144700000,717.24,717.84,716.462,717.69
1784145600000,717.81,718.5,717.425,717.61
1784146500000,717.63,718.092,717.55,718.07
1784147400000,717.94,718.059,717.781,717.93
1784148300000,717.94,718.09,717.814,717.96
1784149200000,717.825,717.886,717.807,717.88
1784150100000,717.875,717.899,717.455,717.455
1784151000000,717.459,717.68,717.415,717.679
1784151900000,717.68,717.765,717.629,717.629
1784152800000,717.658,718.737,717.658,718.278
1784153700000,717.92,718.295,717.912,717.92
1784154600000,717.51,718.103,717.308,717.51
1784155500000,717.72,718.053,717.15,717.86
1784156400000,717.9,718.418,717.892,717.9
1784157300000,717.79,718.145,717.566,717.61
1784158200000,718.01,718.358,717.665,718.23
1784159100000,718.13,718.221,717.245,717.4
1784160000000,717.64,719.08,717.35,719.08
1784160900000,719.15,719.15,716.81,716.98
1784161800000,716.97,717.52,715.95,715.95
1784162700000,715.92,717.05,715.84,716.45
1784163600000,716.63,716.81,715.68,715.92
1784164500000,715.86,715.93,715.33,715.36
1784165400000,715.42,716.33,715.15,715.68
1784166300000,715.87,717.36,715.87,716.48
1784167200000,716.35,716.43,715.79,716.14
1784168100000,716.31,717.75,716.1,717.49
1784169000000,717.54,717.84,717.01,717.11
1784169900000,717.2,718.51,717.15,718.35
1784170800000,718.31,718.9,718.25,718.87
1784171700000,718.83,718.9,717.91,718.08
1784172600000,718.07,718.78,717.99,718.19
1784173500000,718.26,718.63,717.87,718.63
1784174400000,718.69,719.01,718.31,719.01
1784175300000,718.88,718.88,717.97,718.11
1784176200000,718.02,718.2,717.56,717.94
1784177100000,717.74,718.07,717.66,717.83
1784178000000,718,718.81,717.67,718.75
1784178900000,718.93,719.48,718.67,719.26
1784179800000,719.3,719.94,716.95,717.84
1784180700000,717.83,717.92,717.2,717.4
1784181600000,717.37,718.56,716.46,718.38
1784182500000,718.21,718.81,717.29,717.29
1784183400000,717.21,717.59,716.39,717.03
1784184300000,716.96,717.49,716.71,717.31
1784185200000,717.27,717.27,715.79,715.79
1784186100000,715.71,716.46,715.59,715.84
1784187000000,715.86,715.95,714.59,714.59
1784187900000,714.61,717.396,714.09,714.45
1784188800000,713.8,716.883,712.639,712.99
1784189700000,712.88,714.13,712.394,713.63
1784190600000,714.06,714.715,713.607,714.06
1784191500000,714.101,715.138,714.101,715.125
1784192400000,715.47,716.064,715.123,716.04
1784193300000,716.19,716.309,715.62,716.04
1784194200000,715.33,716.019,715.066,715.33
1784195100000,714.81,715.042,713.607,714.36
1784196000000,713.65,714.306,713.283,713.56
1784196900000,713.29,714.136,713.27,713.29
1784197800000,714.05,714.194,713.198,713.82
1784198700000,713.07,713.789,713.025,713.07
1784199600000,713.57,713.576,712,712.549
1784200500000,712.62,712.904,711.68,712.21
1784201400000,712.23,712.23,711.293,711.31
1784202300000,711.55,711.788,709.88,710.98
1784203200000,711.66,711.834,710.32,711.01
1784204100000,711.008,711.426,710.034,710.609
1784205000000,710.78,710.917,709.786,709.86
1784205900000,709.78,710.83,709.665,710.38
1784206800000,710.23,711.87,710.23,711.63
1784207700000,711.69,712.551,711.589,712.11
1784208600000,712.01,713.56,708.26,708.42
1784209500000,708.68,709.4,707.06,709.28
1784210400000,709.05,712.7,708.65,712.08
1784211300000,712.09,712.87,710.553,712.55
1784212200000,712.48,712.99,711.25,711.99
1784213100000,711.78,712.3,709.63,711.21
1784214000000,711.46,711.91,708.94,709.465
1784214900000,709.6,711.65,708.97,710.6
1784215800000,710.405,711.99,709.75,710.4
1784216700000,710.395,711.26,709.44,710.24
1784217600000,710.26,710.265,707.78,707.96
1784218500000,707.79,708.3,707.11,707.94
1784219400000,707.985,708.93,707.64,707.885
1784220300000,707.85,709.18,707.29,708.78
1784221200000,708.852,708.95,707.63,707.675
1784222100000,707.685,708.96,707.37,708.73
1784223000000,708.77,708.99,706.36,706.575
1784223900000,706.58,707.14,706.07,706.64
1784224800000,706.6,707.38,706.07,706.36
1784225700000,706.416,708.01,705.99,707.186
1784226600000,707.01,707.182,705.5,706.34
1784227500000,706.27,706.759,705.6,705.85
1784228400000,705.75,706.512,704.93,705.05
1784229300000,704.91,705.13,703.65,704.32
1784230200000,703.98,704.67,703.57,703.615
1784231100000,703.55,706.39,702.63,705.94
1784232000000,706.03,706.115,704.807,704.89
1784232900000,704.74,705.464,704.735,705.34
1784233800000,705.134,705.35,704.754,704.973
1784234700000,705.08,705.201,704.876,705
1784235600000,705,705.215,704.847,704.98
1784236500000,705,705.195,704.995,705.115
1784237400000,705.12,705.453,705.045,705.41
1784238300000,705.374,705.51,705.337,705.51
1784239200000,705.49,706.026,705.177,705.49
1784240100000,704.79,705.265,704.09,704.09
1784241000000,704.1,704.578,704.016,704.04
1784241900000,703.99,704.354,703.608,703.82
1784242800000,704.035,704.186,703.383,703.906
1784243700000,703.74,703.927,702.687,702.91
1784244600000,702.47,703.715,702.239,703.45
1784245500000,702.96,703.511,702.775,702.8
1784246400000,704.89,704.89,701.76,701.99
1784247300000,701.92,702.77,701.27,701.35
1784248200000,701.46,701.69,700.92,701.67
1784249100000,701.52,702.89,701.47,702.37
1784250000000,702.37,703.49,701.66,701.66
1784250900000,701.82,702.09,701.3,702
1784251800000,701.99,701.99,700.18,700.37
1784252700000,700.36,700.74,699.77,700.31
1784253600000,700.37,700.62,699.8,699.97
1784254500000,699.94,700.06,699.06,699.31
1784255400000,699.24,699.55,698.74,699.44
1784256300000,699.48,699.55,698.66,699.2
1784257200000,699.23,700.05,699,699.89
1784258100000,699.98,701.61,699.98,701.35
1784259000000,701.39,701.47,699.66,699.99
1784259900000,699.99,699.99,698.95,698.96
1784260800000,698.94,698.94,697.26,697.44
1784261700000,697.47,697.67,696.31,696.5
1784262600000,696.5,696.84,695.65,696.49
1784263500000,696.49,697.22,696.41,696.41
1784264400000,696.24,696.68,695.94,696.29
1784265300000,696.29,696.79,695.9,696.08
1784266200000,696.09,696.49,694.54,695.2
1784267100000,695.19,695.6,694.66,695.12
1784268000000,695.27,695.56,694.45,695.24
1784268900000,695.2,696.84,695.01,696.64
1784269800000,696.51,696.84,695.36,695.64
1784270700000,695.53,695.57,694.61,694.92
1784271600000,694.89,695.43,694.38,695.07
1784272500000,695.12,695.34,694.17,694.96
1784273400000,695,695.23,693.87,694.23
1784274300000,694.24,694.39,693.44,693.51
1784275200000,693.47,701.394,693.058,694.13
1784276100000,693.02,693.257,690.91,692.12
1784277000000,691.08,691.766,690.32,690.56
1784277900000,691.52,692.766,691.022,692.69
1784278800000,692.28,693.175,691.923,692.28
1784279700000,692.97,693.55,692.209,693.41
1784280600000,693.54,694.112,692.952,693.408
1784281500000,693.78,694.395,693.415,693.96
1784282400000,694.36,695.476,693.675,695.47
1784283300000,695.57,695.93,694.507,695.62
1784284200000,695.69,696.793,695.442,696.26
1784285100000,696.14,696.585,695.704,695.91
1784286000000,696.02,696.4,695.045,695.36
1784286900000,695.26,695.432,694.55,695.08
1784287800000,695.02,695.289,694.357,694.57
1784288700000,694.538,695.217,694.355,694.796
1784289600000,694.74,694.878,693.23,693.39
1784290500000,693.25,693.655,692.92,693.17
1784291400000,692.99,693.4,692.66,693.32
1784292300000,693.21,693.542,692.583,693.1
1784293200000,692.982,692.982,691.92,691.955
1784294100000,692.01,692.49,691.088,691.21
1784295000000,691.64,693.37,686.78,687.09
1784295900000,687.04,693.39,686.95,693.33
1784296800000,693.248,697.81,693.1,696.491
1784297700000,696.491,698.35,695.85,696.935
1784298600000,696.99,698.56,695.34,696.85
1784299500000,696.75,697.56,694.375,694.41
1784300400000,694.72,695.12,693.35,693.98
1784301300000,693.94,695.25,693.15,695.205
1784302200000,695.125,697.17,694.35,696.28
1784303100000,695.9,699.79,695.88,699.39
1784304000000,699.43,700.02,697.516,699.66
1784304900000,699.72,700.01,697.811,699.01
1784305800000,699.102,700.33,698.41,700.261
1784306700000,700.38,701.75,700.22,700.469
1784307600000,700.36,702.26,700.36,701.15
1784308500000,701.035,702.14,700.67,701.965
1784309400000,701.905,702.11,699.79,699.97
1784310300000,699.87,700.3,698.3,698.67
1784311200000,698.91,699.485,697.67,697.84
1784312100000,697.84,697.849,696.77,697.45
1784313000000,697.41,698.41,696.16,696.41
1784313900000,696.4,698.24,696.16,697.775
1784314800000,697.796,697.85,695.21,695.26
1784315700000,695.22,696.24,694.25,696.08
1784316600000,696.27,697.24,695.16,696.17
1784317500000,696.03,697.43,695.16,695.36
1784318400000,695.21,695.403,694.228,694.8
1784319300000,694.82,695.12,694.742,695.05
1784320200000,695.11,695.43,695.028,695.43
1784321100000,695.41,695.657,695.171,695.33
1784322000000,695.01,695.505,694.802,694.88
1784322900000,694.89,695.059,694.598,694.89
1784323800000,695.05,695.105,694.925,695
1784324700000,694.91,695.08,694.635,694.91
1784325600000,694.62,694.838,694.62,694.62
1784326500000,694.85,694.98,694.664,694.85
1784327400000,694.69,695.254,694.586,694.69
1784328300000,694.84,695.254,694.813,694.99
1784329200000,694.46,694.925,694.25,694.46
1784330100000,694.01,694.49,694,694.36
1784331000000,694.17,694.28,693.915,694.17
1784331900000,693.74,693.915,693.674,693.8
1784332800000,693.739,693.754,693.739,693.754
1784333700000,693.94,693.94,693.94,693.94
1784336400000,693.99,693.99,693.99,693.99
1784339100000,694.1,694.1,694.1,694.1
1784341800000,694.2,694.2,694.2,694.2
1784342700000,693.7,694.28,693.7,694.28
1784344500000,694.33,694.33,694.33,694.33
1784346300000,694.44,694.44,694.44,694.44
1784347200000,694.56,694.65,694.56,694.65
1784349000000,694.1,694.19,693.88,693.88
1784353500000,694.94,694.95,694.94,694.95
1784354400000,694.96,694.96,694.96,694.96
1784358000000,694.39,694.39,694.39,694.39
1784360700000,694.39,694.96,694.39,694.96
1784363400000,695.01,695.06,695.01,695.06
1784367000000,695.11,695.11,694.6,694.6
1784367900000,695.16,695.16,695.16,695.16
1784370600000,695.23,695.23,695.23,695.23
1784375100000,695.23,695.23,695.23,695.23
1784376900000,694.83,694.83,694.83,694.83
1784379600000,695.26,695.26,694.61,694.61
1784382300000,695.26,695.26,695.26,695.26
1784389500000,695.29,695.29,695.29,695.29
1784390400000,695.42,695.42,695.42,695.42
1784394000000,695.57,695.57,695.57,695.57
1784396700000,695.59,695.59,695.59,695.59
1784400300000,695.63,695.63,695.63,695.63
1784403000000,695.63,695.63,695.63,695.63
1784403900000,695.78,695.78,695.78,695.78
1784404800000,695.82,695.82,695.82,695.82
1784411100000,695.82,695.82,695.82,695.82
1784415600000,695.95,695.95,695.95,695.95
1784418300000,696.12,696.12,696.12,696.12
1784419200000,696.15,696.15,696.15,696.15
1784421000000,696.15,696.15,696.15,696.15
1784425500000,696.15,696.15,696.15,696.15
1784432700000,696.36,696.36,696.36,696.36
1784439900000,696.42,696.42,696.42,696.42
1784440800000,696.46,696.46,696.46,696.46
1784447100000,696.46,696.46,696.46,696.46
1784449800000,697.09,697.19,697.09,697.19
1784453400000,697.43,697.43,697.43,697.43
1784454300000,697.5,697.5,697.5,697.5
1784457000000,697.64,697.64,697.64,697.64
1784461500000,697.64,697.64,697.64,697.64
1784465100000,697.7,697.7,697.7,697.7
1784466000000,697.7,697.7,697.7,697.7
1784466900000,697.7,697.7,697.7,697.7
1784468700000,697.74,697.74,697.74,697.74
1784472300000,697.74,697.74,697.74,697.74
1784475900000,697.74,697.74,697.74,697.74
1784476800000,697.74,697.74,697.74,697.74
1784479500000,697.95,697.95,697.95,697.95
1784480400000,697.95,697.95,697.95,697.95
1784483100000,698.01,698.01,698.01,698.01
1784486700000,698.01,698.01,698.01,698.01
1784487600000,698.01,698.01,698.01,698.01
1784489400000,698.03,698.03,698.03,698.03
1784490300000,698.1,698.1,698.1,698.1
1784491200000,698.1,698.1,698.1,698.1
1784493900000,698.1,698.1,698.1,698.1
1784497500000,698.1,698.1,698.1,698.1
1784501100000,698.1,698.1,698.1,698.1
1784504700000,698.1,698.13,698.1,698.13
1784505600000,696.65,700,696.2,699.58
1784506500000,699.7,700.17,699.33,699.49
1784507400000,699.49,699.5,698.15,698.36
1784508300000,698.37,698.65,697.53,697.66
1784509200000,697.85,699.11,697.44,697.6
1784510100000,697.6,698.29,696.62,696.76
1784511000000,696.56,697.11,695.79,696.26
1784511900000,696.19,696.77,695.45,696.21
1784512800000,696.25,698.37,696.25,697.21
1784513700000,697.22,697.41,696.15,696.59
1784514600000,696.61,699.03,696.61,698.7
1784515500000,698.69,699.62,698.34,698.39
1784516400000,698.41,698.99,697.69,698.29
1784517300000,698.28,699,697.84,698.17
1784518200000,698.03,698.77,697.56,698.68
1784519100000,698.67,699.61,698.32,698.62
1784520000000,698.64,699,697.95,698.03
1784520900000,697.84,698.8,697.4,698.72
1784521800000,698.71,699.65,698.54,699.47
1784522700000,699.56,699.73,698.52,698.63
1784523600000,698.62,698.8,696.68,697.85
1784524500000,697.67,697.67,696.99,697.11
1784525400000,697.06,697.24,696.55,696.65
1784526300000,696.63,696.98,696.1,696.4
1784527200000,696.4,696.92,695.92,695.92
1784528100000,695.94,696.72,695.61,696.22
1784529000000,695.91,696.61,695.51,696.47
1784529900000,696.39,696.5,695.85,696.42
1784530800000,696.54,697.17,696.51,696.79
1784531700000,696.81,698.32,696.34,698.24
1784532600000,698.38,699.3,698.36,698.84
1784533500000,698.66,699.19,698.21,698.92
1784534400000,699.5,699.51,694.617,699.38
1784535300000,699.44,699.69,698.678,699.34
1784536200000,698.764,698.82,697.805,697.81
1784537100000,698.24,698.424,697.815,698.21
1784538000000,698.24,698.385,697.753,697.84
1784538900000,698.91,699.06,698.188,698.91
1784539800000,699.04,699.672,698.736,699.06
1784540700000,700.22,701.1,699.662,701.1
1784541600000,699.74,700.036,699.456,699.61
1784542500000,699.25,700.183,699.25,699.99
1784543400000,700.14,700.45,699.899,700.45
1784544300000,700.357,700.599,700.276,700.388
1784545200000,700.41,701.612,700.31,701.28
1784546100000,701.26,701.533,700.894,700.99
1784547000000,701.58,703.75,701.067,703.33
1784547900000,703.15,703.447,702.378,702.92
1784548800000,702.6,702.914,700.73,701.08
1784549700000,701.28,701.98,701.002,701.91
1784550600000,702.09,702.198,701.21,701.24
1784551500000,701.35,702.145,701.261,701.64
1784552400000,701.68,702.482,701.57,701.733
1784553300000,701.86,702.49,701.67,702.14
1784554200000,702.26,705.5,701.792,705.4
1784555100000,705.48,705.8,700.73,701.1
1784556000000,700.99,702.36,699.69,700.44
1784556900000,700.47,701.89,698.97,701.89
1784557800000,701.9,702.34,700.05,700.44
1784558700000,700.235,701.215,698.15,698.63
1784559600000,698.54,700.87,698.15,699.85
1784560500000,699.813,701.73,699.47,701.458
1784561400000,701.58,701.9,700.83,701.45
1784562300000,701.84,702.72,700.6,702.38
1784563200000,702.28,703.99,701.84,703.67
1784564100000,703.7,703.83,702.82,703.17
1784565000000,703.29,703.491,700.52,701.26
1784565900000,701.23,702.4,700.135,700.89
1784566800000,700.78,701.106,699.29,699.39
1784567700000,699.11,700.541,699.04,700.14
1784568600000,700.132,700.49,698.868,699.004
1784569500000,698.99,700.69,698.99,700.01
1784570400000,700.16,701.21,700.111,701.02
1784571300000,700.96,701.4,699.726,700.24
1784572200000,699.91,700.005,697.8,697.87
1784573100000,697.81,698.78,697.76,698.09
1784574000000,698.125,698.64,696.57,696.57
1784574900000,696.55,697.87,696.3,697.67
1784575800000,697.68,698.59,697.313,697.94
1784576700000,697.963,698.2,695.53,695.96
1784577600000,696.125,696.83,695.581,695.61
1784578500000,695.41,695.698,695.155,695.26
1784579400000,695.66,695.83,695.329,695.55
1784580300000,695.76,695.949,695.605,695.66
1784581200000,695.831,696.035,695.805,695.956
1784582100000,695.956,695.956,695.751,695.856
1784583000000,695.97,696.064,695.855,695.91
1784583900000,696.02,696.202,696.005,696.085
1784584800000,695.31,696.216,694.2,694.78
1784585700000,694.4,694.637,694.376,694.47
1784586600000,694.75,694.75,694.105,694.27
1784587500000,694.72,694.72,694.205,694.41
1784588400000,694.93,695.823,694.286,695.5
1784589300000,695.599,696.881,695.566,696.881
1784590200000,696.87,696.906,696.535,696.55
1784591100000,696.12,696.94,695.414,696.17
1784592000000,695.58,695.881,694.29,694.91
1784592900000,694.95,697.22,694.29,696.99
1784593800000,696.9,698.31,696.77,697.99
1784594700000,698.06,698.71,697.81,697.82
1784595600000,697.76,699.03,697.35,698.99
1784596500000,698.97,699.1,698.17,698.59
1784597400000,698.82,699.27,698.05,698.11
1784598300000,698.21,699.05,698.11,698.35
1784599200000,698.44,699.7,698.33,698.44
1784600100000,698.34,699.22,697.87,698.72
1784601000000,698.7,700.09,698.7,699.98
1784601900000,699.98,700.12,699.49,700.05
1784602800000,700.14,700.78,700.07,700.62
1784603700000,700.56,701.09,700.56,701.09
1784604600000,701.14,702.35,701.11,702.06
1784605500000,702.21,703.07,702.21,702.94
1784606400000,702.97,703.29,702.71,702.88
1784607300000,702.78,702.99,702.59,702.77
1784608200000,702.72,702.93,702.59,702.76
1784609100000,702.7,703,702.38,702.49
1784610000000,702.54,702.63,702.04,702.04
1784610900000,702.07,702.82,701.62,702.75
1784611800000,702.89,703.4,702.2,703.24
1784612700000,703.25,703.67,702.98,703.59
1784613600000,703.66,704.51,703.62,704.38
1784614500000,704.35,704.57,703.85,703.86
1784615400000,703.89,704.89,703.89,704.85
1784616300000,704.88,704.9,704.34,704.72
1784617200000,704.59,705.08,704.05,704.39
1784618100000,704.24,704.24,703.47,703.75
1784619000000,703.54,704.22,703.34,703.87
1784619900000,703.86,704.06,703.4,704
1784620800000,704.03,704.829,697.226,704.31
1784621700000,704.83,705.27,704.635,705.27
1784622600000,705.2,705.45,705.026,705.45
1784623500000,705.04,705.429,704.881,705.13
1784624400000,705.267,705.543,705.2,705.338
1784625300000,705.87,705.903,705.249,705.29
1784626200000,705.16,705.501,704.903,705.09
1784627100000,705.64,705.66,704.949,704.96
1784628000000,705.52,705.926,704.986,705.85
1784628900000,705.37,705.704,705.28,705.32
1784629800000,705.6,705.997,705.253,705.5
1784630700000,705.61,705.66,705.075,705.21
1784631600000,705.42,705.61,704.498,705.04
1784632500000,705.093,705.093,704.14,704.388
1784633400000,704.52,705.31,704.322,705.16
1784634300000,705.47,705.58,704.755,704.85
1784635200000,705.04,705.859,704.806,705.76
1784636100000,705.44,705.534,704.456,704.66
1784637000000,704.24,704.615,703.99,704.23
1784637900000,704.68,705.694,704.47,705.36
1784638800000,705.27,705.59,705,705.22
1784639700000,705.14,706.53,705.048,706.53
1784640600000,706.58,707.09,704.44,704.7
1784641500000,704.62,705.42,703.52,704.81
1784642400000,704.98,705.77,702.81,704.36
1784643300000,704.24,706.384,702.95,706.17
1784644200000,706.29,706.875,705.25,706.63
1784645100000,706.644,707.32,706.35,706.985
1784646000000,707.15,708.46,705.67,708.26
1784646900000,708.4,708.96,707.835,708.585
1784647800000,708.57,708.66,707.56,707.63
1784648700000,707.57,708.5,707.5,707.54
1784649600000,707.55,709.09,707.44,708.575
1784650500000,708.6,709.4,708.575,708.82
1784651400000,708.83,709.39,708.62,708.98
1784652300000,709.06,709.77,708.852,709.32
1784653200000,709.324,709.89,709.32,709.355
1784654100000,709.465,709.563,709.09,709.3
1784655000000,709.435,709.74,709.19,709.55
1784655900000,709.59,710.04,709.36,709.54
1784656800000,709.55,710.005,709.45,709.45
1784657700000,709.51,709.62,709.04,709.17
1784658600000,709.11,709.73,708.837,709.7
1784659500000,709.7,709.89,708.96,709.24
1784660400000,709.175,709.374,708.655,708.72
1784661300000,708.753,708.99,708.34,708.398
1784662200000,708.34,709.52,708.34,709.445
1784663100000,709.49,709.82,708.63,708.92
1784664000000,708.91,708.917,708.318,708.73
1784664900000,708.68,708.744,708.218,708.41
1784665800000,708.44,708.615,708.341,708.54
1784666700000,708.35,708.435,708.1,708.22
1784667600000,709.06,709.215,708.273,709.06
1784668500000,709.08,709.213,708.98,709.19
1784669400000,709.157,709.375,709.12,709.186
1784670300000,709.187,709.35,709.101,709.146
1784671200000,708.39,709.097,708.174,708.31
1784672100000,708.56,708.649,707.84,707.86
1784673000000,707.96,708.158,707.706,707.96
1784673900000,707.898,708.023,707.521,707.977
1784674800000,707.95,708.21,707.709,707.89
1784675700000,708.43,708.653,707.989,708.43
1784676600000,708.52,708.675,708.046,708.11
1784677500000,708.39,708.648,707.946,708.01
1784678400000,708.61,709.53,708.49,709.4
1784679300000,709.26,709.38,708.37,708.63
1784680200000,708.53,708.8,708,708.22
1784681100000,708.25,708.41,707.63,708.33
1784682000000,708.48,708.48,707.08,707.51
1784682900000,707.66,707.9,707.19,707.43
1784683800000,707.21,707.65,707,707.55
1784684700000,707.53,708.72,707.53,708.12
1784685600000,708.15,708.15,707.14,707.66
1784686500000,707.65,708.22,707.49,708.22
1784687400000,708.02,708.05,707.3,707.52
1784688300000,707.53,707.78,706.96,707.08
1784689200000,707.17,707.28,706.49,706.55
1784690100000,706.56,707.71,706.54,707.71
1784691000000,707.69,707.86,706.7,706.85
1784691900000,707,707.23,706.03,706.26
1784692800000,706.32,706.83,705.97,706.58
1784693700000,706.69,707.16,706.67,707.07
1784694600000,707.04,707.04,706.48,706.65
1784695500000,706.59,706.73,706.17,706.71
1784696400000,706.83,706.83,705.74,705.97
1784697300000,705.79,706.07,705.38,705.4
1784698200000,705.37,705.83,704.92,704.92
1784699100000,705.02,705.67,704.82,705.53
1784700000000,705.5,705.53,704.46,704.5
1784700900000,704.51,704.51,702.83,703.41
1784701800000,703.28,704.18,703.05,703.88
1784702700000,703.86,703.86,702.96,703.72
1784703600000,703.67,703.87,702.7,703.71
1784704500000,703.74,704.44,703.49,704.34
1784705400000,704.01,704.01,702.1,702.93
1784706300000,702.99,703.27,702.39,702.7
1784707200000,703.19,707.623,702.566,703.61
1784708100000,703.44,703.93,703.038,703.6
1784709000000,703.94,704.188,703.402,703.58
1784709900000,703.427,704.214,703.427,704.111
1784710800000,704.19,705.02,704.041,704.69
1784711700000,704.77,704.938,704.474,704.67
1784712600000,704.09,704.477,703.796,704.07
1784713500000,704.256,704.494,703.606,704.494
1784714400000,705.04,705.158,704.364,704.41
1784715300000,705.03,705.435,704.205,705.19
1784716200000,705.4,705.478,704.71,704.73
1784717100000,704.99,705.564,704.707,705.17
1784718000000,704.99,705.33,704.428,704.52
1784718900000,704.32,704.676,703.876,703.89
1784719800000,703.95,704.159,701.96,702.63
1784720700000,702.42,703.303,702.389,702.71
1784721600000,702.94,703.106,702.139,702.59
1784722500000,702.39,702.553,701.377,701.99
1784723400000,702.2,703.08,702.101,702.91
1784724300000,702.77,702.841,700.64,701.87
1784725200000,701.94,702.869,701.92,702.766
1784726100000,702.764,703.75,702.76,703.59
1784727000000,703.63,705.88,703.63,705.685
1784727900000,705.82,708.03,705.12,708.03
1784728800000,708.07,708.25,706.67,707.05
1784729700000,706.93,707.96,706.21,706.67
1784730600000,707.01,707.67,705.61,705.88
1784731500000,706,707.28,705.699,707.28
1784732400000,707.37,708.96,707.229,708.72
1784733300000,708.77,709.61,708.53,709.22
1784734200000,709.24,709.43,708.1,708.334
1784735100000,708.71,709.41,708.343,709.36
1784736000000,709.33,709.42,708.98,709.34
1784736900000,709.34,709.48,708.677,708.88
1784737800000,708.99,709.31,708.284,708.395
1784738700000,708.495,709.12,708.07,708.85
1784739600000,709.01,709.355,708.7,708.88
1784740500000,708.9,709.02,708.548,708.94
1784741400000,708.72,709.085,708.14,708.525
1784742300000,708.485,708.56,707.05,707.287
1784743200000,707.38,707.882,706.85,706.85
1784744100000,706.8,707.49,706.76,707.17
1784745000000,706.87,707.178,706.39,706.91
1784745900000,706.87,707.61,706.81,707.33
1784746800000,707.37,707.62,706.59,706.79
1784747700000,706.79,707.66,706.67,707.48
1784748600000,707.45,707.53,706.05,706.51
1784749500000,706.66,707.28,705.18,705.19
1784750400000,705.478,707.18,704.35,707.15
1784751300000,707.34,707.62,706.35,706.35
1784752200000,706.39,706.745,705.855,705.89
1784753100000,705.87,706.469,705.502,705.67
1784754000000,706.01,706.32,705.025,706.02
1784754900000,705.04,705.158,704.64,705.04
1784755800000,704,704.973,703.609,703.86
1784756700000,703.3,703.927,703.187,703.57
1784757600000,704.31,704.662,702.89,703.39
1784758500000,703.439,703.895,703.118,703.384
1784759400000,703.385,703.469,702.414,702.541
1784760300000,703.18,703.387,702.349,703.25
1784761200000,703,703.246,702.08,702.54
1784762100000,702.79,702.945,702.28,702.81
1784763000000,703.08,703.713,702.744,703.5
1784763900000,703.68,704.735,703.644,704.39
1784764800000,704.52,705.56,704.52,705.46
1784765700000,705.4,707.56,705.34,706.94
1784766600000,706.86,707.45,706.78,707.04
1784767500000,707.05,708.14,706.94,707.69
1784768400000,707.57,707.94,707.14,707.94
1784769300000,707.93,707.99,707.04,707.15
1784770200000,707.37,707.66,705.79,705.79
1784771100000,705.85,706.6,705.69,705.69
1784772000000,705.64,706.21,705,705.09
1784772900000,705.01,705.12,703.7,703.95
1784773800000,703.87,704.43,702.92,703
1784774700000,703.09,703.78,702.99,703.68
1784775600000,703.73,703.73,702.2,702.78
1784776500000,702.74,703.44,702.45,703.41
1784777400000,703.5,704.21,703.32,704.21
1784778300000,704.22,704.51,703.99,704.18
1784779200000,704.06,704.67,703.11,704.67
1784780100000,704.71,705.33,704.19,705.14
1784781000000,705.02,705.4,704.91,704.91
1784781900000,704.82,705.16,704.18,704.39
1784782800000,704.52,704.55,703.94,704.28
1784783700000,704.1,705.5,703.97,705.5
1784784600000,705.5,705.79,704.77,704.83
1784785500000,704.94,704.94,703.44,703.5
1784786400000,703.61,704.23,703.4,703.87
1784787300000,703.82,704.04,703.38,704.04
1784788200000,704.05,704.14,703.49,703.49
1784789100000,703.46,704.32,703.32,703.44
1784790000000,703.51,703.51,700.4,701.39
1784790900000,701.44,702.36,701.31,701.83
1784791800000,701.89,701.89,699.98,700.07
1784792700000,699.98,701.09,699.64,701.06
1784793600000,701.065,704.754,700.546,701.83
1784794500000,702.311,702.885,701.951,702.588
1784795400000,702.74,702.922,702.259,702.39
1784796300000,703,704.088,702.332,703
1784797200000,703.82,704.631,703.446,703.83
1784798100000,703.86,703.893,703.386,703.74
1784799000000,703.29,703.658,703.153,703.305
1784799900000,703.53,703.53,702.589,703.53
1784800800000,702.89,703.046,702.439,702.56
1784801700000,702.55,702.941,702.376,702.86
1784802600000,702.72,704.36,702.636,704.36
1784803500000,704.07,704.07,703.739,703.74
1784804400000,703.02,703.924,702.36,702.64
1784805300000,702.77,703.085,701.32,701.32
1784806200000,701.22,701.42,699.462,699.67
1784807100000,699.9,700.88,699.426,700.43
1784808000000,700.46,700.653,699.46,699.6
1784808900000,699.62,699.859,698.022,698.36
1784809800000,697.97,698.212,695.932,696.14
1784810700000,696.26,696.677,695.59,696.3
1784811600000,696.19,696.7,694.662,694.8
1784812500000,694.77,694.949,694.23,694.44
1784813400000,694.66,698.64,693.25,698.187
1784814300000,698,698.23,694.19,694.555
1784815200000,694.48,696.68,693.79,694.49
1784816100000,694.34,696.14,693.97,694.99
1784817000000,695.35,695.95,692.47,692.91
1784817900000,692.956,693.46,691.3,691.88
1784818800000,691.8,691.86,688.98,689.39
1784819700000,689.2,691.09,688.16,688.48
1784820600000,688.62,690.58,687.8,689.43
1784821500000,689.195,691.58,688.989,691.56
1784822400000,691.655,692.86,691.27,692.56
1784823300000,692.58,694.57,692.07,694.36
1784824200000,694.45,695.11,693.84,693.97
1784825100000,693.89,693.963,692.02,692.83
1784826000000,692.73,693.2,691.55,692.82
1784826900000,692.81,693.61,692.216,693.275
1784827800000,692.99,693.126,691.11,691.69
1784828700000,691.5,692.45,690.99,691.05
1784829600000,690.94,691.29,690.43,690.97
1784830500000,690.865,691.32,690.557,691.123
1784831400000,691.125,691.83,690.47,690.49
1784832300000,690.65,691.21,689.97,690.47
1784833200000,690.8,690.92,689.395,689.46
1784834100000,689.42,691.535,689.42,691.24
1784835000000,691.4,691.575,689.39,689.39
1784835900000,689.33,692.41,688.97,691.98
1784836800000,692.34,695.114,692.078,694.84
1784837700000,694.86,695.851,694.597,695.77
1784838600000,695.695,695.99,694.858,694.916
1784839500000,694.94,695.143,694.734,694.91
1784840400000,695.3,695.625,694.22,694.49
1784841300000,693.94,694.478,693.561,693.99
1784842200000,693.84,693.96,693.481,693.64
1784843100000,693.775,694.51,693.775,694.019
1784844000000,693.18,694.155,692.477,692.68
1784844900000,692.57,693.47,692.376,693.35
1784845800000,693.22,693.84,693.173,693.52
1784846700000,693.86,694.822,693.692,694.72
1784847600000,694.804,694.892,693.919,694.04
1784848500000,694.09,694.232,693.903,694.09
1784849400000,693.79,694.11,693.25,693.25
1784850300000,693.66,694.224,693.231,693.39
1784851200000,693.96,694.97,692.46,693.01
1784852100000,693.07,693.8,692.41,692.94
1784853000000,692.95,693.72,692.42,693.24
1784853900000,693.31,693.81,692.64,693.69
1784854800000,693.64,694.24,693.41,693.41
1784855700000,693.43,694.06,692.92,693.33
1784856600000,693.4,693.97,693.03,693.4
1784857500000,693.39,693.54,692.21,692.25
1784858400000,692.27,692.66,691.8,692.37
1784859300000,692.25,692.45,691.63,691.84
1784860200000,691.75,691.82,690.67,690.69
1784861100000,690.67,690.7,689.89,689.99
1784862000000,689.99,690.56,689.99,690.45
1784862900000,690.48,690.82,690.03,690.53
1784863800000,690.49,690.78,689.49,689.69
1784864700000,689.61,689.95,689.05,689.11
1784865600000,689.14,689.84,688.73,689.19
1784866500000,689.09,690.86,689.09,690.7
1784867400000,690.69,690.82,689.84,690.21
1784868300000,690.11,691.15,689.93,690.99
1784869200000,691.14,691.86,690.72,691.56
1784870100000,691.58,691.84,691.21,691.5
1784871000000,691.5,691.82,691.1,691.82
1784871900000,691.75,692.07,690.53,690.62
1784872800000,690.65,690.65,689.58,689.69
1784873700000,689.73,691.36,689.71,690.11
1784874600000,690.31,690.88,689.62,689.62
1784875500000,689.58,690.66,689.05,690.58
1784876400000,690.56,692.86,690.56,692.81
1784877300000,692.68,693.43,692.58,693.19
1784878200000,693.15,693.35,692.2,692.47
1784879100000,692.57,692.66,692.34,692.34
1784880000000,692.27,693.362,690.919,691.56
1784880900000,691.77,692.375,691.283,691.77
1784881800000,692.38,693.104,692.36,692.48
1784882700000,692.71,692.71,692.217,692.71
1784883600000,693.76,693.84,692.308,693.52
1784884500000,693.09,693.756,692.784,693.51
1784885400000,693.86,694.388,693.535,694.37
1784886300000,694.42,694.43,693.921,694.35
1784887200000,693.83,694.459,693.415,693.83
1784888100000,693.39,693.807,693.294,693.77
1784889000000,693.1,693.961,692.88,692.88
1784889900000,692.95,693.263,692.772,692.91
1784890800000,692.89,693.489,692.741,693.21
1784891700000,693.19,693.38,692.894,692.97
1784892600000,692.97,692.999,692.398,692.6
1784893500000,692.55,694.144,692.046,693.9
1784894400000,693.37,694.182,692.602,693.75
1784895300000,693.91,694.19,693.48,694.07
1784896200000,693.97,694.033,692.586,692.64
1784897100000,692.59,692.732,691.65,691.88
1784898000000,691.757,691.959,691.3,691.724
1784898900000,691.718,692.26,690.54,690.551
1784899800000,690.23,692.46,688.49,689.16
1784900700000,688.93,689.69,685.09,685.22
1784901600000,685.16,688.23,684.88,687.535
1784902500000,687.75,687.77,684.71,686.97
1784903400000,686.79,687.039,683.81,684.34
1784904300000,684.19,688.52,683.57,688.27
1784905200000,688.37,689.7,686,689.46
1784906100000,689.18,690.84,688.42,689.42
1784907000000,689.23,691.19,689.15,689.61
1784907900000,689.73,691.38,689.31,691.33
1784908800000,691.06,692.591,690.755,691.29
1784909700000,691.12,691.695,690.72,691.19
1784910600000,691.01,691.152,689.41,689.505
1784911500000,689.3,689.73,688.59,689.5
1784912400000,689.25,689.431,687.81,688.465
1784913300000,688.4,689.94,688.065,689.8
1784914200000,689.83,690.451,688.59,688.77
1784915100000,688.37,689.5,688.29,688.67
1784916000000,688.66,689.03,687.55,687.69
1784916900000,687.6,687.75,685.44,685.505
1784917800000,685.53,685.685,683.66,684.06
1784918700000,684.01,685.27,684.009,684.72
1784919600000,684.655,685.27,682.64,682.64
1784920500000,682.67,683.73,682.49,683.45
1784921400000,683.58,684.65,683.18,683.95
1784922300000,683.97,684.49,682.77,684.38
1784923200000,684.23,684.583,683.701,684.42
1784924100000,684.47,685.258,684.419,684.81
1784925000000,684.72,684.755,684.307,684.59
1784925900000,684.73,685.01,684.414,685.01
1784926800000,684.7,684.88,684.161,684.3
1784927700000,684.67,684.857,684.182,684.73
1784928600000,685.06,685.389,684.851,684.99
1784929500000,684.84,684.957,684.724,684.84
1784930400000,684.75,684.875,684.58,684.75
1784931300000,684.5,684.745,684.322,684.5
1784932200000,684.579,684.735,684.457,684.486
1784933100000,684.485,684.63,684.154,684.195
1784934000000,684.193,684.378,684.171,684.305
1784934900000,684.305,684.305,683.945,683.965
1784935800000,683.965,683.965,683.53,683.841
1784936700000,683.839,683.945,683.585,683.945
1784937600000,683.945,683.945,683.945,683.945
1784938500000,684.47,684.47,684.47,684.47
1784940300000,684.54,685.06,684.54,685.06
1784943900000,685.13,685.13,685.13,685.13
1784947500000,685.31,685.31,685.31,685.31
1784951100000,685.43,685.43,685.43,685.43
1784952900000,685.52,685.52,685.52,685.52
1784954700000,685.67,685.67,685.67,685.67
1784955600000,685.92,686.18,685.92,686.18
1784958300000,686.44,686.44,686.44,686.44
1784961900000,686.56,686.56,686.56,686.56
1784962800000,686.6,686.6,686.6,686.6
1784965500000,686.6,686.6,686.6,686.6
1784968200000,686.69,686.71,686.69,686.71
1784969100000,686.77,686.77,686.77,686.77
1784970000000,686.84,686.84,686.84,686.84
1784970900000,686.84,686.84,686.84,686.84
1784972700000,686.84,686.86,686.84,686.86
1784975400000,686.86,686.86,686.86,686.86
1784976300000,686.92,686.92,686.92,686.92
1784979900000,687.04,687.04,687.04,687.04
1784980800000,687.1,687.1,687.1,687.1
1784982600000,687.1,687.1,687.1,687.1
1784983500000,687.23,687.29,687.23,687.29
1784984400000,687.3,687.3,687.23,687.23
1784987100000,687.3,687.3,687.3,687.3
1784990700000,687.41,687.41,687.41,687.41
1784991600000,687.55,687.55,687.55,687.55
1784994300000,687.6,687.6,687.6,687.6
1784995200000,687.68,687.68,687.68,687.68
1784997000000,687.75,687.75,687.75,687.75
1784997900000,687.75,687.75,687.75,687.75
1784998800000,687.79,687.79,687.79,687.79
1785001500000,687.93,687.93,687.93,687.93
1785002400000,688.01,688.01,688.01,688.01
1785004200000,688,688.01,688,688.01
1785005100000,688.04,688.04,688.04,688.04
1785006000000,687.42,687.42,687.42,687.42
1785006900000,688.1,688.1,688.1,688.1
1785008700000,688.1,688.12,688.1,688.12
1785010500000,687.89,687.89,687.89,687.89
1785012300000,688.12,688.12,688.12,688.12
1785013200000,688.19,688.19,687.89,687.89
1785015900000,688.19,688.19,688.19,688.19
1785019500000,688.26,688.26,688.26,688.26
1785023100000,688.28,688.28,688.28,688.28
1785026700000,688.39,688.39,688.39,688.39
1785030300000,688.45,688.45,688.45,688.45
1785033900000,688.55,688.55,688.55,688.55
1785034800000,688.31,688.31,687.78,687.78
1785037500000,688.77,688.77,688.77,688.77
1785038400000,688.56,688.56,688.56,688.56
1785041100000,689.04,689.04,689.04,689.04
1785043800000,688.96,688.96,686.47,686.47
1785044700000,689.2,689.39,689.2,689.39
1785048300000,689.66,689.66,689.66,689.66
1785051900000,690.28,690.28,690.28,690.28
1785054600000,690.68,690.84,690.68,690.84
1785055500000,690.98,691.03,690.98,691.03
1785058200000,691.16,691.16,691.16,691.16
1785059100000,690.73,691.26,690.57,691.26
1785060000000,691.27,691.27,691.27,691.27
1785060900000,690.99,690.99,680.57,680.57
1785061800000,683.87,684.06,683.87,684.06
1785062700000,683.88,686.02,683.88,686.02
1785066300000,684.88,684.88,684.88,684.88
1785067200000,684.9,685.23,684.9,685.23
1785068100000,685.26,685.26,685.26,685.26
1785069000000,685.38,685.38,685.38,685.38
1785069900000,685.54,686.11,685.54,686.11
1785070800000,686.43,686.43,686.43,686.43
1785072600000,686.43,686.72,686.43,686.72
1785073500000,686.76,686.76,686.76,686.76
1785074400000,687.1,687.1,687.1,687.1
1785075300000,687.14,687.14,687.14,687.14
1785077100000,687.18,687.18,687.18,687.18
1785078000000,687.24,687.96,687.24,687.96
1785078900000,688.02,688.37,688.02,688.37
1785079800000,688.38,688.49,688.38,688.49
1785080700000,688.52,688.52,688.52,688.52
1785081600000,688.61,688.61,684.9,688.34
1785084300000,688.61,688.61,688.61,688.61
1785087900000,688.69,688.69,688.69,688.69
1785088800000,688.9,688.9,688.9,688.9
1785090600000,688.9,688.9,688.9,688.9
1785095100000,688.75,688.97,688.75,688.97
1785096000000,688.97,688.97,688.97,688.97
1785098700000,689.02,689.02,689.02,689.02
1785099600000,689.16,689.16,689.16,689.16
1785102300000,689.25,689.25,689.25,689.25
1785103200000,689.34,689.72,689.34,689.72
1785105000000,689.87,689.87,689.87,689.87
1785105900000,690.18,690.18,690.18,690.18
1785106800000,690.25,690.43,690.25,690.43
1785109500000,690.49,690.49,690.49,690.49
1785110400000,691.96,695.03,691,693.37
1785111300000,693.33,693.33,691.45,692.38
1785112200000,692.46,693.2,691.85,691.85
1785113100000,691.99,693.18,691.81,691.81
1785114000000,692,692.63,691.09,691.19
1785114900000,691.19,691.38,690.18,690.44
1785115800000,690.59,692.32,690.32,691.5
1785116700000,691.54,692.19,691.23,692.13
1785117600000,692.22,692.51,691.59,692.12
1785118500000,692.15,693.14,692.05,692.79
1785119400000,692.62,693.2,692.08,692.96
1785120300000,693.07,693.2,692.19,692.34
1785121200000,692.4,692.83,692.03,692.83
1785122100000,692.95,693.12,692.33,692.33
1785123000000,692.32,692.73,691.86,692.45
1785123900000,692.48,692.51,691.71,692.06
1785124800000,692.22,692.45,691.9,692.39
1785125700000,692.41,693,692.1,692.32
1785126600000,692.43,693.13,692.13,692.94
1785127500000,693.03,693.41,692.8,693.05
1785128400000,692.9,693.64,692.85,693.6
1785129300000,693.61,693.86,693.48,693.73
1785130200000,693.76,694.38,693.67,693.92
1785131100000,693.97,694.36,693.88,694.11
1785132000000,694.18,694.97,694.18,694.72
1785132900000,694.65,694.82,694.12,694.22
1785133800000,694.21,694.65,694.15,694.3
1785134700000,694.22,694.35,693.87,694.23
1785135600000,694.18,695.01,694.15,695.01
1785136500000,695.01,695.04,694.45,694.5
1785137400000,694.53,694.53,693.72,694.26
1785138300000,694.29,694.41,693.41,693.5
1785139200000,694.21,694.328,683.945,694.17
1785140100000,694.19,694.849,693.893,694.84
1785141000000,694.82,695.304,694.454,695.26
1785141900000,695.218,695.508,695.007,695.238
1785142800000,695.02,695.252,694.893,694.93
1785143700000,695.06,695.29,694.951,695.18
1785144600000,695.43,695.511,694.858,695.33
1785145500000,695.49,695.869,695.425,695.49
1785146400000,695.52,695.635,695.037,695.5
1785147300000,695.41,695.515,695.147,695.39
1785148200000,695.45,695.535,695.171,695.43
1785149100000,695.47,695.66,695.341,695.66
1785150000000,695.31,695.399,694.587,694.664
1785150900000,694.55,694.814,693.579,693.7
1785151800000,693.51,693.928,693.34,693.58
1785152700000,693.66,693.776,693.402,693.5
1785153600000,694.01,694.264,692.82,692.9
1785154500000,692.89,693.18,692.66,692.99
1785155400000,693.12,693.611,692.781,693.54
1785156300000,693.65,694.15,693.612,693.79
1785157200000,694.22,694.37,693.168,693.64
1785158100000,693.457,693.76,691.66,691.729
1785159000000,691.7,692.23,687.74,688.3
1785159900000,688.46,689.59,685.69,685.79
1785160800000,685.72,686.35,683,683.51
1785161700000,683.47,684.52,679.23,679.39
1785162600000,679.45,679.87,676,676.308
1785163500000,676.47,681.69,676.338,681.51
1785164400000,681.55,682.12,680.32,680.38
1785165300000,680.425,681,678.58,679.03
1785166200000,679.21,679.31,676.92,678.224
1785167100000,678.23,679.085,677.32,678.87
1785168000000,679.04,681.08,678.8,679.29
1785168900000,679.135,682.33,678.5,681.1
1785169800000,681.23,682.05,680.28,680.685
1785170700000,680.593,681.14,678.11,678.546
1785171600000,678.6,678.705,677.26,678.26
1785172500000,678.1,678.36,677.129,677.42
1785173400000,677.38,678.83,677.38,678.22
1785174300000,678.29,679.93,677.76,679.9
1785175200000,679.9,680.224,679.51,679.894
1785176100000,679.77,679.888,678.61,679.48
1785177000000,679.23,679.46,677.87,679.33
1785177900000,679.355,681.98,679.14,681.93
1785178800000,681.965,683.04,681.46,682.25
1785179700000,682.38,683.32,682.13,683.27
1785180600000,683.34,683.58,681.61,681.72
1785181500000,681.62,682.33,681.21,682.12
1785182400000,682.33,682.622,681.58,681.95
1785183300000,682.079,682.14,681.651,682.117
1785184200000,682.13,682.94,682.115,682.93
1785185100000,682.29,682.486,681.998,682.34
1785186000000,682.45,682.75,682.207,682.44
1785186900000,682.75,683.059,682.71,682.808
1785187800000,682.806,682.845,682.703,682.814
1785188700000,682.69,682.95,682.61,682.69
1785189600000,682.14,682.86,681.252,681.29
1785190500000,680.94,681.44,680.554,680.91
1785191400000,680.552,681.154,680.505,680.683
1785192300000,680.51,680.928,680.492,680.71
1785193200000,680.61,681.034,680.012,680.49
1785194100000,681.09,681.304,680.289,680.99
1785195000000,681.05,681.295,680.573,680.95
1785195900000,680.4,681.638,680.383,681.23
1785196800000,681.89,682.19,679.82,680.17
1785197700000,680.3,680.67,679.14,679.91
1785198600000,679.99,680.83,679,680.34
1785199500000,680.31,680.31,678.87,679.28
1785200400000,679.18,679.29,676.83,677.37
1785201300000,677.4,679.41,677.27,678.96
1785202200000,678.88,679.79,678.65,679.38
1785203100000,679.42,679.72,677.81,678.03
1785204000000,678.08,678.08,677.14,677.42
1785204900000,677.31,678.2,676.94,677.19
1785205800000,677.18,677.23,676.44,676.84
1785206700000,676.76,677.68,676.46,677.22
1785207600000,677.35,677.35,675.92,676.62
1785208500000,676.73,678.59,676.64,677.2
1785209400000,677.11,678.99,676.4,678.8
1785210300000,679.01,679.21,678.21,678.66
1785211200000,678.52,678.59,677.1,677.1
1785212100000,677.14,677.91,676.84,676.91
1785213000000,676.8,677.07,676.59,676.88
1785213900000,676.88,677.5,676.36,676.5
1785214800000,676.55,677.07,676.15,676.35
1785215700000,676.26,676.45,675.49,675.59
1785216600000,675.65,675.65,674.59,675.05
1785217500000,675.05,675.6,674.46,674.66
1785218400000,674.82,674.96,673.63,673.81
1785219300000,673.91,675.23,673.87,675.13
1785220200000,675.15,675.96,674.96,675.56
1785221100000,675.42,676.49,675.17,676.17
1785222000000,676.33,677.05,675.98,676.86
1785222900000,676.95,677.19,676.1,676.18
1785223800000,676.15,676.54,675.79,676.08
1785224700000,676.16,676.38,675.3,675.88
1785225600000,675.34,680.383,674.721,675.63
1785226500000,675.9,677.62,674.767,677.61
1785227400000,677.12,678.635,676.988,678.42
1785228300000,678.4,678.605,677.309,678.07
1785229200000,677.62,677.855,677.135,677.72
1785230100000,677.61,677.899,677.255,677.64
1785231000000,676.87,677.858,676.77,676.87
1785231900000,677.04,677.071,676.192,676.39
1785232800000,676.43,676.696,676.328,676.48
1785233700000,676.12,676.759,675.964,676.13
1785234600000,676.9,677.035,675.304,675.38
1785235500000,676.07,676.324,675.8,676.16
1785236400000,676.24,676.306,674.29,674.39
1785237300000,674.64,676.398,674.408,674.79
1785238200000,674.54,675.56,673.99,674.18
1785239100000,674.14,676.817,674.14,676.22
1785240000000,676.69,677.467,676.398,676.41
1785240900000,676.57,677.828,676.374,677.6
1785241800000,677.97,678.17,676.518,677.62
1785242700000,677.88,678.35,677.07,677.75
1785243600000,677.31,678.11,676.931,677.94
1785244500000,677.99,678.155,676.1,676.1
1785245400000,676.28,677.31,670.84,671.3
1785246300000,671.35,672.51,668.89,669.32
1785247200000,669.32,672.37,668.03,668.51
1785248100000,668.73,670.55,667.9,670.26
1785249000000,670.24,672.46,669.46,671.9
1785249900000,672.02,674.82,671.33,672.77
1785250800000,672.74,674.48,671.83,673.91
1785251700000,673.64,677.72,673.57,676.61
1785252600000,676.61,678.27,676.32,678.23
1785253500000,678.28,678.92,677.77,678.58
1785254400000,678.68,679.11,677.39,677.56
1785255300000,677.7,678.56,677.18,677.44
1785256200000,677.31,678.47,676.37,678.25
1785257100000,678.22,679.334,677.34,678.82
1785258000000,678.81,679,676.814,677.09
1785258900000,677.03,678.52,676.899,677.36
1785259800000,677.33,678.46,676.264,676.34
1785260700000,676.41,677.04,675.739,676.83
1785261600000,676.68,677.39,675.44,675.44
1785262500000,675.56,676.14,675.38,675.64
1785263400000,675.74,676.48,675.57,675.94
1785264300000,675.94,676.9,675.838,676.83
1785265200000,676.89,677.99,676.861,677.195
1785266100000,677.105,678,676.76,677.92
1785267000000,678.04,678.04,676.138,676.17
1785267900000,676.31,677.11,675.33,675.44
1785268800000,675.56,676.61,674.827,675.72
1785269700000,675.42,677.194,675.376,677.15
1785270600000,676.98,676.98,675.73,676.13
1785271500000,676.4,676.537,675.945,676.24
1785272400000,676.2,676.867,676.2,676.56
1785273300000,676.74,676.925,676.26,676.74
1785274200000,676.93,677.317,676.485,677
1785275100000,677.25,677.365,677.058,677.26
1785276000000,676.81,677.744,676.637,677.5
1785276900000,676.52,676.922,675.328,675.45
1785277800000,675.01,676.041,673.94,674.48
1785278700000,673.61,674.185,671.614,671.87
1785279600000,671.6,673.772,671.01,673.4
1785280500000,673.54,674.745,672.968,674.51
1785281400000,674.81,677.724,674.713,677.62
1785282300000,677.65,679.752,677.344,679.51
1785283200000,679.61,681.67,679.49,680.99
1785284100000,680.92,681.42,678.84,679.45
1785285000000,679.31,679.41,678.08,678.99
1785285900000,679.23,679.51,677.59,677.8
1785286800000,677.77,678.5,675.48,675.59
1785287700000,675.57,677.49,675.12,676.88
1785288600000,676.81,677.01,674.71,674.71
1785289500000,674.68,674.89,672.39,672.43
1785290400000,672.3,674.32,672.05,673.73
1785291300000,673.79,674.98,672.68,674.98
1785292200000,675,675.35,674.18,674.8
1785293100000,674.68,674.83,673.39,673.57
1785294000000,673.57,674.61,672.49,673.39
1785294900000,673.34,673.54,672.19,672.24
1785295800000,672.14,672.47,671.37,672
1785296700000,672.09,672.32,670.4,670.62
1785297600000,670.59,670.61,669.79,670.07
1785298500000,670.08,670.58,669.09,669.97
1785299400000,669.88,670.77,669.1,669.1
1785300300000,669.12,671.72,668.93,671.66
1785301200000,671.7,673.51,671.21,673.43
1785302100000,673.53,673.53,672.08,673.18
1785303000000,672.97,673.97,672.46,673.31
1785303900000,673.43,673.71,672.53,672.55
1785304800000,672.53,672.69,671.19,671.85
1785305700000,671.92,673,671.63,672.91
1785306600000,672.99,675.41,672.99,675.4
1785307500000,675.18,676.09,675.06,675.9
1785308400000,675.81,676.21,675.1,675.62
1785309300000,675.71,676.29,675.39,676.25
1785310200000,676.21,676.59,675.69,675.69
1785311100000,675.74,675.74,674.97,675.28
1785312000000,675.25,679.161,674.212,674.32
1785312900000,674.08,674.705,673.246,673.63
1785313800000,673.675,675.775,673.484,675.771
1785314700000,675.43,676.046,675.081,675.43
1785315600000,676.15,676.966,675.188,676.86
1785316500000,676.6,677.164,676.43,676.85
1785317400000,676.93,677.788,676.604,676.93
1785318300000,678.1,678.924,677.591,678.07
1785319200000,678.07,678.538,677.695,677.78
1785320100000,677.99,678.074,677.323,677.34
1785321000000,677.79,678.021,676.566,676.72
1785321900000,676.807,676.807,675.987,676.238
1785322800000,676.41,677.597,676.146,677.42
1785323700000,677.39,678.07,677.271,677.75
1785324600000,677.71,677.711,676.693,676.85
1785325500000,676.69,677.6,676.579,677.6
1785326400000,677.5,677.626,676.075,676.32
1785327300000,675.18,676.225,674,675.08
1785328200000,674.31,675.499,673.999,675.38
1785329100000,675.45,675.845,675.257,675.35
1785330000000,675.356,675.482,674.485,674.485
1785330900000,674.57,676.05,674.15,675.5
1785331800000,675.51,677.45,673.73,675.39
1785332700000,675.54,676.1,669.56,671.05
1785333600000,671.22,673.4,668.87,669
1785334500000,669.042,670.33,666.51,667.31
1785335400000,667.56,669.16,665.77,666.42
1785336300000,666.38,668.29,665.99,668
1785337200000,667.86,669.29,667.15,667.59
1785338100000,667.23,668.36,666.72,666.92
1785339000000,666.852,667.74,665.98,666.361
1785339900000,666.45,667.06,664.67,665.93
1785340800000,666.09,666.45,663.55,663.58
1785341700000,663.52,666.84,663.29,666.75
1785342600000,666.76,667.52,665.2,665.6
1785343500000,665.58,667.94,665.295,667.94
1785344400000,667.99,671.19,667.83,671.11
1785345300000,671.26,671.51,669.2,669.2
1785346200000,669.11,670.18,668.705,669.88
1785347100000,669.831,670.86,669.21,670.735
1785348000000,670.737,674.84,670.737,672.71
1785348900000,672.74,673.66,671.16,672.21
1785349800000,672.38,677.18,670.67,676.98
1785350700000,676.96,679.87,676.77,678.88
1785351600000,678.95,680.03,673.84,675.383
1785352500000,675.48,676.06,669.15,670.62
1785353400000,670.94,671.51,664.73,665.01
1785354300000,665.21,665.95,661.155,661.44
1785355200000,661.99,662.01,658.44,660.86
1785356100000,660.18,661.555,658.61,659.34
1785357000000,659,661.385,658.74,661
1785357900000,661.01,661.132,659.983,660.34
1785358800000,660,660.019,658.949,659.24
1785359700000,659.09,659.495,658.739,659.1
1785360600000,659.1,659.186,657.039,657.33
1785361500000,656.64,658.128,656.32,657.93
1785362400000,658.43,665.083,658.18,664.11
1785363300000,664.51,665.002,663.126,663.17
1785364200000,663.94,664.64,663.4,664.45
1785365100000,664.58,664.927,663.61,663.96
1785366000000,664.91,666.09,664.202,665.76
1785366900000,665.01,666.397,664.846,666.11
1785367800000,666.52,666.862,665.601,666.04
1785368700000,666.11,666.74,665.523,666.37
1785369600000,666.48,668.18,663.42,667.76
1785370500000,667.49,668.11,666.89,667.82
1785371400000,667.8,668.23,665.4,665.72
1785372300000,665.82,666.81,665.51,666.75
1785373200000,666.86,669.45,666.57,667.36
1785374100000,667.4,669.16,667.21,669.06
1785375000000,668.99,670.33,668.99,669.86
1785375900000,669.93,670.35,669.29,669.29
1785376800000,669.4,670.17,668.82,668.93
1785377700000,668.93,669.23,668.2,668.32
1785378600000,668.32,668.32,667.15,668.29
1785379500000,668.29,668.71,666.65,666.65
1785380400000,666.66,667.53,665.35,665.63
1785381300000,665.61,666.12,665.01,666.1
1785382200000,666.01,667.01,665.26,666.39
1785383100000,666.44,667.08,666.18,666.37
1785384000000,666.45,666.55,665.25,665.37
1785384900000,665.34,666.59,664.73,666.52
1785385800000,666.43,666.66,664.76,665
1785386700000,665.09,665.75,664.15,664.38
1785387600000,664.34,664.56,663.79,664.49
1785388500000,664.71,665.59,664.64,665.12
1785389400000,665.08,666.23,664.84,666.23
1785390300000,666.23,666.72,664.88,665.3
1785391200000,665.31,665.73,664.67,664.83
1785392100000,664.83,665.56,664.45,665.24
1785393000000,665.22,665.22,664.13,664.14
1785393900000,664.09,664.72,663.67,664.01
1785394800000,664.03,666.21,663.69,665.08
1785395700000,665.13,665.16,663.11,663.58
1785396600000,663.26,664.31,662.12,664.17
1785397500000,664.04,664.31,663.06,663.16
1785398400000,662.56,665.575,661.9,664.21
1785399300000,664.54,666.13,663.909,666
1785400200000,665.79,666.282,665.404,665.79
1785401100000,665.13,665.13,665.13,665.13
1785402000000,666,666.909,665.006,666.65
1785402900000,667.11,667.452,666.472,667.32
1785403800000,667.02,667.712,666.644,666.71
1785404700000,666.89,666.984,666.03,666.03
1785405600000,666.064,667.178,665.51,666.61
1785406500000,667.29,668.66,666.622,668.35
1785407400000,668.5,669.058,668.293,668.8
1785408300000,669.11,669.212,668.408,668.59
1785409200000,668.65,670.09,668.46,669.53
1785410100000,669.86,670.96,669.608,670.68
1785411000000,670.65,671.087,669.97,670.56
1785411900000,671.3,671.542,670.572,671.21
1785412800000,671.07,672.002,670.43,671.89
1785413700000,672.003,672.08,670.93,671.368
1785414600000,671.408,672.834,671.007,672.383
1785415500000,672.18,673.37,672.065,673.18
1785416400000,673.19,674.75,672.77,673.99
1785417300000,673.975,674.64,673.714,674.5
1785418200000,674.72,677.675,673.42,677.32
1785419100000,677.292,681.59,677.24,681.53
1785420000000,681.467,682.32,679.45,680.325
1785420900000,680.46,683.58,679.79,683.19
1785421800000,683.07,683.7,681.77,682.01
1785422700000,681.99,682.54,678.46,679.5
1785423600000,679.57,681.11,678.13,678.497
1785424500000,678.489,680.21,677.81,678.284
1785425400000,678.095,680.49,677.96,680.04
1785426300000,680.3,681.11,679.11,679.64
1785427200000,679.75,682.435,679.34,682.27
1785428100000,682.304,682.55,681.34,681.365
1785429000000,681.35,681.47,679.31,679.48
1785429900000,679.66,681.092,679.502,680.95
1785430800000,680.98,682.34,680.961,681.73
1785431700000,681.741,682.89,681.72,681.991
1785432600000,681.998,682.67,681.34,682.431
1785433500000,682.427,682.92,681.92,682.172
1785434400000,682.52,682.82,681.95,682.73
1785435300000,682.76,682.78,681.85,682.33
1785436200000,682.3,682.71,681.5,681.98
1785437100000,681.965,682.425,681.67,682.338
1785438000000,682.34,685.02,682.334,684.6
1785438900000,684.645,685.1,683.815,683.82
1785439800000,683.92,684.1,683.24,683.62
1785440700000,683.815,684.3,683.18,683.61
1785441600000,683.444,686.59,683.1,685.851
1785442500000,686.16,686.85,685.841,686.66
1785443400000,685.75,687.185,685.65,686.42
1785444300000,686.61,686.646,685.79,685.82
1785445200000,685.83,685.927,685.487,685.59
1785446100000,685.96,686.543,685.717,685.73
1785447000000,686,686.44,685.351,686.41
1785447900000,686.41,687.23,685.99,686.25
1785448800000,685.62,687.83,685.476,687.15
1785449700000,687.249,687.747,686.51,686.514
1785450600000,686.516,687.696,686.084,687.668
1785451500000,687.5,687.86,687.5,687.6
1785452400000,687.72,688.19,687.126,688.06
1785453300000,687,687.333,686.784,687
1785454200000,687.16,687.99,686.76,687.99
1785455100000,687.79,688.688,687.489,688.61
1785456000000,688.253,689.67,687.87,689.49
1785456900000,689.47,689.94,688.99,689.79
1785457800000,689.82,690.49,689.8,690.23
1785458700000,690.23,690.82,689.55,690.77
1785459600000,690.86,691.96,690.86,691.72
1785460500000,691.69,691.99,691.35,691.53
1785461400000,691.41,691.62,690.01,690.18
1785462300000,690.17,690.24,689.22,689.68
1785463200000,689.81,690.23,688.69,688.77
1785464100000,688.77,688.77,687.89,688.46
1785465000000,688.32,688.6,687.66,688.17
1785465900000,688.36,688.72,687.89,688.5
1785466800000,688.56,688.67,687.79,688.16
1785467700000,688.38,689.68,688.38,689.36
1785468600000,689.48,689.73,689.17,689.25
1785469500000,689.25,689.54,688.53,689.19
1785470400000,689.2,689.44,688.47,689.36
1785471300000,689.29,690.52,689.17,690.5
1785472200000,690.5,691.51,690.44,691.51
1785473100000,691.51,691.61,691.1,691.44
1785474000000,691.49,691.89,691.19,691.63
1785474900000,691.68,692.18,691.52,692
1785475800000,692.03,692.29,691.23,691.53
1785476700000,691.5,692.47,691.45,692.35
1785477600000,692.2,692.96,692.1,692.88
1785478500000,692.83,692.94,692.28,692.49
1785479400000,692.43,692.49,689.36,689.79
1785480300000,689.69,690.48,689.09,689.97
1785481200000,689.81,691.29,689.28,691.01
1785482100000,691.17,692.03,690.47,691.48
1785483000000,691.3,692.01,691.15,691.91
1785483900000,692,692.29,691.34,692.07
1785484800000,692.17,692.371,688.864,691.96
1785485700000,692.09,692.76,691.837,692.23
1785486600000,692.44,692.843,691.779,691.93
1785487500000,692.59,692.795,691.829,692.65
1785488400000,692.9,693.61,692.661,693.35
1785489300000,693.23,693.359,692.321,692.92
1785490200000,691.79,692.397,691.108,691.61
1785491100000,691.04,691.882,690.995,691.04
1785492000000,690.9,691.718,690.768,691
1785492900000,692.06,692.1,691.409,691.93
1785493800000,691.99,692.185,691.755,691.9
1785494700000,692.24,692.353,691.543,691.77
1785495600000,691.83,693.202,691.75,692.53
1785496500000,691.81,692.56,691.493,692.06
1785497400000,691.31,691.64,690.854,690.99
1785498300000,691.14,691.674,691.055,691.47
1785499200000,690.96,691.575,689.802,689.95
1785500100000,689.51,690.322,689.099,690.05
1785501000000,690.01,690.24,688.61,689.07
1785501900000,688.89,689.927,688.812,689.36
1785502800000,689.28,690.96,689.26,690.96
1785503700000,690.94,692.13,690.94,691.99
1785504600000,692.19,695.68,688.33,688.33
1785505500000,688.31,689.505,685.33,686.8
1785506400000,686.71,687.59,680.58,681.25
1785507300000,681.36,684.31,680.11,683.93
1785508200000,684.28,685.25,683.305,684.56
1785509100000,684.576,686.51,684,685.654
1785510000000,685.62,686.4,683.463,684.77
1785510900000,684.91,686.305,681.12,681.8
1785511800000,681.86,684.357,680.97,683.264
1785512700000,683.269,685.18,682.21,684.755
1785513600000,684.74,685.55,684.05,685.35
1785514500000,685.49,686.88,684.37,686.88
1785515400000,686.86,687.55,685.78,685.963
1785516300000,685.951,687.56,685.62,687.122
1785517200000,687.08,688.08,686.96,687.92
1785518100000,687.92,689.69,687.8,689.37
1785519000000,689.377,690.32,688.93,689.241
1785519900000,689.242,689.67,688.28,688.553
1785520800000,688.52,689.126,687.765,687.97
1785521700000,687.965,688.97,687.893,688.5
1785522600000,688.437,688.98,688.27,688.646
1785523500000,688.646,689.4,688.27,688.743
1785524400000,688.738,689.27,688.03,688.656
1785525300000,688.72,690.25,688.59,689.66
1785526200000,689.74,689.88,688.73,689.715
1785527100000,689.85,690.84,687.47,687.99
1785528000000,688.29,688.63,686.57,687.83
1785528900000,687.69,687.764,686.981,687.02
1785529800000,687.28,687.701,686.84,687.46
1785530700000,687.44,687.5,684.995,685.42
1785531600000,685.49,686.04,685.194,685.79
1785532500000,685.889,685.915,684.888,685.107
1785533400000,685.1,685.259,684.682,685.069
1785534300000,684.96,685.085,684.127,684.46
1785535200000,684.532,684.797,684.28,684.317
1785536100000,684.31,684.35,684.11,684.154
1785537000000,684.55,685.24,684.106,685.01
1785537900000,684.96,685,684.747,684.83
1785538800000,684.831,684.894,684.712,684.89
1785539700000,684.89,685.13,684.89,685.111
1785540600000,685.111,685.111,684.908,685.047
1785541500000,685.045,685.194,684.447,684.539
1785542400000,684.54,684.54,684.54,684.54
1785545100000,685.99,685.99,685.99,685.99
1785547800000,686.1,686.13,686.1,686.13
1785548700000,686.34,686.34,686.34,686.34
1785552300000,686.37,686.37,686.37,686.37
1785553200000,686.43,686.43,686.25,686.25
1785554100000,686.51,686.51,686.51,686.51
1785555000000,686.6,686.6,686.6,686.6
1785555900000,686.71,686.71,686.71,686.71
1785556800000,686.72,686.72,686.72,686.72
1785558600000,686.76,686.76,686.76,686.76
1785559500000,686.82,686.82,686.82,686.82
1785561300000,686.88,686.88,686.88,686.88
1785563100000,686.88,686.88,686.88,686.88
1785564900000,686.43,686.43,686.43,686.43
1785566700000,687.08,687.08,687.08,687.08
1785569400000,687.21,687.21,687.21,687.21
1785570300000,687.51,687.51,687.51,687.51
1785573000000,687.57,687.57,687.57,687.57
1785573900000,687.72,687.72,687.72,687.72
1785575700000,687.72,687.81,687.72,687.81
1785576600000,688.02,688.02,688.02,688.02
1785577500000,688.09,688.09,688.09,688.09
1785579300000,687.7,687.7,687.7,687.7
1785581100000,688.1,688.1,688.1,688.1
1785584700000,688.16,688.16,688.16,688.16
1785585600000,688.24,688.24,688.24,688.24
1785587400000,688.24,688.36,688.24,688.36
1785588300000,688.36,688.36,688.36,688.36
1785589200000,688.49,688.49,688.15,688.15
1785591900000,688.49,688.49,688.49,688.49
1785592800000,688.52,688.54,688.15,688.15
1785595500000,688.66,688.66,688.66,688.66
1785596400000,688.68,688.68,688.68,688.68
1785597300000,688.15,688.15,688.11,688.11
1785599100000,688.84,689.02,688.84,689.02
1785600000000,689.15,689.15,689.15,689.15
1785602700000,689.15,689.15,689.15,689.15
1785603600000,689.15,689.15,689.15,689.15
1785606300000,689.15,689.15,689.15,689.15
1785607200000,689.15,689.15,689.15,689.15
1785608100000,688.57,688.57,687.16,687.39
1785609000000,689.15,689.15,687.03,687.03
1785609900000,689.15,689.15,689.15,689.15
1785613500000,689.15,689.15,689.15,689.15
1785617100000,689.15,689.15,689.15,689.15
1785620700000,689.15,689.15,689.15,689.15
1785621600000,689.15,689.15,689.15,689.15
1785624300000,689.15,689.15,689.15,689.15
1785627000000,689.15,689.42,687,687
1785627900000,689.47,689.47,689.47,689.47
1785628800000,688.6,688.6,688.6,688.6
1785631500000,689.48,689.48,689.48,689.48
1785632400000,689.08,689.08,689.08,689.08
1785633300000,688.51,689.52,688.51,689.14
1785635100000,689.5,689.5,689.5,689.5
1785637800000,689.52,689.67,689.52,689.67
1785638700000,690.17,690.69,690.17,690.69
1785641400000,690.82,690.82,690.82,690.82
1785642300000,690.84,691.02,690.84,691.02
1785643200000,691.14,691.14,691.14,691.14
1785644100000,691.16,691.16,691.16,691.16
1785645900000,691.23,691.23,691.23,691.23
1785648600000,691.31,691.31,691.31,691.31
1785649500000,691.34,691.34,691.34,691.34
1785650400000,691.36,691.36,691.36,691.36
1785653100000,691.47,691.47,691.47,691.47
1785656700000,691.61,691.61,691.61,691.61
1785657600000,691.72,691.72,691.72,691.72
1785658500000,691.72,691.72,691.72,691.72
1785659400000,691.79,691.79,691.79,691.79
1785660300000,691.81,691.81,691.81,691.81
1785663900000,691.89,691.89,691.89,691.89
1785667500000,691.92,691.92,691.92,691.92
1785671100000,691.97,691.97,691.72,691.72
1785672000000,691.72,692.05,691.72,692.05
1785673800000,692.07,692.07,692.07,692.07
1785674700000,692.34,692.34,692.34,692.34
1785675600000,692.35,692.35,691.83,691.83
1785676500000,691.83,691.83,691.65,691.65
1785678300000,692.35,692.35,692.35,692.35
1785679200000,692.43,692.43,692.43,692.43
1785681900000,692.43,692.43,692.43,692.43
1785684600000,692.56,692.56,692.56,692.56
1785685500000,692.58,692.58,692.58,692.58
1785686400000,692.63,692.71,692.63,692.71
1785688200000,692.41,692.41,692.41,692.41
1785689100000,692.73,692.73,692.73,692.73
1785690000000,692.81,692.81,692.81,692.81
1785691800000,692.85,692.85,692.85,692.85
1785692700000,692.97,692.97,692.97,692.97
1785693600000,693.07,693.07,693.07,693.07
1785694500000,693.08,693.08,693.08,693.08
1785695400000,693.1,693.1,693.1,693.1
1785696300000,693.11,693.14,693.11,693.14
1785698100000,693.15,693.15,693.15,693.15
1785699900000,693.18,693.42,693.18,693.42
1785703500000,693.42,693.42,693.42,693.42
1785705300000,693.51,693.51,693.51,693.51
1785707100000,693.52,693.52,693.52,693.52
1785709800000,693.82,693.82,693.82,693.82
1785710700000,693.85,693.85,693.85,693.85
1785711600000,693.94,693.94,693.94,693.94
1785713400000,693.86,693.86,693.86,693.86
1785714300000,693.86,693.86,693.86,693.86
1785715200000,692.88,693.08,691.03,693.01
1785716100000,693.01,693.4,691.23,691.67
1785717000000,691.58,693,691.39,692.29
1785717900000,692.38,693.3,692.1,693.2
1785718800000,693.34,693.53,692.39,692.55
1785719700000,692.54,693.05,691.88,692.95
1785720600000,692.99,693.45,692.25,693.39
1785721500000,693.44,693.92,693.18,693.85
1785722400000,693.89,694.34,693.49,694.23
1785723300000,694.25,694.67,693.61,693.65
1785724200000,693.71,694.37,693.6,693.85
1785725100000,693.86,694.26,693.75,694.26
1785726000000,694.25,694.52,694.15,694.27
1785726900000,694.29,694.53,693.75,693.87
1785727800000,693.87,694.45,693.73,694.4
1785728700000,694.45,695.07,694.29,694.4
1785729600000,694.4,694.4,694.02,694.2
1785730500000,694.25,694.81,694.25,694.69
1785731400000,694.75,694.76,694.34,694.49
1785732300000,694.5,694.77,693.92,693.94
1785733200000,693.97,694.34,693.5,693.64
1785734100000,693.6,693.85,693.25,693.59
1785735000000,693.61,693.93,693.43,693.56
1785735900000,693.61,693.82,693.18,693.68
1785736800000,693.72,694.16,693.56,693.82
1785737700000,693.72,693.91,693.17,693.33
1785738600000,693.35,693.82,693.01,693.05
1785739500000,692.99,693.12,692.18,692.58
1785740400000,692.61,693.52,691.89,693.13
1785741300000,693.16,693.43,692.05,692.86
1785742200000,692.83,693.03,691.82,691.82
1785743100000,691.87,692.49,691.79,692.49
1785744000000,685.845,692.332,685.845,691.837
1785744900000,690.26,691.837,689.715,690.26
1785745800000,690.87,691.57,689.689,691.4
1785746700000,691.3,692.583,691.033,692.34
1785747600000,692.66,692.67,691.411,691.97
1785748500000,691.98,692.233,691.531,691.66
1785749400000,691.51,692.099,691.419,691.65
1785750300000,691.417,691.783,690.837,691.752
1785751200000,691.53,691.792,691.01,691.19
1785752100000,691.07,691.229,690.141,690.499
1785753000000,690.75,691.009,690.138,690.73
1785753900000,690.94,691.363,690.737,691.27
1785754800000,691.2,691.344,689.577,690.02
1785755700000,690.34,690.547,689.668,689.75
1785756600000,689.653,690.549,689.178,689.698
1785757500000,689.46,689.72,688.047,688.32
1785758400000,688.26,688.715,687.574,688.63
1785759300000,688.8,689.34,688.529,688.72
1785760200000,689.26,689.959,688.84,689.44
1785761100000,689.964,690.044,689.01,689.386
1785762000000,689.34,689.727,688.957,689.2
1785762900000,689.59,690.14,687.83,688.32
1785763800000,688.3,691.24,685.89,690.21
1785764700000,690.16,693.2,689.1,693.192
1785765600000,693.21,693.29,691.135,691.99
1785766500000,692.065,694.71,691.78,694.6
1785767400000,694.67,696.01,694.26,695.41
1785768300000,695.384,697.7,695.2,697.523
1785769200000,697.537,697.549,696.27,696.48
1785770100000,696.48,697.47,695.7,695.967
1785771000000,695.93,697.25,695.87,697.09
1785771900000,697.21,697.86,697.015,697.44
1785772800000,697.408,698.06,697.408,697.931
1785773700000,697.927,698.69,697.896,698.487
1785774600000,698.52,698.65,697.87,698.41
1785775500000,698.38,698.58,698.08,698.08
1785776400000,698.12,699.07,697.91,699.004
1785777300000,698.998,699.76,698.93,699.644
1785778200000,699.649,699.86,699.455,699.68
1785779100000,699.67,700.56,699.67,700.46
1785780000000,700.49,701.56,700.478,701.04
1785780900000,701.04,701.394,699.8,699.84
1785781800000,699.827,700.35,699.62,700.336
1785782700000,700.33,700.59,699.88,700.25
1785783600000,700.4,701.11,699.94,699.985
1785784500000,700.08,700.65,700.011,700.38
1785785400000,700.409,700.67,700.04,700.432
1785786300000,700.425,700.9,699.27,700.09
1785787200000,699.73,700.47,699.58,700.36
1785788100000,700.35,700.973,700.242,700.55
1785789000000,700.47,700.84,700.305,700.75
1785789900000,700.76,700.79,700.446,700.61
1785790800000,700.667,700.697,700.285,700.447
1785791700000,700.446,700.656,700.413,700.56
1785792600000,700.558,700.605,700.369,700.605
1785793500000,700.62,700.818,700.567,700.74
1785794400000,700.89,701.245,700.616,700.8
1785795300000,700.718,701.168,700.718,701.113
1785796200000,701.111,701.521,700.921,701.448
1785797100000,701.3,701.447,701.121,701.24
1785798000000,701.202,701.225,700.868,701.008
1785798900000,701.35,701.465,701.01,701.35
1785799800000,701.41,701.521,700.98,701.12
1785800700000,701.17,701.714,701.12,701.51
1785801600000,701.55,701.99,700.83,700.93
1785802500000,700.93,700.93,700.17,700.21
1785803400000,700.28,700.28,699.28,699.94
1785804300000,699.93,700.21,699.37,699.45
1785805200000,699.46,699.5,698.38,699.18
1785806100000,699.41,700.17,698.99,700.16
1785807000000,700.21,701.05,700.17,701.05
1785807900000,701.19,703.64,701.19,703.55
1785808800000,703.43,703.57,701.79,701.84
1785809700000,701.85,701.9,701.19,701.36
1785810600000,701.42,702.35,701.42,702.1
1785811500000,702.19,702.3,701.62,701.88
1785812400000,701.87,702.29,700.96,701.13
1785813300000,701.31,702.16,701,701.94
1785814200000,702.01,702.62,701.57,701.59
1785815100000,701.78,702.66,701.59,702.47
1785816000000,702.48,702.59,701.8,701.92
1785816900000,701.98,702.87,701.98,702.71
1785817800000,702.74,702.85,702.46,702.54
1785818700000,702.51,703.06,702.41,702.74
1785819600000,702.89,703.01,702.03,702.25
1785820500000,702.21,703.24,702.09,703.24
1785821400000,703.22,704.3,703.22,704
1785822300000,703.81,704.34,703.57,704.34
1785823200000,704.31,704.75,704.2,704.6
1785824100000,704.68,704.9,704.43,704.54
1785825000000,704.5,704.68,703.59,703.84
1785825900000,703.83,704.31,703.82,704.31
1785826800000,704.4,704.94,703.5,704.2
1785827700000,704.22,705.13,704.1,705
1785828600000,704.95,705.39,704.37,704.45
1785829500000,704.43,705.11,704.15,704.24
1785830400000,704.25,705.489,702.219,705.17
1785831300000,705.51,705.68,704.902,705.25
1785832200000,704.59,705.197,704.017,704.59
1785833100000,703.78,704.368,703.5,704.34
1785834000000,703.38,704.16,702.855,703.1
1785834900000,703.339,703.549,702.74,703.549
1785835800000,704.39,704.455,703.551,704.39
1785836700000,704.33,704.543,704.001,704.28
1785837600000,705,705.183,704.187,705.09
1785838500000,704.87,705.269,704.641,705.25
1785839400000,704.842,705.525,704.371,705.483
1785840300000,705.74,705.98,705.096,705.36
1785841200000,705.29,706.073,705.29,705.88
1785842100000,706.09,706.651,705.931,706.62
1785843000000,706.59,707.62,706.21,707.62
1785843900000,707.14,708.4,707.14,708.18
1785844800000,708.16,708.242,707.48,707.63
1785845700000,707.55,708.135,707.512,707.85
1785846600000,707.46,707.952,707.36,707.84
1785847500000,707.846,707.862,707.107,707.474
1785848400000,707.43,708.168,707.227,708.06
1785849300000,708.18,709.25,707.85,708.07
1785850200000,708.49,713.475,707.58,712.47
1785851100000,712.7,714.64,712.383,713.72
1785852000000,713.71,715.65,713.01,715.6
1785852900000,715.65,716.19,714.28,715.94
1785853800000,716.06,716.33,715.14,716.02
1785854700000,715.98,716.09,715.27,715.82
1785855600000,715.824,717.616,715.775,717.563
1785856500000,717.559,718.525,717.43,717.962
1785857400000,717.95,718.99,717.61,718.94
1785858300000,718.99,719.41,718.73,718.79
1785859200000,718.757,719.402,718.6,718.88
1785860100000,718.91,719.98,718.897,719.65
1785861000000,719.645,720.25,719.41,720.135
1785861900000,720.15,720.6,720.145,720.56
1785862800000,720.57,721.89,720.53,721.85
1785863700000,721.823,722.465,721.5,722.336
1785864600000,722.337,723.47,721.98,723.439
1785865500000,723.51,724.27,722.73,722.75
1785866400000,722.71,723.272,722.14,723.26
1785867300000,723.284,723.84,723.23,723.81
1785868200000,723.85,724.13,722.9,723.202
1785869100000,723.201,724.19,723.201,723.844
1785870000000,723.87,725.18,723.79,724.945
1785870900000,725.01,725.38,724.03,724.06
1785871800000,724.187,725.5,724.03,725.444
1785872700000,725.49,725.625,723.14,723.68
1785873600000,723.381,725.438,723.358,724.764
1785874500000,724.22,724.706,721.01,721.59
1785875400000,721.68,722.214,721.04,721.85
1785876300000,721.75,722.381,721.577,721.6
1785877200000,722.02,722.85,721.57,721.92
1785878100000,721.961,722.249,721.733,721.781
1785879000000,721.99,722.075,721.783,722.01
1785879900000,721.942,721.955,721.25,721.425
1785880800000,722.01,722.668,721.372,722.57
1785881700000,722.75,722.849,722.171,722.31
1785882600000,722.68,722.826,721.782,721.828
1785883500000,721.96,722.455,721.824,722.41
1785884400000,722.78,722.895,722.156,722.76
1785885300000,722.88,722.928,722.307,722.83
1785886200000,722.02,722.845,721.988,722.8
1785887100000,722.71,723.194,722.564,722.81
1785888000000,722.42,723.47,722.4,723.31
1785888900000,723.32,723.49,722.8,723.45
1785889800000,723.43,723.8,722.9,722.91
1785890700000,722.87,723.4,722.32,723.06
1785891600000,722.94,723.38,722.4,722.93
1785892500000,722.91,722.91,721.92,722.41
1785893400000,722.4,723,722.28,722.88
1785894300000,722.92,723.93,722.92,723.6
1785895200000,723.66,724.01,723.51,723.69
1785896100000,723.66,723.78,723.19,723.24
1785897000000,723.19,723.44,722.99,723.32
1785897900000,723.33,723.72,723.27,723.41
1785898800000,723.34,724.09,723.34,723.92
1785899700000,724.01,724.18,723.53,723.53
1785900600000,723.51,724.12,723.42,724
1785901500000,724.06,724.19,723.66,724.13
1785902400000,724.13,724.3,723.96,724
1785903300000,724.02,724.02,723.42,723.58
1785904200000,723.7,724.57,723.62,724.47
1785905100000,724.45,724.78,724.04,724.51
1785906000000,724.45,725.35,724.45,725.31
1785906900000,725.32,725.57,725.21,725.33
1785907800000,725.29,725.42,724.91,725.37
1785908700000,725.43,726.42,725.4,726.42
1785909600000,726.34,726.59,725.91,726.45
1785910500000,726.43,726.43,725.01,725.15
1785911400000,725.11,725.91,725.11,725.32
1785912300000,725.44,726.08,725.29,726.08
1785913200000,726.12,726.41,725.37,725.49
1785914100000,725.52,725.52,724.48,724.52
1785915000000,724.54,724.8,724.04,724.04
1785915900000,724.07,724.56,724.06,724.52
1785916800000,724.45,724.955,723.085,724.17
1785917700000,722.73,723.673,722.484,722.83
1785918600000,722.16,722.982,721.988,722
1785919500000,722.16,722.922,722.015,722.65
1785920400000,722.841,723.157,722.548,722.78
1785921300000,722.98,723.41,722.326,722.98
1785922200000,723.7,724.034,723.401,723.85
1785923100000,723.976,724.111,723.272,723.381
1785924000000,723.36,723.614,722.798,722.99
1785924900000,722.973,723.514,722.9,723.361
1785925800000,723.358,723.662,723.191,723.319
1785926700000,723.37,723.65,722.848,723.59
1785927600000,723.54,724.89,723.511,724.68
1785928500000,724.45,724.865,724.366,724.64
1785929400000,724.471,725.1,724.16,724.844
1785930300000,724.69,725.374,724.506,724.82
1785931200000,724.81,724.95,724.214,724.91
1785932100000,724.44,725.248,724.4,725.21
1785933000000,725.25,725.476,724.301,725.22
1785933900000,725.339,725.439,724.646,724.778
1785934800000,724.93,725.537,724.777,725.39
1785935700000,724.91,726.17,724.343,726.17
1785936600000,726.25,728.14,724.68,727.99
1785937500000,728.2,728.48,726.39,727.96
1785938400000,726.934,726.938,726.934,726.938
1785939300000,724.802,724.802,724.789,724.789
1785940200000,724.715,724.778,722.49,723.43
1785941100000,722.96,724.36,721.655,723.03
1785942000000,723.135,724.04,722.55,722.81
1785942900000,722.816,723,721.035,722.042
1785943800000,722.049,723.249,722.049,722.298
1785944700000,722.23,722.305,719.91,720.37
1785945600000,720.47,720.99,719.51,720.02
1785946500000,720.11,722.66,719.95,722.62
1785947400000,722.775,722.87,721.252,721.65
1785948300000,721.688,722.459,721.464,722.163
1785949200000,722.23,722.375,720.58,721.17
1785950100000,721.075,721.43,720.45,720.77
1785951000000,720.66,721.308,720.48,720.86
1785951900000,720.8,721.27,720.372,720.78
1785952800000,720.838,721.545,720.77,721.028
1785953700000,721.019,721.416,720.87,721.243
1785954600000,721.275,721.275,720.18,720.48
1785955500000,720.46,721.01,720.09,720.1
1785956400000,720.15,721.33,719.96,721.29
1785957300000,721.255,721.37,720.85,720.899
1785958200000,720.896,721.02,719.66,719.773
1785959100000,719.82,720.18,716.945,717.29
1785960000000,717.195,717.45,715.47,717.26
1785960900000,717.04,717.389,716.241,716.42
1785961800000,716.5,717.12,716.354,717.09
1785962700000,717.044,717.202,716.53,716.909
1785963600000,717.1,717.298,716.592,717.13
1785964500000,717.061,717.144,716.624,716.756
1785965400000,716.8,716.816,715.718,715.75
1785966300000,715.58,716.05,715.565,715.87
1785967200000,716.007,716.906,716.007,716.378
1785968100000,716.64,717.958,716.386,717.74
1785969000000,717.99,718.734,717.726,718.64
1785969900000,718.01,718.917,717.563,717.71
1785970800000,717.5,717.885,717.419,717.88
1785971700000,717.849,718.179,717.58,717.773
1785972600000,717.769,717.852,716.607,716.776
1785973500000,716.46,716.774,716.308,716.51
1785974400000,716.76,717.17,715.95,716.7
1785975300000,716.66,717.31,716.07,716.19
1785976200000,716.21,716.79,715.93,716.18
1785977100000,716.2,716.6,715.62,715.76
1785978000000,715.61,715.61,714.81,715.3
1785978900000,715.07,715.07,713.63,714
1785979800000,714.06,714.89,714.04,714.21
1785980700000,714.21,715.21,714.12,714.7
1785981600000,714.68,716.07,714.56,715.6
1785982500000,715.8,716.57,715.72,716
1785983400000,715.87,717.56,715.62,717.49
1785984300000,717.55,717.66,716.85,716.92
1785985200000,716.85,717.31,716.59,716.7
1785986100000,716.67,716.8,715.63,715.84
1785987000000,715.84,716.23,715.45,715.96
1785987900000,715.94,716.75,715.84,716.71
1785988800000,716.6,716.6,715.69,716.14
1785989700000,716.2,717.08,716.2,716.71
1785990600000,716.72,717.15,715.88,715.89
1785991500000,716.03,716.54,715.89,716.44
1785992400000,716.6,716.99,716.2,716.68
1785993300000,716.68,717,716.38,716.69
1785994200000,716.72,716.73,716,716.71
1785995100000,716.67,716.74,715.88,716.72
1785996000000,716.48,716.48,714.81,714.95
1785996900000,714.83,715.89,714.43,715.87
1785997800000,715.73,715.73,714.65,714.77
1785998700000,714.83,715.23,714.43,715.16
1785999600000,715.35,716.27,714.96,715.99
1786000500000,715.94,716.19,715.38,715.69
1786001400000,715.7,715.7,714.86,715.07
1786002300000,715.2,715.53,714.76,714.96
1786003200000,715.02,716.293,713.481,713.78
1786004100000,714.41,714.983,713.539,714.41
1786005000000,715.36,715.491,714.86,714.87
1786005900000,714.73,715.319,714.587,715
1786006800000,715.02,715.223,713.386,714.12
1786007700000,713.486,714.548,713.486,714.348
1786008600000,714.31,714.729,714.206,714.72
1786009500000,714.64,715.496,714.49,715.36
1786010400000,715.33,715.582,714.746,714.95
1786011300000,714.867,715.349,714.668,715.201
1786012200000,714.71,715.217,714.208,714.6
1786013100000,714.17,714.552,714.027,714.06
1786014000000,714.39,714.39,711.564,712.751
1786014900000,712.93,714.036,712.76,713.92
1786015800000,714.05,715.08,714.037,714.62
1786016700000,714.88,714.88,713.36,713.85
1786017600000,713.9,714.059,712.631,712.66
1786018500000,712.25,713.507,712.163,713.22
1786019400000,713.07,713.83,712.866,712.94
1786020300000,713.09,713.221,712.13,712.27
1786021200000,712.22,712.404,711.22,711.22
1786022100000,711.23,711.509,710.679,710.88
1786023000000,710.82,714.13,708.56,713.745
1786023900000,713.76,716.01,713.63,715.47
1786024800000,715.63,717.66,714.58,717.345
1786025700000,717.46,718.84,716.44,716.795
1786026600000,716.81,718.43,715.915,716.9
1786027500000,716.879,718.57,715.63,718.57
1786028400000,718.61,719.3,717.33,718.37
1786029300000,718.28,718.71,716.37,717.31
1786030200000,717.55,717.79,715.64,715.65
1786031100000,715.669,717.743,715,715.17
1786032000000,715.16,715.79,714.315,714.505
1786032900000,714.47,714.91,713.686,714.09
1786033800000,714.06,715.4,713.93,714.3
1786034700000,714.28,716.16,714,716.08
1786035600000,716.15,716.57,715.26,715.36
1786036500000,715.376,715.95,715.105,715.464
1786037400000,715.39,715.75,714.62,714.99
1786038300000,715.05,715.5,714.68,715.38
1786039200000,715.58,715.835,715,715.79
1786040100000,715.79,716.55,714.65,716.101
1786041000000,716.1,716.22,714.795,715.2
1786041900000,715.2,715.6,714.875,715.055
1786042800000,715.11,716.39,715.01,715.55
1786043700000,715.59,715.914,714.66,714.89
1786044600000,714.89,715.79,714.46,714.772
1786045500000,714.82,715.55,714.14,714.6
1786046400000,714.66,715.91,714.473,715.61
1786047300000,715.56,715.85,714.358,714.39
1786048200000,714.51,714.786,714.3,714.68
1786049100000,714.626,714.844,714.506,714.797
1786050000000,714.8,715.204,714.8,715.04
1786050900000,715.01,715.169,714.948,715.01
1786051800000,714.953,714.965,714.735,714.902
1786052700000,715,715.219,714.907,715.01
1786053600000,715.135,716.584,714.746,716.561
1786054500000,716.35,716.579,715.831,716.09
1786055400000,715.7,716.183,715.482,715.7
1786056300000,715.93,716.352,715.918,715.93
1786057200000,716.334,716.43,716.119,716.186
1786058100000,716.185,717.055,716.185,716.525
1786059000000,716.44,716.85,716.323,716.44
1786059900000,717.13,717.183,716.626,717.06
1786060800000,717.8,717.8,716.5,716.61
1786061700000,716.61,716.61,714.99,715.27
1786062600000,715.29,716.69,715.08,716.01
1786063500000,716.23,716.74,715.1,716.55
1786064400000,716.54,716.91,715.55,715.6
1786065300000,715.61,715.67,714.62,715.67
1786066200000,715.86,716.85,714.91,715.48
1786067100000,715.53,715.88,715.16,715.71
1786068000000,715.61,716.13,714.78,715.81
1786068900000,715.71,715.94,715.43,715.56
1786069800000,715.64,715.64,714.49,715.07
1786070700000,715,715.83,714.99,715.69
1786071600000,715.68,716.09,715.66,715.74
1786072500000,715.75,715.75,714.88,714.99
1786073400000,715.01,715.44,714.98,715.1
1786074300000,714.99,715.22,714.68,714.69
1786075200000,714.71,714.94,714.45,714.5
1786076100000,714.42,715.34,713.92,715.14
1786077000000,715.17,715.54,714.87,714.87
1786077900000,714.84,715.26,714.75,715.17
1786078800000,715.23,716.3,715.23,715.9
1786079700000,715.97,716.31,715.94,716.11
1786080600000,716.13,716.13,715.6,715.84
1786081500000,715.7,715.86,715.59,715.59
1786082400000,715.59,716.5,715.55,716.5
1786083300000,716.41,716.82,716.16,716.82
1786084200000,716.67,716.8,716,716.04
1786085100000,716.08,716.25,715.95,716.25
1786086000000,716.31,717.21,715.84,717.21
1786086900000,717.08,717.19,716.88,717.13
1786087800000,717.15,717.17,716.74,717.03
1786088700000,717,717.11,716.58,716.95
1786089600000,717.21,718.02,717.031,718.01
1786090500000,718.012,718.104,717.455,717.988
1786091400000,718.29,718.489,717.685,718.28
1786092300000,718.16,718.31,717.814,718.3
1786093200000,718.239,718.546,718.131,718.428
1786094100000,718.429,718.571,718.056,718.276
1786095000000,718.14,718.539,717.985,718.14
1786095900000,718.141,718.27,717.847,717.869
1786096800000,717.87,718.084,717.714,717.89
1786097700000,717.712,717.922,717.266,717.922
1786098600000,717.78,717.995,717.695,717.78
1786099500000,717.76,717.959,717.514,717.58
1786100400000,718.39,718.575,717.579,718.51
1786101300000,718.45,718.89,718.34,718.89
1786102200000,718.68,719.096,718.61,719.06
1786103100000,719.02,719.034,717.74,717.96
1786104000000,717.804,719.08,717.612,718.857
1786104900000,719.07,719.379,718.419,718.95
1786105800000,719.96,722.56,718.901,722.21
1786106700000,722.55,723.78,722.3,723.24
1786107600000,723.24,723.364,720.779,720.9
1786108500000,720.837,720.892,719.56,720.11
1786109400000,720.14,722.51,719.5,722
1786110300000,721.82,722.71,718.5,719.279
1786111200000,719.325,720.045,716.5,717
1786112100000,716.935,721.64,716.61,721.3
1786113000000,721.265,721.43,718.83,718.885
1786113900000,718.99,720.55,718.99,720.153
1786114800000,720.27,721.7,720.02,721.244
1786115700000,721.23,722.84,720.885,722.8
1786116600000,722.83,723.5,722.05,722.445
1786117500000,722.47,723.17,722.08,722.5
1786118400000,722.476,722.91,722.11,722.17
1786119300000,722.24,722.625,719.53,720.014
1786120200000,720.24,721.2,719.075,721.05
1786121100000,721.07,721.67,720.68,720.71
1786122000000,720.73,721.38,720.4,720.59
1786122900000,720.613,721.29,720.39,720.919
1786123800000,720.917,721.28,720.41,720.875
1786124700000,720.81,721.14,720.66,720.82
1786125600000,720.765,721.04,720.09,720.1
1786126500000,720.26,720.56,719.855,719.855
1786127400000,719.845,720.3,719.26,719.29
1786128300000,719.315,720.45,719.23,720.17
1786129200000,720.37,722.37,720.201,722.145
1786130100000,722.17,722.7,722,722.44
1786131000000,722.41,722.41,721.52,721.66
1786131900000,721.694,723.64,721.62,723.02
1786132800000,722.973,723.325,722.339,722.703
1786133700000,722.49,722.82,722.3,722.3
1786134600000,722.49,722.731,722.268,722.49
1786135500000,722.61,723.096,722.507,722.61
1786136400000,722.93,723.101,722.75,722.89
1786137300000,722.9,722.94,722.745,722.91
1786138200000,722.745,722.916,722.644,722.74
1786139100000,722.75,722.98,722.74,722.98
1786140000000,722.825,722.9,722.691,722.779
1786140900000,722.778,722.9,722.776,722.84
1786141800000,722.84,722.884,722.771,722.86
1786142700000,722.86,722.925,722.762,722.772
1786143600000,722.6,722.825,722.6,722.6
1786144500000,722.65,722.844,722.65,722.65
1786145400000,723.05,723.07,722.799,723.05
1786146300000,723.038,723.375,723.038,723.265
1786149900000,723.95,723.95,723.79,723.79
1786153500000,724.05,724.05,724.05,724.05
1786154400000,723.79,724.08,723.79,724.08
1786157100000,724.17,724.17,724.17,724.17
1786160700000,724.17,724.17,724.17,724.17
1786161600000,724.17,724.17,724.17,724.17
1786163400000,724.17,724.17,723.75,723.77
1786164300000,724.17,724.17,723.77,723.77
1786165200000,724.17,724.17,724.17,724.17
1786167900000,724.17,724.17,724.17,724.17
1786170600000,723.77,723.77,720.95,720.95
1786171500000,721.05,721.05,721.05,721.05
1786172400000,720.91,720.91,720.74,720.74
1786174200000,720.69,721.05,720.49,720.49
1786175100000,721.05,721.05,721.05,721.05
1786176000000,720.49,720.49,720.49,720.49
1786177800000,721.05,721.05,721.05,721.05
1786178700000,720.4,721.05,720.4,721.05
1786179600000,721.05,721.05,721.05,721.05
1786182300000,721.05,721.05,721.05,721.05
1786185900000,721.05,721.05,721.05,721.05
1786189500000,721.05,721.05,721.05,721.05
1786190400000,721.05,721.05,721.05,721.05
1786192200000,721.05,721.05,721.05,721.05
1786193100000,721.05,721.05,721.05,721.05
1786194000000,721.05,721.05,720.32,720.32
1786196700000,721.05,721.05,721.05,721.05
1786197600000,721.05,721.05,721.05,721.05
1786200300000,720.78,721.05,720.78,721.05
1786203000000,721.05,721.05,721.05,721.05
1786203900000,721.05,721.05,721.05,721.05
1786204800000,721.05,721.05,720.71,720.71
1786207500000,721.05,721.05,721.05,721.05
1786209300000,721.05,721.05,721.05,721.05
1786211100000,721.05,721.05,721.05,721.05
1786212000000,721.05,721.05,721.05,721.05
1786213800000,721.1,721.1,721.1,721.1
1786214700000,721.1,721.1,721.1,721.1
1786216500000,721.1,721.1,721.1,721.1
1786217400000,721.1,721.14,721.1,721.14
1786218300000,721.14,721.14,721.14,721.14
1786221900000,721.14,721.14,721.14,721.14
1786222800000,721.14,721.3,721.14,721.3
1786225500000,721.3,721.3,721.3,721.3
1786229100000,721.3,721.3,721.3,721.3
1786232700000,721.3,721.3,721.3,721.3
1786233600000,721.3,721.3,721.3,721.3
1786234500000,721.3,721.3,721.3,721.3
1786236300000,721.3,721.3,721.3,721.3
1786239900000,721.3,721.3,721.3,721.3
1786240800000,721.3,721.3,721.3,721.3
1786243500000,721.3,721.3,721.3,721.3
1786247100000,721.3,721.3,721.3,721.3
1786248000000,721.3,721.3,721.3,721.3
1786248900000,720.94,721.3,720.94,721.3
1786249800000,721.3,721.3,721.3,721.3
1786250700000,721.3,721.3,721.3,721.3
1786254300000,721.3,721.3,721.3,721.3
1786257900000,720.91,721.3,720.91,721.3
1786258800000,721.3,721.3,721.02,721.3
1786260600000,721.3,721.3,721.3,721.3
1786261500000,721.3,721.3,721.3,721.3
1786263300000,721.3,721.3,721.3,721.3
1786264200000,721.3,721.3,721.3,721.3
1786265100000,721.3,721.3,721.02,721.02
1786268700000,721.3,721.3,720.91,720.91
1786269600000,721.3,721.34,720.71,720.71
1786271400000,720.49,720.49,720.48,720.48
1786272300000,720.59,720.59,720.59,720.59
1786275900000,720.59,720.59,720.59,720.59
1786276800000,720.59,720.59,720.59,720.59
1786279500000,720.59,720.59,720.59,720.59
1786280400000,720.59,720.99,720.19,720.59
1786283100000,720.95,721.24,720.95,721.24
1786284000000,721.24,721.24,721.24,721.24
1786285800000,721.24,721.24,721.24,721.24
1786286700000,721.24,721.24,721.24,721.24
1786287600000,721.24,721.24,720.91,720.91
1786290300000,721.1,721.24,721.1,721.24
1786291200000,721.24,721.24,721.24,721.24
1786293000000,721.24,721.24,721.24,721.24
1786293900000,721.24,721.24,721.24,721.24
1786297500000,721.24,721.24,721.24,721.24
1786298400000,721.24,721.84,721.24,721.84
1786299300000,721.84,722.16,721.84,722.16
1786300200000,722.16,722.16,722.16,722.16
1786301100000,722.16,722.16,722.16,722.16
1786304700000,722.16,722.16,722.16,722.16
1786305600000,721.85,721.85,721.85,721.85
1786308300000,722.31,722.31,722.31,722.31
1786311900000,722.31,722.31,720.86,721.24
1786312800000,721.24,721.24,719.84,719.84
1786315500000,720.22,720.22,720.22,720.22
1786316400000,720.22,720.22,720.22,720.22
1786318200000,720.22,720.22,720.22,720.22
1786319100000,720.22,720.22,720.22,720.22
1786320000000,723.01,724.76,721.43,724.5
1786320900000,724.47,724.57,723.19,723.43
1786321800000,723.38,723.79,722.23,722.38
1786322700000,722.39,723.01,722.04,722.25
1786323600000,722.36,723.52,722.11,723.52
1786324500000,723.51,724.22,723.34,723.81
1786325400000,723.83,724.16,723.25,724.02
1786326300000,724.07,724.52,723.97,724.29
1786327200000,724.36,724.5,723.97,724.01
1786328100000,723.99,723.99,723.56,723.91
1786329000000,723.92,724.43,723.51,724.41
1786329900000,724.4,724.62,724.32,724.36
1786330800000,724.19,724.41,724,724.08
1786331700000,724.03,724.47,724,724.11
1786332600000,724.13,724.61,724.05,724.61
1786333500000,724.57,724.61,723.99,724.18
1786334400000,724.19,724.58,724.09,724.45
1786335300000,724.54,724.76,724.5,724.66
1786336200000,724.69,724.69,723.9,724.31
1786337100000,724.33,724.67,724.04,724.25
1786338000000,724.18,725.06,724.18,725.06
1786338900000,725.04,725.26,724.93,724.97
1786339800000,725,725.15,724.76,724.83
1786340700000,724.81,725.39,724.7,725.38
1786341600000,725.39,726.18,725.32,726.09
1786342500000,726.04,726.19,724.87,725.07
1786343400000,725.06,725.25,724.9,725.15
1786344300000,725.09,725.25,724.88,724.93
1786345200000,724.87,725.17,724.45,724.99
1786346100000,725.05,725.94,724.97,725.91
1786347000000,725.91,726.33,725.89,726.25
1786347900000,726.3,726.67,725.6,725.92
1786348800000,726,726.597,723.268,726.33
1786349700000,726.33,726.429,725.704,725.96
1786350600000,725.94,726.401,725.785,726.02
1786351500000,725.98,726.484,725.905,726.38
1786352400000,726.48,726.697,726.33,726.69
1786353300000,726.67,726.67,726.29,726.5
1786354200000,726.2,726.418,725.625,725.63
1786355100000,725.755,725.934,725.614,725.637
1786356000000,725.637,726.096,725.125,725.125
1786356900000,725.82,725.928,725.115,725.86
1786357800000,725.75,725.788,724.989,725.17
1786358700000,725.13,725.598,724.97,724.97
1786359600000,725.16,725.208,723.604,723.7
1786360500000,724.13,724.953,723.903,724.66
1786361400000,724.94,725.01,724.073,724.3
1786362300000,724.21,724.276,723.432,724.01
1786363200000,723.83,724.264,723.367,723.83
1786364100000,723.367,723.38,722.573,722.787
1786365000000,722.815,722.815,721.959,722.25
1786365900000,722.4,722.478,721.633,721.72
1786366800000,721.91,722.6,721.686,722.25
1786367700000,722.63,722.77,722.11,722.18
1786368600000,722.38,723.19,720.405,721.751
1786369500000,721.68,723.03,721.275,722.47
1786370400000,722.47,724.505,722.04,724.28
1786371300000,724.29,724.67,722.813,723.705
1786372200000,723.674,724.5,723.43,723.872
1786373100000,723.876,724.295,721.76,721.8
1786374000000,721.8,722.76,721.44,722.11
1786374900000,722.16,722.65,721.15,721.71
1786375800000,721.72,722.455,720.96,722.455
1786376700000,722.447,723.55,721.97,723.345
1786377600000,723.48,723.64,722.52,722.8
1786378500000,722.75,723.27,722.38,722.545
1786379400000,722.54,722.635,720.6,720.83
1786380300000,720.74,721.75,720.714,721.75
1786381200000,721.739,722.51,721.32,722.31
1786382100000,722.315,722.54,721.75,721.98
1786383000000,721.935,722.17,721.21,721.3
1786383900000,721.23,721.4,720.92,721.27
1786384800000,721.25,721.56,721.055,721.11
1786385700000,721.059,721.18,720.88,720.984
1786386600000,720.98,721.58,720.89,721.555
1786387500000,721.58,721.87,721.3,721.86
1786388400000,721.82,722.1,721.68,722.01
1786389300000,722.05,722.13,721.78,721.78
1786390200000,721.85,722.06,721.54,721.68
1786391100000,721.65,721.85,720.32,720.805
1786392000000,720.84,721.09,720.754,721.01
1786392900000,721.07,721.121,720.751,720.99
1786393800000,721.02,721.198,720.88,721.06
1786394700000,721.3,721.498,721.202,721.32
1786395600000,721.2,721.381,721.022,721.05
1786396500000,721.07,721.345,721.025,721.05
1786397400000,721.345,721.375,721.125,721.125
1786398300000,721.125,721.172,721.05,721.072
1786399200000,721.13,721.86,721.114,721.15
1786400100000,720.94,721.294,720.65,720.83
1786401000000,720.952,720.952,720.375,720.415
1786401900000,720.62,720.658,720.415,720.62
1786402800000,720.593,720.61,720.458,720.556
1786403700000,720.25,720.569,719.966,720.21
1786404600000,719.999,720.175,719.92,720.161
1786405500000,720.3,720.388,719.326,719.76
1786406400000,719.77,721.13,719.11,721.05
1786407300000,721.06,721.41,720.55,721.31
1786408200000,721.41,721.84,721.22,721.84
1786409100000,721.87,722.13,721.8,721.92
1786410000000,721.91,722.81,721.49,722.76
1786410900000,722.86,723.22,722.54,722.76
1786411800000,722.75,722.89,722.55,722.87
1786412700000,722.84,723.27,722.74,722.74
1786413600000,722.71,722.97,722.59,722.74
1786414500000,722.79,722.95,722.64,722.95
1786415400000,722.98,723.23,722.96,723.19
1786416300000,723.26,723.36,722.69,722.75
1786417200000,722.76,723.06,722.67,722.8
1786418100000,722.83,723.42,722.79,723.34
1786419000000,723.35,723.35,723.01,723.17
1786419900000,723.09,723.24,723.02,723.11
1786420800000,723.18,723.54,723.14,723.51
1786421700000,723.5,723.61,723.3,723.57
1786422600000,723.57,723.8,723.22,723.22
1786423500000,723.26,723.45,723.17,723.25
1786424400000,723.25,723.52,723.11,723.52
1786425300000,723.6,723.6,722.66,722.66
1786426200000,722.64,723,722.34,722.68
1786427100000,722.71,722.71,722.08,722.11
1786428000000,722.22,722.97,722.07,722.81
1786428900000,722.76,722.84,721.56,721.6
1786429800000,721.67,722.01,720.76,721.95
1786430700000,722,722,720.88,721.11
1786431600000,721.19,721.5,720.79,721.35
1786432500000,721.34,721.39,720.63,721.01
1786433400000,721.16,721.82,721.09,721.55
1786434300000,721.54,721.79,721.29,721.72
1786435200000,721.75,722.369,720.264,720.83
1786436100000,720.68,721.014,720.36,720.72
1786437000000,720.771,721.201,720.381,721.201
1786437900000,721.33,721.394,720.968,721.33
1786438800000,721.16,721.189,720.406,720.52
1786439700000,720.674,721.42,720.674,721.334
1786440600000,721.52,721.895,721.335,721.48
1786441500000,721.57,721.852,721.493,721.57
1786442400000,721.19,721.652,721.19,721.19
1786443300000,722.07,723.057,721.138,722.7
1786444200000,722.84,722.866,722.411,722.595
1786445100000,722.595,722.916,722.595,722.709
1786446000000,722.719,724.351,722.719,724.053
1786446900000,724,724.05,723.085,723.21
1786447800000,723.1,723.155,722.633,722.92
1786448700000,722.88,723.117,722.676,723.01
1786449600000,723.01,723.798,722.836,723.63
1786450500000,723.74,723.973,722.894,723.06
1786451400000,722.88,723.67,722.837,723.67
1786452300000,723.33,723.571,723.044,723.33
1786453200000,723.27,723.492,722.861,723.01
1786454100000,723.004,723.327,722.719,723.264
1786455000000,723.3,723.34,719.58,720.49
1786455900000,720.465,720.68,718.46,720.68
1786456800000,720.645,722.095,720.455,721.47
1786457700000,721.44,722.1,720.92,721.74
1786458600000,721.817,721.859,720.645,720.948
1786459500000,720.945,722.43,720.915,721.83
1786460400000,721.88,722.13,720.145,720.27
1786461300000,720.2,720.8,719.919,720.14
1786462200000,720.04,720.345,719.13,719.78
1786463100000,719.762,719.762,718.99,719.089
1786464000000,719.07,719.46,718.68,718.75
1786464900000,718.76,719.19,718.11,718.625
1786465800000,718.6,719.08,718.28,718.415
1786466700000,718.395,718.51,717.96,718.14
1786467600000,718.13,718.28,716.99,717
1786468500000,716.95,717.93,716.94,717.755
1786469400000,717.755,718.4,717.5,718.33
1786470300000,718.29,718.456,718.11,718.22
1786471200000,718.18,718.31,717.56,717.69
1786472100000,717.69,717.797,715.74,716.168
1786473000000,716.23,716.9,716.155,716.295
1786473900000,716.36,717.48,716.286,717.145
1786474800000,717.11,717.81,716.846,717.685
1786475700000,717.69,718.12,717.56,718.035
1786476600000,718.08,718.93,718.035,718.455
1786477500000,718.44,718.64,717.68,718.32
1786478400000,718.53,718.66,717.9,718.26
1786479300000,718.73,719.31,718.445,719.31
1786480200000,719.3,719.31,719.048,719.15
1786481100000,719.161,719.165,718.61,718.614
1786482000000,718.81,718.964,718.623,718.81
1786482900000,718.766,718.81,718.735,718.81
1786483800000,718.81,718.833,718.81,718.825
1786484700000,718.825,718.868,718.661,718.82
1786485600000,718.5,718.88,718.277,718.41
1786486500000,718.88,718.953,718.708,718.805
1786487400000,719,719.009,718.417,718.99
1786488300000,718.74,718.769,718.36,718.74
1786489200000,718.667,718.73,718.466,718.491
1786490100000,718.53,718.795,718.495,718.53
1786491000000,718.71,718.773,718.392,718.5
1786491900000,718.495,718.97,718.343,718.967
1786492800000,718.99,719.26,718.26,718.6
1786493700000,718.75,719.4,718.75,719.18
1786494600000,719.2,719.49,718.85,719.1
1786495500000,719.11,719.26,718.99,719.11
1786496400000,719.11,719.52,719.05,719.37
1786497300000,719.39,719.39,718.59,719.06
1786498200000,719.08,719.44,718.72,719.44
1786499100000,719.48,719.6,718.73,718.99
1786500000000,719.05,719.29,718.87,718.99
1786500900000,718.99,719.45,718.94,719.44
1786501800000,719.44,719.82,719.44,719.71
1786502700000,719.74,720.05,719.73,720.04
1786503600000,720.09,720.21,719.92,720.16
1786504500000,720.14,720.17,719.87,720.1
1786505400000,720.02,720.09,719.8,719.8
1786506300000,719.82,720.03,719.65,719.82
1786507200000,719.85,720.05,719.8,719.92
1786508100000,719.9,720.06,719.83,719.91
1786509000000,719.89,719.98,719.61,719.89
1786509900000,719.91,720.35,719.86,720.28
1786510800000,720.35,720.35,719.64,719.64
1786511700000,719.63,719.72,719.29,719.72
1786512600000,719.77,720.18,719.77,720.01
1786513500000,719.98,720.4,719.98,720.38
1786514400000,720.39,720.58,720.23,720.28
1786515300000,720.22,720.47,719.98,720.25
1786516200000,720.18,720.68,720.18,720.4
1786517100000,720.5,720.8,720.5,720.8
1786518000000,720.87,721.28,720.87,721.03
1786518900000,721.01,721.15,720.69,720.98
1786519800000,720.91,721.03,720.74,721.01
1786520700000,720.97,721.21,720.75,721.21
1786521600000,721.59,721.886,719.357,721.61
1786522500000,722.17,722.214,721.591,722.07
1786523400000,721.69,722.093,721.569,721.69
1786524300000,722.1,722.378,721.731,722.11
1786525200000,722.68,722.69,722.27,722.69
1786526100000,722.75,723.499,722.552,722.95
1786527000000,723.22,723.34,722.951,723.27
1786527900000,722.86,723.154,722.506,722.75
1786528800000,722.795,723.405,722.783,723.354
1786529700000,723.29,723.437,723.253,723.3
1786530600000,723.32,723.438,723.21,723.28
1786531500000,723.13,723.368,722.105,722.75
1786532400000,722.76,723.253,722.746,723.11
1786533300000,722.68,722.955,722.555,722.66
1786534200000,722.56,723.144,722.56,723.07
1786535100000,722.9,723.483,722.881,723.39
1786536000000,723.44,723.77,723.171,723.31
1786536900000,723.18,725.18,722.944,724.99
1786537800000,725.99,725.99,721.29,725.47
1786538700000,725.326,725.326,724.92,725.269
1786539600000,725.277,725.771,725.269,725.771
1786540500000,725.99,727.07,725.742,727.07
1786541400000,727.1,727.22,723.76,724.84
1786542300000,724.82,726.51,723.89,725.09
1786543200000,724.99,725.68,723.64,724.77
1786544100000,724.693,725.91,724.055,725.144
1786545000000,725.157,725.5,723.335,725.387
1786545900000,725.46,725.6,723.67,724.175
1786546800000,723.885,724.6,723.44,724.355
1786547700000,724.41,724.453,723.53,724.12
1786548600000,724.174,724.271,722.955,723.131
1786549500000,723.14,723.705,722.98,723.244
1786550400000,723.32,724.29,723.235,724.21
1786551300000,724.07,724.526,723.87,724.22
1786552200000,724.23,724.69,723.68,724.43
1786553100000,724.461,725.24,724.4,725.011
1786554000000,725.007,725.44,724.81,725.085
1786554900000,725.08,725.3,724.58,725.04
1786555800000,725.08,725.37,724.91,725.21
1786556700000,725.285,725.394,724.92,725.15
1786557600000,725.095,725.31,724.66,725.05
1786558500000,725.054,725.2,724.66,724.744
1786559400000,724.805,725.54,724.74,725.315
1786560300000,725.33,725.42,724.53,724.74
1786561200000,724.73,724.95,724.38,724.38
1786562100000,724.475,724.815,723.84,724.07
1786563000000,724.085,724.085,723.22,723.67
1786563900000,723.71,724.09,723.025,723.64
1786564800000,723.77,724.873,723.215,723.55
1786565700000,723.3,723.603,722.817,722.84
1786566600000,722.83,722.963,722.699,722.9
1786567500000,722.916,722.964,722.628,722.628
1786568400000,722.627,722.95,722.621,722.95
1786569300000,723.24,723.37,722.95,723.37
1786570200000,723.19,723.245,723.045,723.05
1786571100000,723.169,723.406,723.169,723.406
1786572000000,723.348,723.348,722.472,722.578
1786572900000,722.15,722.613,722.133,722.14
1786573800000,722.279,722.287,722.029,722.27
1786574700000,722.28,722.444,722.244,722.32
1786575600000,722.54,722.689,722.381,722.61
1786576500000,722.646,722.733,722.529,722.62
1786577400000,722.59,722.802,722.34,722.51
1786578300000,722.51,722.736,722.353,722.61
1786579200000,722.583,724,722.583,723.68
1786580100000,723.7,724.04,723.49,723.5
1786581000000,723.45,723.74,723.23,723.45
1786581900000,723.38,723.7,723.26,723.59
1786582800000,723.71,723.76,723.05,723.22
1786583700000,723.25,723.4,722.69,722.99
1786584600000,722.95,723.55,722.95,723.55
1786585500000,723.5,724.05,723.19,723.84
1786586400000,723.98,724.12,723.85,724.01
1786587300000,724.08,724.11,723.93,724
1786588200000,723.95,724.39,723.35,724.31
1786589100000,724.19,724.25,724.12,724.19
1786590000000,724.18,724.28,724.15,724.28
1786590900000,725.43,725.43,725.43,725.43
1786591800000,724.3,724.41,724.13,724.36
1786592700000,724.37,724.44,724.3,724.41
1786593600000,724.41,724.7,724.22,724.24
1786594500000,724.2,724.51,723.87,724.45
1786595400000,724.43,724.78,724.39,724.4
1786596300000,724.38,724.79,724.35,724.5
1786597200000,724.36,725.29,724.36,725.27
1786598100000,725.26,725.44,725.14,725.44
1786599000000,725.44,725.5,724.89,724.93
1786599900000,724.92,725.14,724.78,724.78
1786600800000,724.57,724.81,724.25,724.79
1786601700000,724.82,725.01,724.6,724.75
1786602600000,724.75,725.01,724.01,724.07
1786603500000,724.01,724.53,723.97,724.51
1786604400000,724.64,724.73,723.59,723.75
1786605300000,723.82,724.28,723.65,724.14
1786606200000,724.14,724.43,724.1,724.42
1786607100000,724.44,724.44,723.94,723.94
1786608000000,724.16,724.167,722.815,723.23
1786608900000,723.36,724.13,723.214,724.13
1786609800000,723.9,724.054,723.666,723.89
1786610700000,724.044,724.289,723.852,723.97
1786611600000,723.84,724.125,723.399,723.57
1786612500000,723.49,723.664,723.071,723.66
1786613400000,723.86,723.97,723.407,723.86
1786614300000,723.97,724.388,723.911,724.388
1786615200000,724.18,724.389,724.051,724.18
1786616100000,724.39,724.512,724.083,724.34
1786617000000,724.24,724.454,724.195,724.24
1786617900000,724.372,724.554,724.341,724.476
1786618800000,724.474,724.685,724.24,724.24
1786619700000,724.04,724.293,723.899,724.04
1786620600000,723.96,724.57,723.953,723.96
1786621500000,724.75,724.779,724.184,724.2
1786622400000,724.19,724.207,723.368,723.68
1786623300000,723.1,723.717,722.858,723.57
1786624200000,724.28,724.65,723.06,723.51
1786625100000,723.9,724.387,723.52,724.29
1786626000000,724.43,725.354,724.391,725.07
1786626900000,725.094,725.4,724.94,725.216
1786627800000,725.07,728.63,724.05,727.63
1786628700000,727.61,731.68,727.53,731.61
1786629600000,731.48,732.485,731.17,732.25
1786630500000,732.3,733.03,731.795,733.03
1786631400000,732.962,733.75,732.85,733.025
1786632300000,733.01,733.09,732.19,732.222
1786633200000,732.15,732.91,732.04,732.57
1786634100000,732.61,733.085,731.69,732.06
1786635000000,731.915,732.125,730.48,731.185
1786635900000,731.14,731.185,729.9,730.043
1786636800000,730.063,731.495,730.063,730.736
1786637700000,730.75,731.843,730.56,731.81
1786638600000,731.89,732.16,731.43,731.775
1786639500000,731.76,732.2,731.653,731.96
1786640400000,732.13,732.94,731.977,732.84
1786641300000,732.821,733.31,732.794,733.049
1786642200000,733.06,733.197,732.52,732.53
1786643100000,732.54,732.82,732.275,732.275
1786644000000,732.33,732.5,731.99,732.24
1786644900000,732.26,732.38,731.79,732.02
1786645800000,732.02,733.07,732.012,732.909
1786646700000,732.895,733.315,732.895,733.28
1786647600000,733.3,733.95,732.985,733.015
1786648500000,733.13,733.3,732.57,732.73
1786649400000,732.505,732.86,732.23,732.25
1786650300000,732.26,732.285,731.56,732.07
1786651200000,732.07,732.604,731.01,732.37
1786652100000,732.45,732.484,732.03,732.25
1786653000000,732.37,732.499,732.124,732.49
1786653900000,732.49,732.598,732.425,732.56
1786654800000,732.599,732.665,732.439,732.63
1786655700000,732.65,732.707,732.585,732.65
1786656600000,732.75,732.895,732.69,732.78
1786657500000,732.775,732.823,732.715,732.734
1786658400000,732.45,732.677,732.034,732.2
1786659300000,732.197,732.328,732.035,732.172
1786660200000,732.171,732.44,732.171,732.44
1786661100000,732.31,732.453,732.251,732.31
1786662000000,732.6,732.757,732.261,732.6
1786662900000,732.77,732.792,732.096,732.73
1786663800000,732.2,732.301,732.093,732.29
1786664700000,732.11,732.282,732,732
1786665600000,732.02,733.2,732.02,732.5
1786666500000,732.48,732.5,731.91,732.09
1786667400000,732.07,732.2,731.85,731.97
1786668300000,732.01,732.07,731.69,731.7
1786669200000,731.66,731.66,730.61,730.69
1786670100000,730.74,731.31,730.6,731.31
1786671000000,731.19,731.49,731.03,731.49
1786671900000,731.45,731.65,731.24,731.24
1786672800000,731.31,731.73,731.31,731.64
1786673700000,731.6,731.68,731.43,731.62
1786674600000,731.67,732.01,731.67,731.79
1786675500000,731.87,731.87,731.28,731.36
1786676400000,731.33,731.55,731.25,731.48
1786677300000,731.48,731.94,731.48,731.93
1786678200000,732,732,731.41,731.41
1786679100000,731.44,731.52,731.33,731.33
1786680000000,731.31,731.46,731.14,731.4
1786680900000,731.53,731.63,731.3,731.5
1786681800000,731.45,731.54,730.99,731.46
1786682700000,731.27,731.35,731.15,731.2
1786683600000,731.26,731.26,730.76,731.13
1786684500000,731.14,731.29,731,731.26
1786685400000,731.22,731.61,731.1,731.59
1786686300000,731.64,731.94,731.61,731.82
1786687200000,731.81,731.81,731.27,731.34
1786688100000,731.21,731.52,731.21,731.52
1786689000000,731.52,731.52,731.24,731.46
1786689900000,731.45,731.9,731.45,731.87
1786690800000,731.9,732.3,731.81,731.87
1786691700000,731.89,732.01,731.78,731.8
1786692600000,731.88,732.5,731.88,732.5
1786693500000,732.51,732.53,732.28,732.33
1786694400000,732.56,733.268,732.206,733.02
1786695300000,732.83,733.205,732.646,732.7
1786696200000,733.008,733.395,733.008,733.177
1786697100000,733.08,733.384,732.991,733.11
1786698000000,732.989,732.989,732.742,732.907
1786698900000,732.906,733.21,732.842,733.11
1786699800000,732.83,733.11,732.66,732.69
1786700700000,732.7,733.3,732.66,733.3
1786701600000,733.49,733.629,733.283,733.5
1786702500000,733.4,733.466,733.039,733.24
1786703400000,733.13,733.321,733.057,733.13
1786704300000,733.199,733.645,733.199,733.645
1786705200000,733.93,733.94,733.643,733.85
1786706100000,733.62,733.75,733.524,733.6
1786707000000,733.57,733.851,733.458,733.72
1786707900000,733.89,734.076,733.679,734
1786708800000,733.963,734.296,732.7,733.407
1786709700000,733.21,733.702,733.106,733.23
1786710600000,734.06,734.3,733.663,733.99
1786711500000,733.71,734.324,733.71,734.07
1786712400000,734.25,734.279,733.757,733.82
1786713300000,733.75,733.88,733.4,733.514
1786714200000,733.4,734.1,731.745,733.9
1786715100000,733.84,734.38,732.74,733.045
1786716000000,732.87,734.135,732.735,732.985
1786716900000,733.089,733.09,730.85,731.378
1786717800000,731.393,731.85,730.77,731.463
1786718700000,731.46,731.625,730.62,730.62
1786719600000,730.6,731.04,729.805,729.84
1786720500000,729.815,730.28,728.4,729.355
1786721400000,729.344,729.359,728.32,728.743
1786722300000,728.751,729.38,728.35,729.234
1786723200000,729.26,729.65,728.86,729.605
1786724100000,729.6,730.215,729.47,730.08
1786725000000,730.06,730.08,729.18,729.24
1786725900000,729.25,729.45,728.955,729.005
1786726800000,729.029,729.53,728.9,729.26
1786727700000,729.36,729.42,728.785,728.97
1786728600000,729.02,729.33,728.84,728.99
1786729500000,729.04,729.61,728.79,729.58
1786730400000,729.56,729.8,729.37,729.47
1786731300000,729.486,729.75,729.175,729.228
1786732200000,729.23,729.75,729.123,729.67
1786733100000,729.61,730.08,729.47,729.67
1786734000000,729.725,729.81,729.41,729.53
1786734900000,729.57,730.04,729.505,729.85
1786735800000,729.86,730.32,729.77,730.136
1786736700000,730.17,731.12,730.01,731.035
1786737600000,731.05,731.22,730.73,730.84
1786738500000,730.75,730.813,730.656,730.71
1786739400000,730.65,731.02,730.646,731.02
1786740300000,730.997,731.19,730.91,731.142
1786741200000,731.2,731.22,730.811,730.84
1786742100000,730.89,730.99,730.862,730.89
1786743000000,730.935,731.165,730.921,730.975
1786743900000,730.975,731.035,730.95,730.995
1786744800000,730.995,731.035,730.995,731.035
1786745700000,731.07,731.115,730.951,731.07
1786746600000,731.06,731.119,730.931,731.05
1786747500000,730.971,731.154,730.932,730.985
1786748400000,730.985,731.025,730.962,731.025
1786749300000,731.025,731.04,731.01,731.016
1786750200000,731.016,731.016,730.93,730.93
1786751100000,730.84,730.934,730.786,730.84
1786752000000,730.825,730.825,730.825,730.825
1786754700000,732.12,732.12,732.12,732.12
1786755600000,732.14,732.14,731.8,731.8
1786756500000,731.99,731.99,731.22,731.22
1786757400000,730.97,730.97,730.97,730.97
1786758300000,731.76,732.3,731.76,732.3
1786759200000,731.78,731.78,731.78,731.78
1786761900000,731.8,732.08,731.8,732.08
1786762800000,732.08,732.08,731.36,731.36
1786764600000,732.08,732.08,732.08,732.08
1786765500000,732.1,732.1,732.1,732.1
1786766400000,732.14,732.14,732.14,732.14
1786768200000,732.16,732.16,732.16,732.16
1786769100000,732.16,732.29,732.16,732.29
1786772700000,732.3,732.3,732.3,732.3
1786776300000,732.45,732.45,732.45,732.45
1786779000000,732.08,732.08,732.08,732.08
1786779900000,732.66,732.66,732.66,732.66
1786782600000,732.97,732.97,732.97,732.97
1786783500000,733.15,733.15,732.98,732.98
1786786200000,733.24,733.24,732.08,732.08
1786787100000,732.19,732.19,732.19,732.19
1786788000000,732.33,732.33,732.33,732.33
1786789800000,732.41,732.41,732.41,732.41
1786790700000,732.41,732.41,732.41,732.41
1786792500000,732.46,732.46,732.35,732.35
1786794300000,732.52,732.52,732.52,732.52
1786795200000,732.62,732.62,732.62,732.62
1786797900000,732.62,732.62,732.62,732.62
1786798800000,732.84,732.84,732.21,732.21
1786800600000,732.84,732.84,732.84,732.84
1786801500000,732.87,732.87,732.87,732.87
1786802400000,732.94,733.04,732.94,733.04
1786804200000,733.16,733.16,732.89,732.89
1786805100000,733.25,733.25,733.25,733.25
1786806000000,733.27,733.28,733.27,733.28
1786808700000,733.29,733.43,732.85,732.85
1786809600000,733.43,733.44,733.3,733.3
1786810500000,733.3,733.3,733.3,733.3
1786812300000,733.44,733.44,733.44,733.44
1786815000000,733.3,733.3,732.08,732.08
1786815900000,732.48,732.55,732.48,732.55
1786816800000,732.65,732.65,732.28,732.28
1786819500000,732.65,732.66,732.65,732.66
1786823100000,732.68,732.7,732.68,732.7
1786826700000,732.76,732.76,732.76,732.76
1786830300000,732.83,732.83,732.83,732.83
1786833900000,732.93,732.93,732.93,732.93
1786837500000,732.98,732.98,732.98,732.98
1786841100000,733.07,733.07,733.07,733.07
1786842000000,733.08,733.08,733.08,733.08
1786844700000,733.08,733.08,733.08,733.08
1786845600000,733.14,733.14,733.14,733.14
1786848300000,733.19,733.19,733.19,733.19
1786851900000,733.35,733.35,733.35,733.35
1786852800000,733.39,733.43,733.39,733.43
1786854600000,733.5,733.5,733.5,733.5
1786855500000,733.5,733.5,733.5,733.5
1786859100000,733.52,733.52,733.52,733.52
1786862700000,733.54,733.54,733.54,733.54
1786863600000,733.55,733.55,733.55,733.55
1786866300000,733.27,733.27,730.26,732.72
1786868100000,732.83,732.83,732.18,732.18
1786869000000,732.68,732.68,732.68,732.68
1786869900000,732.93,732.93,732.93,732.93
1786872600000,732.93,732.93,732.93,732.93
1786873500000,732.93,732.97,732.93,732.97
1786874400000,733.05,733.05,733.05,733.05
1786877100000,733.1,733.1,733.1,733.1
1786879800000,733.17,733.17,733.17,733.17
1786880700000,733.17,733.17,733.17,733.17
1786881600000,733.19,733.19,733.19,733.19
1786884300000,733.19,733.4,733.19,733.4
1786885200000,733.42,733.42,732.95,732.95
1786887000000,733.42,733.42,733.42,733.42
1786887900000,732.95,733.44,732.95,733.44
1786888800000,733.47,733.58,733.47,733.58
1786889700000,733.63,733.63,733.63,733.63
1786890600000,733.64,733.64,733.64,733.64
1786891500000,733.43,733.65,733.39,733.65
1786892400000,733.68,733.91,733.38,733.38
1786895100000,733.38,733.77,733.38,733.77
1786896000000,733.89,733.93,733.56,733.56
1786896900000,733.93,735.01,733.93,735.01
1786897800000,735.09,735.17,735.09,735.17
1786898700000,735.18,735.18,735.18,735.18
1786900500000,735.15,735.15,734.07,734.07
1786902300000,734.43,734.43,733.94,733.94
1786903200000,734.64,734.64,734.64,734.64
1786905900000,734.64,734.64,734.64,734.64
1786907700000,734.65,734.65,734.65,734.65
1786908600000,734.68,734.68,734.68,734.68
1786909500000,734.68,734.84,734.68,734.84
1786911300000,734.84,735.38,734.84,735.38
1786912200000,734.93,734.93,734.93,734.93
1786913100000,735.51,735.51,735.51,735.51
1786916700000,735.54,735.63,735.54,735.63
1786917600000,735.68,735.68,735.2,735.2
1786920300000,735.68,735.68,735.68,735.68
1786921200000,735.75,735.75,735.75,735.75
1786923900000,735.76,735.76,735.76,735.76
1786924800000,732.47,733.05,732.02,732.94
1786925700000,732.89,732.91,732.23,732.38
1786926600000,732.38,732.38,732.18,732.22
1786927500000,732.19,732.44,732.19,732.44
1786928400000,732.51,733.26,732.5,732.96
1786929300000,732.84,733.37,732.65,733.21
1786930200000,733.23,733.23,732.32,732.41
1786931100000,732.44,732.57,732.25,732.33
1786932000000,732.34,732.52,732.19,732.48
1786932900000,732.48,733.01,732.47,732.89
1786933800000,732.82,733.07,732.82,733
1786934700000,733.01,733.26,732.96,733.02
1786935600000,733.04,733.29,733.04,733.11
1786936500000,733.15,733.36,733.15,733.31
1786937400000,733.3,733.59,733.14,733.51
1786938300000,733.5,733.6,733.45,733.6
1786939200000,733.59,733.77,733.59,733.77
1786940100000,733.68,733.72,733.52,733.52
1786941000000,733.49,733.6,733.37,733.56
1786941900000,733.6,733.66,733.31,733.36
1786942800000,733.36,733.64,733.36,733.53
1786943700000,733.57,733.62,733.29,733.5
1786944600000,733.55,733.99,733.44,733.99
1786945500000,734.01,734.29,733.98,734.25
1786946400000,734.26,734.78,734.16,734.62
1786947300000,734.63,734.87,734.28,734.84
1786948200000,734.82,735.55,734.79,735.26
1786949100000,735.26,735.5,735.17,735.43
1786950000000,735.5,735.65,734.29,734.29
1786950900000,734.34,734.36,733.98,734.23
1786951800000,734.44,735.42,734.35,735.35
1786952700000,735.31,735.4,735.04,735.15
1786953600000,735.19,735.518,731.54,735
1786954500000,735,735.35,734.987,735.11
1786955400000,735.25,735.328,734.643,734.7
1786956300000,734.9,734.996,734.593,734.9
1786957200000,734.71,734.928,734.642,734.71
1786958100000,734.46,734.81,734.224,734.27
1786959000000,734.255,734.434,734.148,734.434
1786959900000,734.54,734.641,734.429,734.54
1786960800000,734.63,734.723,734.32,734.32
1786961700000,734.66,735.652,734.407,735.21
1786962600000,734.88,735.741,734.777,734.97
1786963500000,735.1,735.267,735.046,735.15
1786964400000,735.23,735.43,734.84,735.01
1786965300000,734.75,734.997,734.585,734.78
1786966200000,734.844,734.99,734.75,734.971
1786967100000,735,735.091,734.562,734.58
1786968000000,734.55,734.565,733.64,734.39
1786968900000,734.15,734.397,733.08,733.47
1786969800000,733.32,733.622,732.119,732.12
1786970700000,732.21,732.742,732.059,732.46
1786971600000,732.68,733.03,732.505,733.03
1786972500000,732.94,733.313,732.621,732.94
1786973400000,732.96,733.99,731.67,732.4
1786974300000,732.381,733.77,731.875,733.197
1786975200000,733.209,733.45,731.6,733.108
1786976100000,733.07,733.11,731.53,732.47
1786977000000,732.46,732.88,732.19,732.59
1786977900000,732.71,733.61,732.53,733.59
1786978800000,733.57,734.56,733.35,733.906
1786979700000,733.91,734.41,733.86,734.32
1786980600000,734.21,734.23,732.72,733.19
1786981500000,733.17,733.688,732.91,733.5
1786982400000,733.488,733.55,732.56,732.669
1786983300000,732.665,732.96,732.5,732.742
1786984200000,732.73,732.82,732.12,732.13
1786985100000,732.12,732.34,731.96,732.155
1786986000000,732.14,732.205,730.86,730.86
1786986900000,730.82,731.11,730,730.08
1786987800000,730.052,730.775,729.82,730.684
1786988700000,730.66,730.733,730.1,730.205
1786989600000,730.32,730.39,729.64,730.11
1786990500000,730.105,730.43,729.9,730.17
1786991400000,730.21,730.59,729.979,730.53
1786992300000,730.532,730.97,730.5,730.668
1786993200000,730.66,730.7,729.75,729.77
1786994100000,729.78,730.396,729.71,729.96
1786995000000,729.96,730.36,729.87,730.17
1786995900000,730.21,730.6,729.28,729.9
1786996800000,729.76,729.983,729.41,729.58
1786997700000,729.49,729.641,729.394,729.57
1786998600000,729.56,729.569,729.18,729.18
1786999500000,729.09,729.497,729.033,729.35
1787000400000,729.499,729.544,729.34,729.355
1787001300000,729.355,729.464,729.31,729.464
1787002200000,729.49,729.54,729.464,729.48
1787003100000,729.53,729.54,729.417,729.53
1787004000000,729.65,729.815,729.453,729.66
1787004900000,729.42,729.648,729.202,729.42
1787005800000,729.42,729.55,729.325,729.41
1787006700000,729.42,729.639,729.387,729.43
1787007600000,729.58,729.74,729.383,729.654
1787008500000,729.56,729.723,729.462,729.61
1787009400000,729.69,730.075,729.69,730.007
1787010300000,730.03,730.073,729.66,729.85
1787011200000,729.964,730.28,729.88,730.15
1787012100000,730.12,730.45,729.96,730.14
1787013000000,730.14,730.43,730.12,730.39
1787013900000,730.38,730.61,730.06,730.1
1787014800000,730.15,730.35,729.94,730.35
1787015700000,730.35,730.35,729.59,729.79
1787016600000,729.8,729.83,728.77,728.81
1787017500000,728.84,728.96,727.07,727.99
1787018400000,727.98,728.21,726.83,726.88
1787019300000,726.89,726.95,725.88,726.1
1787020200000,725.96,726.7,725.5,725.51
1787021100000,725.48,725.79,724.84,725.5
1787022000000,725.59,725.64,725.03,725.06
1787022900000,725.13,725.13,724.39,724.79
1787023800000,724.74,725.21,724.17,725.19
1787024700000,725.19,725.49,724.9,725.13
1787025600000,725.09,725.26,724.59,725.25
1787026500000,725.24,725.61,724.82,725.49
1787027400000,725.66,725.8,725.11,725.34
1787028300000,725.34,725.95,725.19,725.72
1787029200000,725.67,725.76,724.7,724.73
1787030100000,724.73,724.92,724.67,724.72
1787031000000,724.68,724.69,724.39,724.49
1787031900000,724.44,724.78,723.71,723.71
1787032800000,723.72,723.87,722.54,723.76
1787033700000,723.72,724.45,723.39,724.34
1787034600000,724.27,724.7,724.14,724.5
1787035500000,724.48,725.18,724.39,725.08
1787036400000,724.99,725.18,724.36,724.36
1787037300000,724.4,724.59,724,724.03
1787038200000,724.2,724.2,723.39,723.51
1787039100000,723.53,723.85,723.1,723.13
1787040000000,728.832,728.832,721.455,722.137
1787040900000,722.21,722.51,721.371,721.95
1787041800000,721.91,722.63,721.664,721.91
1787042700000,721.54,722.4,721.531,722.02
1787043600000,721.81,722.323,721.582,721.81
1787044500000,722.078,722.078,721.095,721.296
1787045400000,721.22,721.426,720.507,720.54
1787046300000,720.53,721.298,720.19,720.88
1787047200000,721.09,721.431,720.879,721.17
1787048100000,721.05,721.419,720.588,720.72
1787049000000,721.1,721.489,720.972,721.22
1787049900000,721.11,721.68,721.031,721.55
1787050800000,721.41,722.203,721.371,722.09
1787051700000,722.21,722.25,721.821,721.88
1787052600000,721.937,721.937,721.192,721.778
1787053500000,721.93,722.245,721.64,721.7
1787054400000,721.62,722.499,721.21,721.39
1787055300000,721.22,721.921,720.81,720.85
1787056200000,720.58,720.907,720.232,720.3
1787057100000,720.24,720.943,720.08,720.812
1787058000000,721.01,721.073,720.325,720.33
1787058900000,720.46,720.647,719.98,720.29
1787059800000,720.23,722.13,718.785,720.16
1787060700000,720.115,720.43,718.15,719.125
1787061600000,719.114,720.402,717.27,717.65
1787062500000,717.67,719.99,717.46,719.625
1787063400000,719.67,720.19,718.29,718.3
1787064300000,718.31,718.57,716.47,716.61
1787065200000,716.663,717.32,715.93,716.578
1787066100000,716.595,717.934,716.35,717.773
1787067000000,717.69,718.2,717.145,717.935
1787067900000,717.935,718.945,717.934,718.88
1787068800000,718.91,719.47,718.62,719.1
1787069700000,719.145,719.295,718.205,718.237
1787070600000,718.215,719.13,718.07,718.638
1787071500000,718.68,719.65,718.43,719.31
1787072400000,719.1,719.44,718.43,718.835
1787073300000,718.81,718.817,717.81,718.355
1787074200000,718.265,718.455,717.785,718.085
1787075100000,718.076,718.275,717.135,717.164
1787076000000,717.055,717.42,716.7,717.295
1787076900000,717.365,718.275,717.295,718.01
1787077800000,718.01,718.25,717.585,717.68
1787078700000,717.59,717.885,717.125,717.265
1787079600000,717.2,717.585,717.12,717.268
1787080500000,717.28,718.044,717.09,717.93
1787081400000,717.93,718.06,717.54,717.935
1787082300000,717.935,718.13,716.93,717.64
1787083200000,717.44,717.87,717.191,717.29
1787084100000,717.379,717.474,717.07,717.45
1787085000000,717.449,717.621,717.389,717.483
1787085900000,717.43,717.478,716.79,716.79
1787086800000,717.059,717.222,716.955,717.1
1787087700000,717.02,717.15,717.005,717.02
1787088600000,717.025,717.08,716.938,716.972
1787089500000,716.974,717.05,716.916,716.976
1787090400000,717.32,717.43,716.928,717.32
1787091300000,717.61,717.717,716.744,717.01
1787092200000,716.2,716.779,716.16,716.17
1787093100000,716.35,716.35,715.99,716.026
1787094000000,716.1,716.55,715.962,716.55
1787094900000,716.79,717.109,716.161,717.03
1787095800000,716.679,716.719,716.208,716.458
1787096700000,716.36,716.688,716.187,716.36
1787097600000,716.207,716.37,714.41,714.76
1787098500000,714.72,716.34,714.48,716.34
1787099400000,716.38,717.45,716.38,717.31
1787100300000,717.31,717.76,716.52,716.69
1787101200000,716.66,718.01,716.48,717.67
1787102100000,717.76,718.31,717.39,718.08
1787103000000,718.14,718.14,717.22,717.58
1787103900000,717.3,717.65,717.25,717.52
1787104800000,717.66,717.66,716.35,716.51
1787105700000,716.49,717.17,716.19,716.7
1787106600000,716.64,716.66,716.06,716.1
1787107500000,716.32,716.69,716.15,716.37
1787108400000,716.55,716.91,716.19,716.33
1787109300000,716.69,716.81,716.18,716.46
1787110200000,716.49,717.22,716.39,716.4
1787111100000,716.41,716.72,716.06,716.24
1787112000000,716.3,716.31,715.89,716.01
1787112900000,716.08,716.66,715.86,716.44
1787113800000,716.46,716.57,715.59,715.59
1787114700000,715.64,715.86,714.82,715.84
1787115600000,715.83,716.48,715.27,715.39
1787116500000,715.39,715.89,714.89,715.84
1787117400000,715.87,715.9,714.76,715
1787118300000,714.96,715.01,714.45,714.68
1787119200000,714.69,714.81,713.99,714.11
1787120100000,714.26,715.74,714.24,715
1787121000000,715.11,715.4,714.74,715.4
1787121900000,715.51,717.11,715.51,717.03
1787122800000,717.01,717.15,716.12,717.15
1787123700000,716.99,717.51,716.51,717.5
1787124600000,717.54,717.77,716.87,717.34
1787125500000,717.46,718.22,717.4,718.12
1787126400000,718.03,719.018,716.492,718.9
1787127300000,718.56,718.988,718.33,718.66
1787128200000,718.14,718.824,718.14,718.52
1787129100000,718.4,718.829,718.295,718.63
1787130000000,718,718.78,717.957,718.14
1787130900000,717.91,718.013,717.296,717.51
1787131800000,717.62,717.722,716.881,716.91
1787132700000,717.1,717.14,716.598,716.73
1787133600000,716.49,716.998,715.991,716.62
1787134500000,716.29,716.662,716.058,716.46
1787135400000,716.72,717.038,716.416,716.87
1787136300000,716.91,717.017,716.148,716.91
1787137200000,716.15,717.56,716.021,717.56
1787138100000,716.64,717.105,716.537,716.61
1787139000000,716.2,716.666,715.89,715.9
1787139900000,716.081,716.541,715.866,716.521
1787140800000,716.516,717.045,715.996,716.929
1787141700000,717.2,717.62,716.896,717.52
1787142600000,717.58,720.065,716.9,720.04
1787143500000,720.37,721.833,720.06,721.64
1787144400000,721.41,721.569,720.107,721.03
1787145300000,721.141,721.63,720.42,720.641
1787146200000,720.4,721.44,717.14,718.336
1787147100000,718.314,718.87,713.38,715.625
1787148000000,715.599,715.84,712.69,712.768
1787148900000,712.752,715.175,712.6,715.101
1787149800000,715.06,717.38,714.845,717.13
1787150700000,717.12,718.57,716.27,718.43
1787151600000,718.57,718.72,717.6,718.397
1787152500000,718.402,718.72,717.842,718.236
1787153400000,718.251,718.41,716.81,717.883
1787154300000,717.93,718.37,717.332,718.113
1787155200000,718.121,719.32,717.71,718.98
1787156100000,719.013,719.675,718.18,718.296
1787157000000,718.16,718.5,717.946,718.275
1787157900000,718.21,718.267,716.9,717.19
1787158800000,717.01,717.35,716.62,716.785
1787159700000,716.778,716.92,715.81,716.511
1787160600000,716.518,716.595,715.97,716.468
1787161500000,716.467,717.005,716.4,716.628
1787162400000,716.645,717.74,715.59,716.05
1787163300000,716.03,716.51,715.39,716.51
1787164200000,716.51,717.43,716.47,717
1787165100000,716.987,716.996,716.23,716.437
1787166000000,716.42,716.98,716.32,716.718
1787166900000,716.72,717.52,716.71,716.948
1787167800000,717.045,717.75,716.245,716.28
1787168700000,716.33,716.34,715.25,716.12
1787169600000,716.195,716.57,715.918,716.1
1787170500000,716.07,716.2,715.95,716.2
1787171400000,716.19,716.349,716.106,716.31
1787172300000,716.3,717.027,716.281,716.99
1787173200000,716.97,717.171,716.851,717.09
1787174100000,717.075,717.075,716.91,716.975
1787175000000,716.975,717.195,716.93,716.93
1787175900000,716.93,717.06,716.87,717.06
1787176800000,717.5,718.811,717.077,718.72
1787177700000,718.5,718.756,718.247,718.5
1787178600000,718.46,718.898,718.337,718.46
1787179500000,718.8,719.196,718.728,718.89
1787180400000,719.6,720.036,718.879,719.31
1787181300000,719.267,719.44,719.071,719.254
1787182200000,719.31,719.58,719.112,719.33
1787183100000,719.37,719.515,718.706,719.05
1787184000000,718.731,718.753,717.69,718.72
1787184900000,718.81,719.63,718.7,718.84
1787185800000,718.9,719.64,718.58,719.41
1787186700000,719.45,719.89,719.17,719.79
1787187600000,719.75,720.11,719.13,719.19
1787188500000,719.29,719.6,718.71,718.94
1787189400000,718.87,719.72,718.7,719.67
1787190300000,719.79,719.91,718.84,719.17
1787191200000,719.39,720.02,719.27,719.53
1787192100000,719.67,719.7,718.44,718.91
1787193000000,718.91,719.55,718.41,719.1
1787193900000,719.17,719.22,718.39,718.8
1787194800000,718.75,719.41,718.29,718.67
1787195700000,718.69,719.43,718.65,718.77
1787196600000,718.7,718.74,717.99,718.56
1787197500000,718.5,718.76,718.37,718.42
1787198400000,718.58,719.4,718.58,719.37
1787199300000,719.41,719.43,718.99,719.13
1787200200000,719.04,719.04,718.37,718.77
1787201100000,718.74,719.01,718.41,718.52
1787202000000,718.4,718.61,717.85,717.89
1787202900000,718.05,719.03,718.05,718.5
1787203800000,718.62,718.71,718.21,718.5
1787204700000,718.31,718.51,718.13,718.23
1787205600000,718.33,719.65,718.16,719.59
1787206500000,719.46,719.5,719.1,719.41
1787207400000,719.34,719.87,719.34,719.81
1787208300000,719.9,720.14,719.74,719.82
1787209200000,719.76,719.76,718.97,719.1
1787210100000,719,719.18,718.25,718.5
1787211000000,718.43,718.92,718.01,718.22
1787211900000,718.23,718.9,718,718.02
1787212800000,718.01,718.622,716.27,716.82
1787213700000,716.48,716.77,715.624,715.71
1787214600000,715.68,716.227,714.911,716
1787215500000,715.727,715.8,714.673,715.07
1787216400000,716.19,716.687,714.988,716.03
1787217300000,716.163,716.65,716.055,716.457
1787218200000,716.24,716.537,715.897,716.24
1787219100000,716.67,716.757,716.039,716.67
1787220000000,716.406,717.123,716.023,716.998
1787220900000,716.79,717.062,716.42,716.61
1787221800000,716.55,716.811,716.119,716.61
1787222700000,716.9,717.161,716.283,717.15
1787223600000,717.48,717.48,714.835,715.41
1787224500000,715.41,715.586,713.848,713.85
1787225400000,713.8,714.493,713.727,714.31
1787226300000,713.8,713.843,712.111,712.34
1787227200000,712.29,712.599,710.01,710.25
1787228100000,710.214,710.907,710.02,710.336
1787229000000,709.9,710.601,709.47,710.52
1787229900000,710.57,711.954,710.521,711.85
1787230800000,712.02,712.53,711.682,711.8
1787231700000,711.77,712.447,711.456,712.21
1787232600000,712.1,714.84,711.89,714.382
1787233500000,714.358,714.56,711.1,712.1
1787234400000,712.109,713.58,711.29,712.514
1787235300000,712.34,713.58,711.04,712.08
1787236200000,712.085,713.92,711.6,713.79
1787237100000,713.83,714.03,712.105,713.13
1787238000000,713.069,714.605,711.49,712.445
1787238900000,712.405,712.515,710.895,711.869
1787239800000,711.884,712.02,710.3,710.386
1787240700000,710.377,711.6,710.145,711.52
1787241600000,711.59,711.94,710.975,711.075
1787242500000,711.03,712.2,711.03,711.93
1787243400000,711.825,712.7,711.13,712.7
1787244300000,712.68,712.99,712.254,712.857
1787245200000,712.845,712.845,711.747,711.751
1787246100000,711.753,711.766,710.74,710.78
1787247000000,710.777,710.97,710.48,710.642
1787247900000,710.62,711.448,710.57,710.69
1787248800000,710.71,710.71,708.85,709.21
1787249700000,709.21,709.585,708.58,709.38
1787250600000,709.244,709.289,708.72,709.232
1787251500000,709.234,709.83,709.117,709.533
1787252400000,709.44,710.66,709.44,710.375
1787253300000,710.37,710.98,710.08,710.94
1787254200000,710.93,711.625,710.63,711.01
1787255100000,711.07,711.535,710.49,710.94
1787256000000,710.871,711.292,710.329,710.361
1787256900000,709.99,710.652,709.99,710.57
1787257800000,711,711.045,710.521,710.96
1787258700000,710.99,711.127,710.803,711.08
1787259600000,711.06,711.132,710.99,711.06
1787260500000,710.99,711.045,710.986,711.018
1787261400000,711.022,711.22,711.022,711.081
1787262300000,711.04,711.199,711.03,711.03
1787263200000,711.59,711.88,710.306,710.46
1787264100000,710.324,710.603,710.324,710.519
1787265000000,710.65,711.034,710.434,710.64
1787265900000,710.89,711.435,710.815,711.28
1787266800000,711.35,711.389,711.178,711.37
1787267700000,711.233,711.484,711.167,711.242
1787268600000,711.09,711.354,710.773,711.29
1787269500000,711.239,711.252,710.584,710.702
1787270400000,710.72,712.63,710.697,712.63
1787271300000,712.55,712.55,711.49,711.49
1787272200000,711.51,712.4,711.42,712.4
1787273100000,712.35,712.61,711.61,711.61
1787274000000,711.57,711.86,711,711.81
1787274900000,711.71,712.41,711.56,712.11
1787275800000,711.99,712.43,711.59,712.43
1787276700000,712.37,712.81,711.95,712.36
1787277600000,712.45,712.84,712.15,712.84
1787278500000,712.9,713.37,712.71,713.26
1787279400000,713.29,713.43,712.96,713.08
1787280300000,713.03,713.45,713.03,713.19
1787281200000,713.19,713.19,712.55,712.55
1787282100000,712.61,712.79,712.39,712.63
1787283000000,712.74,712.91,712.51,712.54
1787283900000,712.45,712.62,712.19,712.62
1787284800000,712.33,712.74,712.33,712.74
1787285700000,712.79,712.8,711.88,711.89
1787286600000,711.83,712.05,711.67,711.97
1787287500000,711.91,712.63,711.91,712.47
1787288400000,712.52,712.78,712.45,712.7
1787289300000,712.71,712.99,712.39,712.43
1787290200000,712.4,712.97,712.35,712.54
1787291100000,712.54,712.72,712.12,712.72
1787292000000,712.6,712.88,712.5,712.88
1787292900000,712.98,713.06,712.69,713.02
1787293800000,713.01,713.52,712.81,712.93
1787294700000,712.87,713.24,712.72,713.2
1787295600000,713.1,714.15,713.06,714.15
1787296500000,714.09,714.85,713.95,714.14
1787297400000,714.15,714.77,714.09,714.16
1787298300000,714.07,714.64,714.07,714.56
1787299200000,714.59,714.991,711.355,714.26
1787300100000,713.75,714.084,713.345,713.94
1787301000000,714.12,714.842,714.011,714.69
1787301900000,714.843,715.11,714.706,714.803
1787302800000,714.01,714.841,713.911,714.01
1787303700000,714.423,714.588,714.331,714.366
1787304600000,714.37,715.504,714.27,715.331
1787305500000,715.77,715.77,715.153,715.76
1787306400000,715.85,716.274,715.415,715.49
1787307300000,715.52,715.678,715.241,715.32
1787308200000,715.39,715.765,715.3,715.49
1787309100000,715.55,715.571,715.301,715.5
1787310000000,715.4,715.52,714.815,715.18
1787310900000,715.29,716.479,715.143,716.35
1787311800000,716.37,716.794,715.97,716.33
1787312700000,716.668,716.679,715.951,715.951
1787313600000,715.86,716.011,715.484,715.83
1787314500000,715.6,716.301,715.471,715.99
1787315400000,716.18,716.629,716.18,716.56
1787316300000,716.67,716.72,716.04,716.18
1787317200000,716.196,716.26,715.178,715.216
1787318100000,715.21,715.54,713.97,715.45
1787319000000,715.225,715.35,711.4,711.58
1787319900000,711.515,712.47,710.12,711.245
1787320800000,711.22,711.875,709.88,710.041
1787321700000,709.98,711.37,709.2,710.612
1787322600000,710.79,711.29,710.18,710.94
1787323500000,711.05,711.86,710.89,711.85
1787324400000,711.9,712.785,711.8,712.42
1787325300000,712.429,712.84,711.905,712.756
1787326200000,712.76,715.23,712.71,714.77
1787327100000,714.8,715.66,714.219,714.55
1787328000000,714.69,714.7,713.382,713.45
1787328900000,713.488,714.77,713.27,713.769
1787329800000,713.769,714.093,713.435,713.965
1787330700000,713.963,713.963,713.06,713.757
1787331600000,713.83,714.075,713.573,713.66
1787332500000,713.6,713.74,713,713.47
1787333400000,713.48,713.625,713.13,713.625
1787334300000,713.546,713.751,713.126,713.136
1787335200000,713.11,713.62,712.9,712.9
1787336100000,712.935,713.304,712.66,712.705
1787337000000,712.64,712.865,712.42,712.745
1787337900000,712.825,713.565,712.7,713.565
1787338800000,713.553,713.88,713.23,713.278
1787339700000,713.278,713.68,713.116,713.461
1787340600000,713.44,713.83,713.44,713.81
1787341500000,713.795,714.31,712.95,713.4
1787342400000,713.38,713.38,712.963,713.16
1787343300000,713.18,713.228,712.78,712.89
1787344200000,712.95,713.196,712.836,713.08
1787345100000,713.13,713.166,712.89,712.99
1787346000000,712.92,713.198,712.92,713.03
1787346900000,713.06,713.15,712.995,713.08
1787347800000,713.105,713.224,713.033,713.17
1787348700000,713.17,713.545,713.147,713.35
1787349600000,713.49,713.604,713.346,713.49
1787350500000,713.55,713.779,713.373,713.55
1787351400000,713.63,713.918,713.63,713.81
1787352300000,713.99,714.175,713.895,713.99
1787353200000,714.15,714.323,714.033,714.187
1787354100000,714.188,714.32,714.155,714.32
1787355000000,714.17,714.416,714.117,714.16
1787355900000,714.05,714.309,714.008,714.05
1787356800000,714.311,714.56,714.311,714.56
1787358600000,714.62,714.62,714.62,714.62
1787359500000,714.62,714.62,714.62,714.62
1787360400000,714.72,714.72,714.25,714.25
1787361300000,714.21,714.21,712.01,712.01
1787362200000,712.91,712.91,712.91,712.91
1787363100000,712.91,712.91,712.91,712.91
1787364000000,712.78,713.2,712.55,713.2
1787365800000,713.2,713.2,712.51,712.51
1787366700000,713.2,713.2,712.35,713.2
1787367600000,712.32,712.32,712.32,712.32
1787370300000,712.32,713.2,712.32,712.72
1787371200000,712.99,712.99,712.99,712.99
1787372100000,712.71,712.71,712.71,712.71
1787373000000,712.99,712.99,712.68,712.68
1787373900000,712.99,712.99,712.99,712.99
1787377500000,712.5,712.64,712.5,712.64
1787378400000,712.64,712.64,712.64,712.64
1787379300000,712.64,712.64,712.64,712.64
1787381100000,712.64,712.64,712.64,712.64
1787383800000,712.64,712.64,712.25,712.25
1787384700000,712.64,712.64,712.25,712.64
1787385600000,712.64,712.64,712.64,712.64
1787387400000,712.64,712.64,712.64,712.64
1787388300000,712.64,712.64,712.64,712.64
1787390100000,712.25,712.25,712.25,712.25
1787391000000,712.64,712.64,712.64,712.64
1787391900000,712.64,712.64,712.64,712.64
1787392800000,712.64,712.99,712.64,712.74
1787394600000,712.73,712.73,712.73,712.73
1787395500000,712.99,712.99,712.99,712.99
1787399100000,712.99,712.99,712.99,712.99
1787400000000,712.99,712.99,712.99,712.99
1787400900000,712.73,712.73,712.73,712.73
1787402700000,712.99,712.99,712.99,712.99
1787403600000,712.99,712.99,712.36,712.36
1787405400000,712.99,712.99,712.99,712.99
1787406300000,712.99,712.99,712.99,712.99
1787407200000,712.99,713.26,712.99,713.26
1787409000000,713.26,713.26,713.26,713.26
1787409900000,713.26,713.26,712.43,712.43
1787410800000,713.26,713.26,713.26,713.26
1787411700000,713.26,713.26,713.26,713.26
1787412600000,713.26,713.26,712.3,712.3
1787413500000,713.26,713.26,713.26,713.26
1787414400000,713.26,713.26,713.26,713.26
1787416200000,713.26,713.26,713.26,713.26
1787417100000,713.26,713.26,713.26,713.26
1787419800000,713.26,713.26,713.26,713.26
1787420700000,713.26,713.26,713.26,713.26
1787421600000,713.26,713.26,713.26,713.26
1787423400000,713.26,713.26,713.26,713.26
1787424300000,713.26,713.29,713.26,713.29
1787425200000,713.29,713.29,713.29,713.29
1787426100000,712.59,713.29,712.59,713.29
1787427900000,713.29,713.29,713.29,713.29
1787428800000,713.29,713.29,712.18,712.18
1787431500000,712.15,713.29,712.15,713.29
1787433300000,713.29,713.29,713.29,713.29
1787435100000,713.29,713.29,713.29,713.29
1787436000000,713.29,713.29,712.11,712.11
1787438700000,713.29,713.29,713.29,713.29
1787442300000,713.29,713.29,713.29,713.29
1787445000000,713.29,713.29,713.29,713.29
1787445900000,713.29,713.29,713.29,713.29
1787446800000,713.29,714.05,713.03,713.03
1787448600000,713.03,713.03,713.03,713.03
1787449500000,713.03,713.03,713.03,713.03
1787450400000,713.03,713.03,713.03,713.03
1787451300000,712.73,712.73,712.73,712.73
1787453100000,713.03,713.03,713.03,713.03
1787454000000,712.71,712.71,712.71,712.71
1787455800000,713,713,712.65,712.65
1787456700000,713,713,713,713
1787457600000,713,713.03,713,713.03
1787459400000,713.03,713.03,713.03,713.03
1787460300000,713.03,713.03,713.03,713.03
1787462100000,713.03,713.03,713.03,713.03
1787473800000,713.03,713.03,713.03,713.03
1787477400000,713.03,713.03,713.03,713.03
1787478300000,713.03,713.03,713.03,713.03
1787481900000,713.03,713.03,713.03,713.03
1787483700000,713.03,713.03,712.43,712.43
1787484600000,713.03,713.03,713.03,713.03
1787485500000,713.03,713.03,713.03,713.03
1787489100000,713.03,713.03,713.03,713.03
1787490000000,713.03,713.03,713.03,713.03
1787490900000,712.43,712.43,712.43,712.43
1787492700000,713.03,713.03,713.03,713.03
1787493600000,713.03,713.03,713.03,713.03
1787495400000,713.03,713.03,713.03,713.03
1787496300000,713.03,713.03,713.03,713.03
1787497200000,713.03,713.73,713.03,713.73
1787498100000,713.73,713.73,713.73,713.73
1787499000000,713.73,713.73,713.73,713.73
1787499900000,713.73,713.73,713.73,713.73
1787500800000,713.73,713.73,713.73,713.73
1787503500000,713.73,713.73,713.73,713.73
1787507100000,713.73,713.73,713.73,713.73
1787508000000,713.73,713.73,713.73,713.73
1787510700000,713.73,713.73,713.73,713.73
1787512500000,713.73,713.73,713.73,713.73
1787513400000,712.44,712.44,712.44,712.44
1787514300000,713.73,713.73,713.73,713.73
1787515200000,713.73,713.73,713.73,713.73
1787517900000,713.73,713.73,713.73,713.73
1787521500000,713.73,713.73,713.73,713.73
1787522400000,713.73,713.73,713.73,713.73
1787525100000,713.73,713.73,713.73,713.73
1787528700000,713.73,713.73,713.73,713.73
1787529600000,715.01,715.25,714.22,714.68
1787530500000,714.42,714.42,712.1,712.56
1787531400000,712.57,713.04,712.18,712.64
1787532300000,712.64,714.25,712.61,714.22
1787533200000,714.23,714.66,713.65,714.59
1787534100000,714.54,714.75,713.89,713.89
1787535000000,713.86,713.86,713.31,713.48
1787535900000,713.43,713.73,711.76,711.76
1787536800000,711.76,712.56,711.29,712.56
1787537700000,712.5,712.92,712.41,712.77
1787538600000,712.77,712.97,712.64,712.9
1787539500000,712.95,713.06,712.26,712.81
1787540400000,712.81,712.83,711.34,711.35
1787541300000,711.35,711.52,711.02,711.14
1787542200000,711.13,711.3,710.87,710.9
1787543100000,710.79,711.32,710.41,710.56
1787544000000,710.63,711.14,710.52,711.07
1787544900000,711.19,711.25,710.55,711.01
1787545800000,711.05,711.17,710.74,711.17
1787546700000,711.2,711.27,710.38,710.4
1787547600000,710.4,711.12,710.37,711.04
1787548500000,710.8,710.8,709.98,710.01
1787549400000,709.99,710.4,709.02,709.8
1787550300000,709.69,709.87,708.7,708.86
1787551200000,708.79,709.17,707.48,707.66
1787552100000,707.7,708.28,707.02,707.97
1787553000000,707.97,708.26,707.44,707.67
1787553900000,707.61,708.24,707.39,707.93
1787554800000,707.83,708.89,707.6,708.86
1787555700000,708.78,708.98,708.29,708.39
1787556600000,708.29,709.08,707.91,707.91
1787557500000,707.94,708.22,707.2,707.51
1787558400000,713.188,713.188,706.906,708.41
1787559300000,708.96,708.982,708.132,708.95
1787560200000,708.73,709.374,708.383,709.32
1787561100000,709.372,709.719,709.161,709.22
1787562000000,709.79,709.887,708.876,709.79
1787562900000,709.03,709.623,708.995,709.03
1787563800000,709.031,709.753,709.031,709.604
1787564700000,709.605,709.929,709.464,709.515
1787565600000,709.77,709.851,709.173,709.43
1787566500000,709.188,709.58,708.95,708.992
1787567400000,708.989,709.689,708.853,708.939
1787568300000,708.74,708.989,708.311,708.44
1787569200000,708.32,708.57,707.56,707.9
1787570100000,708.01,708.832,707.99,708.67
1787571000000,708.55,710.655,708.374,710.21
1787571900000,710.15,710.18,709.576,709.91
1787572800000,709.76,709.899,709.014,709.09
1787573700000,709.07,709.518,708.937,709.23
1787574600000,709.21,709.72,708.185,709.14
1787575500000,708.828,709.487,708.822,708.947
1787576400000,709.16,709.212,708.752,709.21
1787577300000,709.25,709.62,708.768,709.52
1787578200000,709.65,709.71,703.455,703.455
1787579100000,703.43,704.82,702.73,704.45
1787580000000,704.44,704.73,702.896,703.757
1787580900000,703.79,704.657,703.26,704.23
1787581800000,703.98,706.545,703.98,705.9
1787582700000,706.015,706.5,705.805,705.87
1787583600000,705.928,706.029,704.93,705.062
1787584500000,705.055,707.09,704.83,706.788
1787585400000,706.86,708.27,706.59,708.15
1787586300000,708.16,708.81,707.57,707.78
1787587200000,708.015,708.48,707.72,708.29
1787588100000,708.264,709.3,708.264,708.848
1787589000000,708.97,709.001,708.175,708.395
1787589900000,708.405,708.536,708.03,708.03
1787590800000,708.035,708.96,707.635,708.56
1787591700000,708.541,708.563,707.085,707.263
1787592600000,707.263,707.276,706.808,706.808
1787593500000,706.803,707.35,706.76,706.91
1787594400000,706.885,708.435,706.885,708.43
1787595300000,708.435,709.265,708.1,709.175
1787596200000,709.225,709.53,708.27,708.52
1787597100000,708.495,708.57,707.62,707.661
1787598000000,707.61,707.82,707.35,707.61
1787598900000,707.58,707.88,707.35,707.75
1787599800000,707.72,708.07,706.9,707.09
1787600700000,707.025,707.24,706.22,706.393
1787601600000,706.378,706.848,706.273,706.535
1787602500000,706.535,706.63,705.889,705.954
1787603400000,705.98,706.353,705.951,706.31
1787604300000,706.34,707.063,706.089,706.95
1787605200000,707.024,707.024,706.646,706.962
1787606100000,706.968,707.057,706.851,706.955
1787607000000,706.955,707.045,706.855,707.045
1787607900000,707.08,707.098,707.04,707.09
1787608800000,707.19,707.424,706.845,707.03
1787609700000,706.873,706.997,706.827,706.935
1787610600000,706.931,706.985,706.719,706.753
1787611500000,706.751,706.813,706.617,706.798
1787612400000,706.799,706.872,706.741,706.862
1787613300000,706.864,706.969,706.488,706.491
1787614200000,706.46,706.618,705.801,705.98
1787615100000,706.01,706.272,705.892,706.11
1787616000000,706.51,706.51,704.94,705.02
1787616900000,705.01,706.01,704.39,705.95
1787617800000,705.88,707.09,705.79,706.99
1787618700000,706.97,707.32,706.75,707.15
1787619600000,707.01,707.37,706.71,707.17
1787620500000,707.11,707.24,706.35,706.79
1787621400000,706.78,707.72,706.71,707.24
1787622300000,707.3,707.69,707.09,707.09
1787623200000,707.08,707.47,706.53,706.77
1787624100000,706.81,707.56,706.59,707.52
1787625000000,707.51,708.03,707.29,707.51
1787625900000,707.32,707.32,706.29,706.45
1787626800000,706.44,708.01,706.44,707.73
1787627700000,707.75,708.23,707.7,708.19
1787628600000,708.16,708.58,707.99,708.12
1787629500000,708.06,708.06,707.69,707.96
1787630400000,707.93,708.8,707.91,708.74
1787631300000,708.69,708.99,708.6,708.89
1787632200000,708.85,709.22,708.67,709.17
1787633100000,709.12,709.2,708.51,708.67
1787634000000,708.91,709.35,708.64,708.95
1787634900000,709.04,709.48,709.02,709.35
1787635800000,709.39,709.65,708.92,708.99
1787636700000,708.93,709.86,708.93,709.62
1787637600000,709.85,710.26,709.72,709.99
1787638500000,709.89,710.98,709.89,710.47
1787639400000,710.41,710.41,709.93,710.26
1787640300000,710.36,710.36,709.75,710.35
1787641200000,710.44,711.02,710.07,710.19
1787642100000,710.13,710.32,709.52,710.08
1787643000000,710.1,710.31,709.61,710.21
1787643900000,710.23,710.23,709.51,709.69
1787644800000,709.93,710.087,706.825,710.08
1787645700000,709.69,711.621,709.276,711.55
1787646600000,710.711,711.024,710.278,710.785
1787647500000,710.788,711.363,710.788,711.316
1787648400000,711.89,712.07,711.006,711.99
1787649300000,712.03,712.062,711.463,712.03
1787650200000,712.58,712.992,711.658,712.94
1787651100000,712.757,714.07,712.69,713.508
1787652000000,713.4,713.925,712.991,713.32
1787652900000,713.27,713.462,712.919,712.98
1787653800000,712.97,713.153,712.466,712.73
1787654700000,712.74,712.911,712.423,712.74
1787655600000,712.63,712.7,711.34,712.15
1787656500000,711.81,712.56,711.81,712.1
1787657400000,712.52,712.75,712.216,712.75
1787658300000,712.61,713.395,712.61,712.95
1787659200000,713.004,713.221,712.649,713.207
1787660100000,713.24,713.92,712.85,713.03
1787661000000,712.9,713.07,711.669,711.93
1787661900000,712,712.323,711.787,712.32
1787662800000,711.94,712.273,711.62,712.19
1787663700000,711.964,712.25,711.382,711.382
1787664600000,711.26,713.14,710.77,712.46
1787665500000,712.65,714,711.13,711.45
1787666400000,711.415,711.56,709.97,709.97
1787667300000,710.03,710.5,709.22,709.309
1787668200000,709.301,710.56,707.5,709.281
1787669100000,709.29,710.37,709.11,709.82
1787670000000,709.62,709.746,708.88,709.46
1787670900000,709.56,710.83,709.41,710.83
1787671800000,710.811,711.54,710.26,710.546
1787672700000,710.53,710.62,709.47,710.4
1787673600000,710.46,711.05,710.453,710.79
1787674500000,710.82,711.24,710.767,711.07
1787675400000,711.17,711.3,710.35,710.49
1787676300000,710.501,710.885,710.2,710.709
1787677200000,710.709,710.75,709.49,709.949
1787678100000,709.92,710.26,709.295,709.44
1787679000000,709.44,709.705,709.341,709.47
1787679900000,709.36,709.63,709.329,709.59
1787680800000,709.551,709.551,708.97,709.046
1787681700000,709.043,709.523,708.985,709.37
1787682600000,709.36,710.3,709.36,710.295
1787683500000,710.295,710.656,710.18,710.24
1787684400000,710.38,710.461,709.665,709.75
1787685300000,709.718,709.78,709.23,709.519
1787686200000,709.52,710.28,709.2,709.828
1787687100000,709.83,711.065,709.61,710.67
1787688000000,710.8,711.135,710.43,711.02
1787688900000,711.06,711.64,710.95,711.32
1787689800000,711.45,711.505,710.84,710.84
1787690700000,710.882,711.017,710.6,710.954
1787691600000,710.91,711.009,710.791,710.93
1787692500000,711.03,711.053,710.992,711
1787693400000,710.995,711.105,710.891,711.09
1787694300000,711.09,711.33,711.07,711.33
1787695200000,711.33,711.495,711.13,711.156
1787696100000,711.15,711.19,710.896,711.15
1787697000000,711.01,711.15,710.893,711.01
1787697900000,711.029,711.04,710.89,711.004
1787698800000,711.005,711.028,710.752,710.777
1787699700000,710.38,710.809,710.059,710.12
1787700600000,709.93,710.058,709.721,709.93
1787701500000,709.51,709.742,709.11,709.22
1787702400000,709.29,709.64,708.6,709.25
1787703300000,709.24,709.79,708.23,708.56
1787704200000,708.63,708.64,707.56,707.78
1787705100000,707.69,708.04,706.81,706.89
1787706000000,706.86,707.69,706.77,707.14
1787706900000,707.19,707.35,706.59,706.82
1787707800000,706.87,707.28,706.49,706.92
1787708700000,707.02,707.44,706.72,707.33
1787709600000,707.39,707.64,707.04,707.55
1787710500000,707.61,708.36,707.61,708.31
1787711400000,708.32,709.41,708.31,709.4
1787712300000,709.37,709.7,709.3,709.47
1787713200000,709.57,709.78,709.34,709.75
1787714100000,709.73,709.73,709.35,709.35
1787715000000,709.35,710.02,709.19,709.84
1787715900000,709.9,710.78,709.9,710.6
1787716800000,710.56,710.9,710.49,710.73
1787717700000,710.78,710.97,710.53,710.75
1787718600000,710.73,710.78,710.21,710.24
1787719500000,710.05,710.09,709.46,709.7
1787720400000,709.73,710.41,709.73,709.9
1787721300000,709.91,710.15,709.75,710.01
1787722200000,710.16,710.41,710.05,710.08
1787723100000,710.17,710.18,709.68,710.03
1787724000000,709.98,710.05,709.32,709.52
1787724900000,709.41,709.64,709.08,709.49
1787725800000,709.4,710.36,709.31,710.36
1787726700000,710.38,710.81,709.78,710.34
1787727600000,710.25,710.37,709.04,709.87
1787728500000,709.93,709.94,708.93,709.01
1787729400000,709,709.26,708.76,709.02
1787730300000,709.03,709.46,708.81,709.25
1787731200000,709.35,710.026,709.054,709.45
1787732100000,709.116,709.787,708.752,709.787
1787733000000,709.791,710.154,709.354,710.053
1787733900000,710.054,710.054,709.312,709.676
1787734800000,709.56,709.791,709.339,709.56
1787735700000,709.29,709.495,708.84,709.29
1787736600000,708.94,709.451,708.94,709.348
1787737500000,709.349,709.881,709.349,709.881
1787738400000,709.5,709.882,708.971,709.34
1787739300000,708.978,709.418,708.973,709.064
1787740200000,709.64,709.984,708.803,709.64
1787741100000,709.77,709.95,709.607,709.65
1787742000000,710.21,710.56,709.89,710.13
1787742900000,710.55,710.837,709.937,710.71
1787743800000,709.51,710.491,708.989,709.13
1787744700000,709.234,709.65,708.74,709.505
1787745600000,709.25,709.551,709.088,709.19
1787746500000,709.01,710.243,708.815,710.08
1787747400000,710.16,710.353,707.877,708.19
1787748300000,708.37,708.5,707.534,707.92
1787749200000,707.906,708.305,707.458,708.305
1787750100000,708.02,708.316,707.9,708.12
1787751000000,708.54,711.65,708.248,711.15
1787751900000,711.08,712.19,710.38,712.19
1787752800000,712.138,712.14,709.96,710.132
1787753700000,710.13,710.535,707.99,708.571
1787754600000,708.5,709.93,708.5,709.54
1787755500000,709.54,710.67,709.2,710.3
1787756400000,710.33,711.02,710.17,710.42
1787757300000,710.425,710.63,709.61,710.435
1787758200000,710.37,711.155,709.57,711.01
1787759100000,710.99,711.18,709.41,709.46
1787760000000,709.42,709.61,708.79,709.03
1787760900000,709.06,709.38,708.88,709.19
1787761800000,709.18,709.51,708.32,708.385
1787762700000,708.388,709.55,708.36,709.349
1787763600000,709.26,710,709.26,709.86
1787764500000,709.91,710.655,709.897,710.54
1787765400000,710.61,711.17,710.528,710.98
1787766300000,710.93,711.2,710.63,711.03
1787767200000,711.014,711.28,710.615,710.665
1787768100000,710.625,711.165,710.579,710.91
1787769000000,710.9,711.43,710.846,711.25
1787769900000,711.37,712.051,711.251,711.88
1787770800000,711.86,713.01,711.83,712.34
1787771700000,712.313,712.75,712.17,712.324
1787772600000,712.31,712.44,711.616,711.62
1787773500000,711.57,712.3,710.915,711.35
1787774400000,711.52,713.096,711.224,712.97
1787775300000,713.06,713.39,711.34,712.71
1787776200000,712.416,712.722,711.872,712.35
1787777100000,712.75,714.464,712.336,714.4
1787778000000,714.59,716.73,713.961,716.68
1787778900000,715.69,716.921,715.21,716.6
1787779800000,716.74,717.389,716.44,717.16
1787780700000,717.296,717.957,716.97,716.99
1787781600000,716.49,718.104,716.08,717.8
1787782500000,717.58,718.557,717.556,718.17
1787783400000,718.49,718.99,718.192,718.7
1787784300000,718.93,719.224,718.634,718.69
1787785200000,718.735,718.899,718.406,718.426
1787786100000,718.42,718.892,718.251,718.58
1787787000000,718.66,718.857,718.494,718.66
1787787900000,718.85,719.828,718.771,719.81
1787788800000,719.83,719.83,718.21,718.34
1787789700000,718.38,718.38,717.73,718.22
1787790600000,718.23,718.23,715.77,715.81
1787791500000,715.74,715.84,714.82,715.03
1787792400000,714.93,716.06,714.69,715.13
1787793300000,715.13,716.51,715.13,716.38
1787794200000,716.31,717.15,716.15,716.15
1787795100000,716.18,717.55,716.18,716.98
1787796000000,717.13,717.35,716.76,717.21
1787796900000,717.23,717.34,716.99,717.21
1787797800000,717.28,717.59,717.06,717.32
1787798700000,717.39,717.71,717.28,717.51
1787799600000,717.47,717.81,717.11,717.27
1787800500000,717.29,718.07,717.29,717.85
1787801400000,717.87,718.01,717.36,717.36
1787802300000,717.46,717.49,716.95,717.15
1787803200000,717.17,717.39,717.01,717.15
1787804100000,717.12,717.56,717.09,717.09
1787805000000,717.01,717.03,716.38,716.42
1787805900000,716.41,716.77,716.19,716.23
1787806800000,716.26,716.26,715.69,715.9
1787807700000,715.84,715.84,715.09,715.41
1787808600000,715.56,715.57,714.85,714.85
1787809500000,714.9,715.45,714.63,714.76
1787810400000,714.78,714.85,713.99,714.69
1787811300000,714.77,715.17,714.68,715.17
1787812200000,715.09,716.1,715.09,716.1
1787813100000,716.03,716.35,715.8,716.35
1787814000000,716.19,717.23,715.75,717.23
1787814900000,717.25,717.4,716.94,717.4
1787815800000,717.41,717.48,716.36,716.46
1787816700000,716.4,717.46,716.4,717.43
1787817600000,717.47,719.35,715.378,718.76
1787818500000,719,720.121,718.59,720.02
1787819400000,719.74,720.124,719.14,719.44
1787820300000,719.456,720.147,719.301,719.35
1787821200000,718.81,719.462,718.384,718.81
1787822100000,718.376,719.017,717.96,718.677
1787823000000,719.16,719.271,718.678,719.16
1787823900000,719.13,719.476,718.747,719.27
1787824800000,718.81,718.844,718.389,718.82
1787825700000,718.55,718.779,718.242,718.32
1787826600000,718.42,718.774,718.04,718.55
1787827500000,718.07,718.748,718.007,718.66
1787828400000,718.67,719.414,718.242,719.35
1787829300000,719.24,719.24,718.087,718.49
1787830200000,718.079,718.24,717.487,717.904
1787831100000,717.24,717.919,716.748,717.54
1787832000000,717.91,718.43,717.577,718.35
1787832900000,718.17,718.466,717.993,718.22
1787833800000,718.24,718.24,717.205,717.5
1787834700000,717.205,717.224,716.771,716.865
1787835600000,716.87,717.77,716.815,717.69
1787836500000,717.65,718,717.012,717.02
1787837400000,717,718.375,715.13,718.13
1787838300000,718.19,718.72,714.58,715.97
1787839200000,715.943,718.45,715.943,717.825
1787840100000,717.85,719.26,717.815,718.92
1787841000000,718.91,718.943,717.29,717.7
1787841900000,717.775,718.86,717.233,718.66
1787842800000,718.82,719.44,718.53,719.373
1787843700000,719.39,719.56,718.193,718.217
1787844600000,718.23,718.646,717.09,717.2
1787845500000,717.16,718.974,716.69,718.75
1787846400000,718.75,719.31,718.34,718.53
1787847300000,718.53,718.954,718.115,718.859
1787848200000,718.858,719.97,718.819,719.88
1787849100000,719.86,720.17,719.72,720.02
1787850000000,720.02,720.58,719.94,720.465
1787850900000,720.46,720.62,719.729,719.76
1787851800000,719.75,720.14,719.49,719.5
1787852700000,719.508,719.56,719.01,719.11
1787853600000,719.11,719.32,717.89,718.246
1787854500000,718.26,718.49,717.118,717.31
1787855400000,717.3,718.312,717.283,718.17
1787856300000,718.141,718.341,717.52,718.144
1787857200000,718.105,718.927,718.03,718.707
1787858100000,718.63,719.09,718.63,718.88
1787859000000,718.75,719.58,718.745,719.5
1787859900000,719.58,721.34,719.5,721.13
1787860800000,721.151,721.37,720.011,720.011
1787861700000,720.007,720.12,719.7,719.807
1787862600000,719.81,719.869,719.678,719.78
1787863500000,719.84,719.85,719.37,719.59
1787864400000,719.68,719.89,719.661,719.847
1787865300000,719.89,719.948,719.76,719.89
1787866200000,719.854,719.854,719.575,719.63
1787867100000,719.626,719.645,719.505,719.59
1787868000000,719.17,719.838,718.95,719.4
1787868900000,719.334,719.727,719.334,719.727
1787869800000,719.74,719.77,719.62,719.74
1787870700000,719.707,719.739,719.586,719.653
1787871600000,719.62,719.695,719.014,719.46
1787872500000,719,719.229,718.977,719
1787873400000,719.007,719.094,718.929,718.934
1787874300000,718.75,718.935,718.64,718.67
1787875200000,719.51,720.36,718.764,720.36
1787876100000,720.22,720.38,719.69,720.31
1787877000000,720.21,720.43,719.87,720.3
1787877900000,720.24,720.66,720.1,720.16
1787878800000,720.14,720.71,720.13,720.55
1787879700000,720.5,720.78,720.19,720.26
1787880600000,720.18,720.75,720.05,720.38
1787881500000,720.27,720.95,720.16,720.94
1787882400000,720.99,721.41,720.98,721.25
1787883300000,721.32,721.49,721.12,721.22
1787884200000,721.12,721.12,720.11,720.14
1787885100000,720.2,720.7,720.16,720.54
1787886000000,720.51,721.49,720.51,721.35
1787886900000,721.33,721.6,721.25,721.45
1787887800000,721.49,721.49,720.21,720.21
1787888700000,720.31,720.86,720.04,720.73
1787889600000,720.62,720.67,720.18,720.54
1787890500000,720.65,720.68,720.45,720.45
1787891400000,720.43,720.43,720.02,720.05
1787892300000,720.11,720.23,719.96,720.04
1787893200000,720.01,720.06,719.55,719.62
1787894100000,719.66,719.67,719.34,719.54
1787895000000,719.56,719.6,719.13,719.3
1787895900000,719.26,719.34,719,719
1787896800000,719.1,719.4,718.98,719.16
1787897700000,719.11,719.55,718.91,718.91
1787898600000,719.12,719.55,719,719.55
1787899500000,719.49,720.09,719.43,720.09
1787900400000,720.17,720.28,719.2,719.33
1787901300000,719.31,719.6,719.1,719.37
1787902200000,719.45,719.48,718.91,719.01
1787903100000,718.99,719.63,718.99,719.22
1787904000000,719.46,719.519,718.533,718.82
1787904900000,718.676,719.162,718.633,719.079
1787905800000,719.67,719.844,718.999,719.57
1787906700000,719.639,719.639,719.177,719.55
1787907600000,719.544,719.544,719.16,719.289
1787908500000,719.275,719.494,719.001,719.434
1787909400000,719.432,719.471,719.136,719.136
1787910300000,719.147,719.531,719.086,719.229
1787911200000,719.06,719.279,718.911,719.23
1787912100000,719.165,719.439,719.046,719.349
1787913000000,719.345,719.568,719.144,719.144
1787913900000,719.09,719.599,719.066,719.09
1787914800000,719.48,719.866,719.059,719.21
1787915700000,719.45,719.93,719.389,719.78
1787916600000,720,720,719.287,719.52
1787917500000,719.286,719.394,719.047,719.156
1787918400000,719.06,719.798,719.06,719.66
1787919300000,719.8,720.516,719.791,720.47
1787920200000,720.17,720.517,719.483,720.45
1787921100000,720.47,720.56,720.267,720.47
1787922000000,720.498,720.99,720.319,720.489
1787922900000,720.38,720.529,719.61,720.09
1787923800000,719.79,721.41,718.27,721.095
1787924700000,721.17,721.53,719.745,719.89
1787925600000,719.4,721.63,716.77,717.58
1787926500000,717.555,720.87,717.417,720.21
1787927400000,720.32,722.5,719.915,722.38
1787928300000,722.34,723.82,722.07,723.73
1787929200000,723.725,724.12,722.3,722.62
1787930100000,722.62,723.64,722.44,723.396
1787931000000,723.405,723.47,720.61,720.733
1787931900000,720.7,720.96,717.71,717.85
1787932800000,717.79,718.78,716.88,717.96
1787933700000,717.96,718.161,715.73,716.36
1787934600000,716.3,717.26,715.99,716.139
1787935500000,716.145,717.69,716.145,716.73
1787936400000,716.55,716.712,715.18,716.2
1787937300000,716.24,716.44,715.46,715.93
1787938200000,715.906,716.69,715.735,716.148
1787939100000,716.155,717.28,716.119,716.966
1787940000000,716.963,717.02,716.39,716.39
1787940900000,716.37,716.7,715.91,716.185
1787941800000,716.24,716.72,716.04,716.37
1787942700000,716.36,716.378,715.15,715.5
1787943600000,715.515,716.365,715.24,716.067
1787944500000,716.069,716.62,715.73,716.532
1787945400000,716.445,716.855,716.18,716.67
1787946300000,716.645,717.08,715.97,716.43
1787947200000,716.317,716.689,716.059,716.303
1787948100000,716.302,716.43,716.23,716.352
1787949000000,716.356,716.768,716.24,716.767
1787949900000,716.82,717.008,716.766,716.9
1787950800000,716.9,716.945,716.681,716.75
1787951700000,716.68,716.68,716.443,716.445
1787952600000,716.45,716.45,716.18,716.19
1787953500000,716.19,716.42,716.173,716.33
1787954400000,716.33,716.469,716.285,716.285
1787955300000,716.17,716.285,716.11,716.12
1787956200000,716.176,716.34,716.148,716.34
1787957100000,716.27,716.34,716.2,716.27
1787958000000,716.3,716.3,716.145,716.146
1787958900000,716.146,716.225,716.101,716.215
1787959800000,716.23,716.325,716.215,716.23
1787960700000,716.19,716.425,716.18,716.18
1787961600000,716.237,716.237,716.231,716.231
1787963400000,716.48,716.48,716.48,716.48
1787964300000,716.48,716.48,716.48,716.48
1787965200000,716.51,716.51,716.51,716.51
1787967900000,716.51,716.51,716.51,716.51
1787968800000,716.54,716.54,716.54,716.54
1787969700000,716.79,716.79,716.24,716.24
1787971500000,716.24,716.24,716.24,716.24
1787972400000,716.24,716.24,716.24,716.24
1787973300000,716.24,716.24,716.24,716.24
1787975100000,716.81,716.81,714.27,715.05
1787976000000,715.1,716.89,715.1,716.89
1787977800000,716.65,716.65,716.65,716.65
1787978700000,716.65,716.65,716.65,716.65
1787980500000,716.75,716.81,716.36,716.81
1787981400000,716.89,716.89,716.7,716.7
1787982300000,716.93,716.93,716.93,716.93
1787983200000,716.98,716.98,716.98,716.98
1787985900000,717.04,717.04,717.04,717.04
1787989500000,717.09,717.09,717.09,717.09
1787992200000,717.02,717.02,717.02,717.02
1787993100000,717.11,717.11,717.11,717.11
1787995800000,717.18,717.18,717.18,717.18
1787996700000,717.13,717.13,717.13,717.13
1787997600000,716.62,716.62,716.61,716.61
1787998500000,716.61,716.61,716.61,716.61
1788000300000,716.87,716.87,716.61,716.87
1788002100000,716.87,716.87,716.61,716.61
1788003000000,717.03,717.03,716.53,717.03
1788003900000,717.12,717.12,717.12,717.12
1788004800000,717.08,717.08,717.08,717.08
1788007500000,716.56,717.08,716.56,717.08
1788008400000,717,717,717,717
1788009300000,716.56,716.56,716.56,716.56
1788011100000,717,717,717,717
1788012000000,717.21,717.32,717.21,717.32
1788013800000,717.32,717.76,717.32,717.47
1788014700000,717.59,717.59,717.59,717.59
1788015600000,717.59,717.66,717.59,717.66
1788017400000,717.59,717.59,717.59,717.59
1788018300000,717.73,717.73,717.73,717.73
1788019200000,717.76,717.76,717.76,717.76
1788021000000,717.67,717.67,717.67,717.67
1788021900000,717.25,717.67,717.25,717.67
1788022800000,717.34,717.34,717.34,717.34
1788025500000,717.78,717.78,717.78,717.78
1788026400000,717.67,717.67,717.17,717.17
1788027300000,717.14,717.14,715.67,715.67
1788028200000,715.67,716.04,715.67,716.04
1788029100000,716.04,716.09,716.04,716.09
1788030000000,716.29,716.29,715.76,716.29
1788032700000,716.29,716.29,716.29,716.29
1788033600000,716.29,716.29,716.29,716.29
1788036300000,716.29,716.29,716.29,716.29
1788039900000,716.29,716.29,716.29,716.29
1788040800000,716.29,716.29,716.29,716.29
1788043500000,716.29,716.29,716.29,716.29
1788047100000,716.29,716.29,716.29,716.29
1788049800000,716.29,716.29,716.29,716.29
1788050700000,716.29,716.29,716.29,716.29
1788051600000,716.29,716.29,716.29,716.29
1788053400000,716.29,716.29,716.29,716.29
1788054300000,716.29,716.29,716.29,716.29
1788055200000,716.29,716.29,716.29,716.29
1788057900000,716.29,716.29,716.29,716.29
1788061500000,716.29,716.29,716.29,716.29
1788062400000,716.29,716.29,716.29,716.29
1788064200000,716.29,716.29,716.29,716.29
1788065100000,716.29,716.29,716.29,716.29
1788066000000,716.29,716.29,716.29,716.29
1788068700000,716.29,716.29,716.29,716.29
1788070500000,716.29,716.29,716.29,716.29
1788071400000,716.29,716.29,716.29,716.29
1788072300000,716.29,716.29,716.29,716.29
1788073200000,716.29,716.29,716.29,716.29
1788074100000,716.29,716.29,716.29,716.29
1788075900000,716.29,716.35,716.29,716.35
1788076800000,716.35,716.35,716.35,716.35
1788079500000,716.35,716.35,716.35,716.35
1788082200000,716.35,716.35,716.35,716.35
1788083100000,716.35,716.35,716.35,716.35
1788084900000,716.35,716.35,716,716
1788086700000,716,719.4,716,719.4
1788087600000,719.17,719.17,718.51,718.51
1788090300000,718.18,718.66,718.18,718.66
1788091200000,718.68,718.68,718.68,718.68
1788093000000,718.68,718.68,718.68,718.68
1788093900000,718.71,718.71,718.71,718.71
1788097500000,718.91,718.91,718.91,718.91
1788098400000,718.92,718.96,718.92,718.96
1788100200000,718.96,719,718.96,719
1788101100000,719.06,719.06,719.06,719.06
1788102000000,719.16,719.18,719.16,719.18
1788102900000,718.8,718.8,718.5,718.5
1788103800000,718.98,718.98,718.76,718.76
1788104700000,719.27,719.27,719.27,719.27
1788105600000,719.25,719.25,719.25,719.25
1788107400000,719.21,719.21,719.21,719.21
1788108300000,719.21,719.21,719.21,719.21
1788111900000,719.39,719.39,719.39,719.39
1788112800000,719.29,719.29,719.29,719.29
1788114600000,719.29,719.54,719.29,719.54
1788115500000,719.54,719.54,719.54,719.54
1788117300000,719.81,719.81,719.81,719.81
1788119100000,719.49,719.59,719.49,719.59
1788120000000,719.78,719.78,719.78,719.78
1788120900000,720.02,720.02,720.02,720.02
1788121800000,719.33,719.33,718.75,718.75
1788122700000,718.91,718.91,718.33,718.33
1788123600000,718.16,718.16,717.72,717.72
1788125400000,718.16,718.16,717.4,717.4
1788126300000,717.2,717.2,717.2,717.2
1788127200000,717.41,717.41,716.49,716.49
1788129000000,716.94,716.94,716.94,716.94
1788129900000,716.46,716.94,716.46,716.94
1788133500000,716.85,716.85,716.46,716.46
1788134400000,711.7,712.93,711.24,712.75
1788135300000,712.87,713.66,712.71,713.59
1788136200000,713.52,714.21,713.5,713.86
1788137100000,713.95,714.01,713.05,713.1
1788138000000,712.99,712.99,711.68,712.47
1788138900000,712.36,712.73,711.96,712.51
1788139800000,712.58,712.67,711.99,712.16
1788140700000,711.99,712.48,711.9,712.4
1788141600000,712.18,713.29,712.16,713.19
1788142500000,713.16,713.16,711.96,712.53
1788143400000,712.44,712.54,711.51,711.66
1788144300000,711.81,712.86,711.61,712.86
1788145200000,712.91,713.4,712.73,713.24
1788146100000,713.15,713.19,712.86,712.88
1788147000000,712.84,713,712.72,712.93
1788147900000,712.92,713.11,712.75,713.1
1788148800000,713.07,713.09,712.84,713.06
1788149700000,713.09,713.17,712.89,712.94
1788150600000,713,713.83,712.69,713.78
1788151500000,713.7,714.75,713.45,714.59
1788152400000,714.6,715.27,714.41,715.22
1788153300000,715.26,716.12,715.26,715.89
1788154200000,715.94,715.98,714.92,715.24
1788155100000,715.25,715.72,715.04,715.68
1788156000000,715.74,716.69,715.47,716.63
1788156900000,716.63,717.02,716.63,716.81
1788157800000,716.87,717.11,716.58,716.88
1788158700000,716.85,717.33,716.72,717.1
1788159600000,717.02,717.1,716.7,716.93
1788160500000,716.93,717.13,716.65,716.92
1788161400000,716.9,717.12,716.69,716.75
1788162300000,716.74,716.85,716.226,716.74
1788163200000,716.331,717.51,716.331,716.856
1788164100000,716.82,716.879,716.363,716.82
1788165000000,716.52,716.73,716.091,716.4
1788165900000,716.38,716.569,716.202,716.44
1788166800000,715.99,716.651,715.982,716.56
1788167700000,716.495,716.87,716.458,716.458
1788168600000,715.99,716.473,715.869,715.99
1788169500000,715.919,715.919,715.375,715.453
1788170400000,715.29,715.649,715.257,715.46
1788171300000,715.644,715.804,715.369,715.723
1788172200000,715.717,715.717,715.475,715.537
1788173100000,715.91,715.941,715.456,715.66
1788174000000,715.4,715.682,715.166,715.54
1788174900000,715.59,715.886,715.149,715.65
1788175800000,715.27,715.833,715.052,715.11
1788176700000,715.11,715.179,714.888,715.11
1788177600000,715.27,715.802,714.41,715.25
1788178500000,716.05,716.21,714.16,714.89
1788179400000,714.49,715.184,714.004,714.1
1788180300000,714.18,714.347,713.71,714.01
1788181200000,713.89,714.446,713.71,714.37
1788182100000,714.45,715.17,714.433,715.17
1788183000000,714.96,716.97,714.08,714.461
1788183900000,714.449,716.05,714.09,715.261
1788184800000,715.2,715.41,713.55,714.11
1788185700000,714.16,714.94,713.17,713.67
1788186600000,713.51,715.01,713.38,714.86
1788187500000,714.86,715.265,713.88,714.62
1788188400000,714.71,715.25,714.16,714.62
1788189300000,714.68,715.237,714.2,714.645
1788190200000,714.65,714.75,713.875,714.11
1788191100000,714.49,715.01,713.907,713.91
1788192000000,713.938,714.485,713.4,714.403
1788192900000,714.44,714.86,713.85,714.79
1788193800000,714.85,714.97,714.135,714.58
1788194700000,714.565,715.26,714.48,715.23
1788195600000,715.045,715.225,714.653,714.785
1788196500000,714.84,715.06,714.14,714.22
1788197400000,714.09,715.168,714.009,715.15
1788198300000,715.26,715.6,715.044,715.25
1788199200000,715.08,715.66,714.865,715.465
1788200100000,715.39,715.74,715.156,715.2
1788201000000,715.16,715.275,713.81,714.223
1788201900000,714.11,714.71,714.04,714.37
1788202800000,714.53,714.904,714.364,714.83
1788203700000,714.85,715.495,714.665,715.4
1788204600000,715.295,716.18,714.985,716.07
1788205500000,716.06,717.58,715.62,716.71
1788206400000,717.005,717.28,716.851,716.89
1788207300000,716.96,717.013,716.829,716.83
1788208200000,716.94,717.11,716.9,717.01
1788209100000,716.99,717.1,716.858,717.1
1788210000000,717.081,717.081,716.881,717.04
1788210900000,717.04,717.04,716.94,716.94
1788211800000,716.96,717.05,716.921,716.96
1788212700000,716.97,717,716.955,717
1788213600000,717.05,717.062,716.705,716.73
1788214500000,716.761,716.817,716.631,716.69
1788215400000,716.69,716.791,716.69,716.751
1788216300000,716.758,716.785,716.46,716.524
1788217200000,716.522,716.57,716.442,716.532
1788218100000,716.533,716.584,716.338,716.583
1788219000000,716.584,716.968,716.545,716.888
1788219900000,716.76,717.045,716.614,716.76
1788220800000,716.81,717.24,716.28,716.5
1788221700000,716.46,717.16,716.26,716.75
1788222600000,716.79,717.06,716.38,716.74
1788223500000,716.84,716.88,716.59,716.8
1788224400000,716.93,717.06,716.59,717.05
1788225300000,717.02,717.09,716.21,716.37
1788226200000,716.31,717.07,716.15,716.9
1788227100000,716.99,716.99,716.54,716.8
1788228000000,716.71,716.72,716.14,716.27
1788228900000,716.29,716.34,715.59,715.75
1788229800000,715.82,716.03,715.2,715.26
1788230700000,715.25,716.5,715.22,716.5
1788231600000,716.47,716.54,715.98,716.03
1788232500000,716.02,716.12,715.78,715.9
1788233400000,715.86,716.27,715.82,716.2
1788234300000,716.19,716.45,716.16,716.4
1788235200000,716.33,716.67,716.26,716.47
1788236100000,716.45,716.73,716.43,716.58
1788237000000,716.54,716.78,716.05,716.05
1788237900000,716.08,716.55,715.93,716.02
1788238800000,715.99,716.13,715.79,715.9
1788239700000,715.9,716.4,715.48,716.38
1788240600000,716.39,717.55,716.28,717.5
1788241500000,717.52,718.28,717.27,718.16
1788242400000,718.26,718.35,717.45,717.81
1788243300000,717.72,717.8,717.11,717.12
1788244200000,717.13,717.81,717.09,717.68
1788245100000,717.64,717.7,717.16,717.16
1788246000000,717.14,718,717.04,717.99
1788246900000,718.07,718.07,717.48,717.76
1788247800000,717.8,717.8,715.85,715.87
1788248700000,715.83,716.18,715.07,715.22
1788249600000,715.25,716.414,712.708,713.32
1788250500000,712.18,713.211,711.449,711.52
1788251400000,711.51,712.116,710.699,710.92
1788252300000,710.81,711.351,710.35,710.35
1788253200000,710.24,710.455,709.65,710.1
1788254100000,709.68,709.841,709.225,709.3
1788255000000,709.43,709.802,709.125,709.46
1788255900000,710.13,710.13,709.784,710.13
1788256800000,709.55,710.122,709.55,710.06
1788257700000,709.81,710.609,709.799,710.59
1788258600000,710.71,710.863,710.192,710.35
1788259500000,710.14,710.46,709.484,709.85
1788260400000,709.73,709.765,709.104,709.39
1788261300000,709.69,709.838,709.41,709.65
1788262200000,709.89,710.374,709.668,710.37
1788263100000,710.11,710.152,708.742,708.84
1788264000000,708.7,708.908,708.405,708.66
1788264900000,708.76,708.778,708.01,708.69
1788265800000,708.29,708.731,707.697,707.78
1788266700000,708.13,708.316,707.68,707.8
1788267600000,707.65,707.689,706.816,707.02
1788268500000,706.84,707.552,706.7,707.52
1788269400000,707.38,708.02,705.64,706.625
1788270300000,706.665,708.44,706.55,707.23
1788271200000,707.3,708.5,706.805,707.89
1788272100000,708,708.96,707.866,708.63
1788273000000,708.59,710.275,708.584,710.275
1788273900000,710.199,711.05,709.7,710.129
1788274800000,710.138,710.46,709,709.09
1788275700000,709.09,710.187,709.01,710.187
1788276600000,710.26,711.64,710.09,711.64
1788277500000,711.6,712.28,711.591,711.81
1788278400000,711.89,711.89,710.362,710.39
1788279300000,710.18,710.353,708.68,708.985
1788280200000,708.72,709.072,707.89,708.01
1788281100000,707.96,709.43,707.91,709.3
1788282000000,709.24,709.298,708.04,708.455
1788282900000,708.38,708.58,707.03,708.16
1788283800000,708.081,708.51,707.99,708.29
1788284700000,708.31,708.31,707.49,707.99
1788285600000,708,708.23,707.06,707.1
1788286500000,707.06,707.45,706.68,706.81
1788287400000,706.895,706.95,705,705
1788288300000,704.99,706.54,704.68,706.443
1788289200000,706.45,707.52,706.35,707.48
1788290100000,707.52,707.74,707.13,707.65
1788291000000,707.65,707.661,706.86,707.44
1788291900000,707.43,708,706.71,707.66
1788292800000,707.653,708.365,707.429,707.876
1788293700000,707.85,708.41,707.85,708.14
1788294600000,707.94,708.214,707.825,708.06
1788295500000,708.01,708.152,707.744,707.86
1788296400000,707.98,708.154,707.745,707.99
1788297300000,707.925,707.925,707.692,707.76
1788298200000,707.71,707.765,707.631,707.71
1788299100000,707.72,707.825,707.71,707.71
1788300000000,707.8,708.049,707.229,707.43
1788300900000,707.255,707.578,707.135,707.37
1788301800000,707.37,707.491,707.321,707.381
1788302700000,707.5,707.903,707.381,707.83
1788303600000,707.746,707.818,707.686,707.75
1788304500000,707.5,707.873,707.5,707.5
1788305400000,707.94,707.994,707.825,707.99
1788306300000,707.87,708.063,707.823,707.86
1788307200000,710.98,710.98,707.29,707.92
1788308100000,707.86,708.75,707.68,707.75
1788309000000,707.73,708.23,707.49,708.01
1788309900000,708.14,708.15,707.17,707.17
1788310800000,707.16,707.66,706.8,707.14
1788311700000,707.02,707.77,706.99,707.5
1788312600000,707.32,707.64,706.39,706.43
1788313500000,706.48,706.54,705.86,706.45
1788314400000,706.51,706.51,705.78,706.29
1788315300000,706.25,707.06,706.25,706.75
1788316200000,706.72,706.72,706.18,706.65
1788317100000,706.66,706.84,706.49,706.59
1788318000000,706.6,706.8,706.14,706.68
1788318900000,706.69,706.69,706.36,706.37
1788319800000,706.34,706.34,706,706.02
1788320700000,706.13,706.13,705.79,705.79
1788321600000,705.85,705.94,705.57,705.79
1788322500000,705.76,706.12,705.76,705.89
1788323400000,705.88,706.09,705.81,705.97
1788324300000,706.08,706.12,705.96,706.1
1788325200000,706.02,706.28,705.6,706.28
1788326100000,706.28,706.92,706.21,706.92
1788327000000,706.91,707.1,706.39,707.04
1788327900000,707.05,707.07,706.21,706.43
1788328800000,706.48,706.57,705.69,705.84
1788329700000,705.9,705.94,705.22,705.22
1788330600000,705.25,707.01,705.07,706.44
1788331500000,706.39,706.55,705.94,706.55
1788332400000,706.46,707.53,706.35,707.19
1788333300000,707.21,707.44,706.64,706.95
1788334200000,706.96,707.02,706.35,706.51
1788335100000,706.2,706.47,705.99,706.26
1788336000000,706.14,707.561,705.98,706.51
1788336900000,705.84,706.799,705.662,705.84
1788337800000,705.953,706.284,705.492,705.53
1788338700000,705.22,705.558,703.652,703.96
1788339600000,704.36,705.286,704.028,704.79
1788340500000,703.95,704.521,703.66,703.66
1788341400000,704.18,704.18,703.302,703.52
1788342300000,703.436,704.04,703.436,704.003
1788343200000,704.005,704.12,703.463,704.104
1788344100000,704.109,704.487,703.993,704.362
1788345000000,704.33,704.407,703.774,703.8
1788345900000,703.79,704.33,703.703,704.04
1788346800000,704.38,705.082,702.986,704.9
1788347700000,705.11,705.508,704.57,705.49
1788348600000,705.264,706.072,705.191,705.388
1788349500000,705.36,706.674,705.265,706.32
1788350400000,706.64,707.66,706.552,707.66
1788351300000,707.58,708.103,707.015,707.25
1788352200000,707.27,707.336,706.32,706.32
1788353100000,706.413,706.413,705.522,705.66
1788354000000,705.66,706.345,705.66,706.345
1788354900000,706.9,707.44,706.6,707.1039
1788355800000,707.1,707.556,705.58,706.87
1788356700000,706.89,707.416,705.1,706.18
1788357600000,706.188,707.77,705.49,707.76
1788358500000,708.736,709.31,708.736,709.209
1788359400000,709.205,709.76,708.835,709.56
1788360300000,709.55,709.58,707.42,707.6
1788361200000,707.545,708.75,707.315,708.54
1788362100000,708.525,709.68,708.37,709.63
1788363000000,709.67,709.707,708.89,709.14
1788363900000,709.07,709.235,708.02,709.22
1788364800000,709.07,709.46,708.9,709.35
1788365700000,708.88,709.193,708.244,708.25
1788366600000,708.42,708.894,708.074,708.135
1788367500000,708.1,708.74,708,708.41
1788368400000,708.66,709.09,707.791,708.26
1788369300000,708.17,708.41,707.74,708.31
1788370200000,708.34,708.49,707.803,708.44
1788371100000,708.62,708.875,708.211,708.55
1788372000000,708.55,708.66,707.98,708.23
1788372900000,708.28,709.39,708.2,708.53
1788373800000,708.501,708.88,707.915,707.965
1788374700000,708.03,708.38,707.84,708.25
1788375600000,708.23,708.82,708.1,708.75
1788376500000,708.705,708.81,708.33,708.805
1788377400000,708.7,708.935,708.455,708.88
1788378300000,708.92,709.42,708.815,709.23
1788379200000,709.52,709.746,709.213,709.49
1788380100000,709.09,709.373,707.7,708.42
1788381000000,708.39,708.581,708.29,708.32
1788381900000,708.54,708.614,708.103,708.16
1788382800000,708.334,708.509,708.2,708.311
1788383700000,708.28,709.256,708.064,708.93
1788384600000,708.91,709.272,708.9,708.99
1788385500000,708.985,709.217,708.985,709.109
1788386400000,708.96,709.202,708.331,708.41
1788387300000,709.28,709.68,709.007,709.49
1788388200000,709.4,709.565,709.348,709.4
1788389100000,709.443,709.443,709.036,709.046
1788390000000,709.01,709.216,708.816,709.01
1788390900000,708.835,708.994,708.755,708.991
1788391800000,708.99,709.201,708.915,708.99
1788392700000,709.64,709.787,709.202,709.72
1788393600000,709.45,709.571,708.77,708.85
1788394500000,708.81,708.81,708.19,708.54
1788395400000,708.53,708.64,708.33,708.59
1788396300000,708.52,708.63,708.31,708.41
1788397200000,708.38,709.23,708.36,709.2
1788398100000,709.25,709.59,708.6,709.03
1788399000000,708.97,709.55,708.87,708.93
1788399900000,708.79,708.91,708.09,708.11
1788400800000,708.08,709.25,708.02,709.01
1788401700000,709.08,709.41,708.93,709.29
1788402600000,709.3,709.54,708.89,708.89
1788403500000,708.86,709.32,708.84,709.13
1788404400000,709.23,709.67,709.14,709.64
1788405300000,709.68,710.39,709.68,710.05
1788406200000,710.17,710.39,710.07,710.38
1788407100000,710.25,710.58,710.11,710.41
1788408000000,710.51,710.89,710.34,710.66
1788408900000,710.75,710.76,710.29,710.29
1788409800000,710.31,710.44,709.97,710.01
1788410700000,710.14,710.22,709.76,709.81
1788411600000,709.78,709.79,708.25,708.43
1788412500000,708.31,708.33,706.67,707.3
1788413400000,707.24,708.31,707.2,708.3
1788414300000,708.22,709.29,707.92,709.22
1788415200000,709.3,709.63,708.79,708.94
1788416100000,708.88,709.03,708.67,708.95
1788417000000,709.02,709.27,708.79,709.12
1788417900000,709.1,709.15,708.68,708.96
1788418800000,708.67,710.39,708.67,709.72
1788419700000,709.61,709.86,709.18,709.6
1788420600000,709.65,710.68,709.63,710.62
1788421500000,710.59,710.59,709.27,710.04
1788422400000,709.672,711.798,709.672,710.743
1788423300000,710.735,711.08,710.37,710.915
1788424200000,710.916,710.916,710.255,710.255
1788425100000,710.254,710.391,709.977,709.988
1788426000000,709.984,710.146,709.867,710.077
1788426900000,710.08,710.127,709.325,709.357
1788427800000,709.345,709.47,708.854,708.921
1788428700000,708.922,708.953,707.843,708.077
1788429600000,708.076,708.499,707.656,707.76
1788430500000,707.762,708,707.647,707.868
1788431400000,707.869,708.051,707.377,707.951
1788432300000,707.957,707.961,707.42,707.79
1788433200000,707.812,708.769,707.417,708.704
1788434100000,708.703,709.25,708.598,708.824
1788435000000,708.825,708.888,707.64,708.208
1788435900000,708.209,708.224,707.3,707.335
1788436800000,707.341,708.257,707.341,707.82
1788437700000,707.818,708.4,707.403,708.305
1788438600000,708.63,710.55,708.466,709.297
1788439500000,709.314,710.961,709.314,710.727
1788440400000,710.721,710.721,709.641,710.587
1788441300000,710.579,710.849,709.661,710.839
1788442200000,710.79,713.425,709.74,713.1
1788443100000,712.877,713.8,711.995,712.74
1788444000000,712.59,712.6,710.66,712.031
1788444900000,712.02,713.54,712,713.08
1788445800000,713.118,713.465,711.477,711.637
1788446700000,711.642,713.64,710.84,713.526
1788447600000,713.532,716.05,713.532,715.865
1788448500000,715.89,717.8,715.75,717.727
1788449400000,717.73,717.81,716.96,717.007
1788450300000,717.04,717.81,716.98,717.81
1788451200000,717.752,717.752,716.94,717.326
1788452100000,717.329,717.505,716.59,716.814
1788453000000,716.814,717.69,716.43,717.56
1788453900000,717.561,717.925,717.295,717.552
1788454800000,717.554,717.68,716.58,716.63
1788455700000,716.635,717.02,716.36,716.979
1788456600000,716.976,717.612,716.973,717.561
1788457500000,717.564,718.13,717.4,717.92
1788458400000,717.92,718.78,717.92,718.662
1788459300000,718.662,718.905,718.45,718.576
1788460200000,718.579,718.805,718.34,718.369
1788461100000,718.364,718.835,718.358,718.528
1788462000000,718.529,718.547,717.71,717.815
1788462900000,717.83,717.96,717.59,717.721
1788463800000,717.695,717.9,717.45,717.543
1788464700000,717.539,717.775,717.14,717.62
1788465600000,717.569,717.66,717.09,717.415
1788466500000,717.416,717.416,717.045,717.141
1788467400000,717.142,717.33,717.115,717.171
1788468300000,717.17,717.178,716.924,716.986
1788469200000,716.987,717.068,716.96,716.999
1788470100000,716.998,717.05,716.936,716.975
1788471000000,716.975,717.22,716.975,717.22
1788471900000,717.22,717.24,716.959,717.135
1788472800000,717.131,717.131,716.523,716.61
1788473700000,716.61,716.799,716.581,716.686
1788474600000,716.686,716.839,716.686,716.797
1788475500000,716.796,717.125,716.796,717.125
1788476400000,717.127,717.179,716.981,717.016
1788477300000,717.018,717.139,716.896,717.09
1788478200000,717.091,717.134,716.991,717.059
1788479100000,717.061,717.287,717.025,717.031
1788480000000,717.19,717.71,717.15,717.45
1788480900000,717.44,717.94,717.38,717.84
1788481800000,717.94,718,717.79,717.98
1788482700000,718,718.26,718,718
1788483600000,717.97,718.01,717.69,717.79
1788484500000,717.81,718.24,717.67,718.2
1788485400000,718.2,718.3,718.14,718.28
1788486300000,718.25,718.31,717.82,718.31
1788487200000,718.37,718.47,718.18,718.42
1788488100000,718.43,718.6,718.35,718.5
1788489000000,718.68,718.78,718.33,718.34
1788489900000,718.41,718.84,718.41,718.75
1788490800000,718.77,718.86,718.64,718.65
1788491700000,718.66,719.09,718.66,718.9
1788492600000,718.99,719.14,718.93,718.93
1788493500000,718.87,719,718.78,718.99
1788494400000,718.93,719.1,718.62,719.1
1788495300000,719.02,719.54,718.89,719.5
1788496200000,719.47,719.65,719.32,719.35
1788497100000,719.4,719.63,719.27,719.63
1788498000000,719.58,720.25,719.53,720.17
1788498900000,720.18,720.7,720.18,720.23
1788499800000,720.22,720.23,719.8,719.85
1788500700000,719.89,720.16,719.5,720.1
1788501600000,720.06,720.67,720.03,720.67
1788502500000,720.62,720.65,720.25,720.41
1788503400000,720.34,720.43,719.6,719.77
1788504300000,719.77,719.77,719.04,719.06
1788505200000,719.12,720.18,719.02,720.17
1788506100000,720.16,720.5,719.86,720.5
1788507000000,720.56,720.87,720.33,720.83
1788507900000,720.79,721.08,720.7,720.87
1788508800000,720.8,721.32,717.67,720.88
1788509700000,720.87,721.4022,720.77,721.38
1788510600000,721.38,721.39,720.7587,721.1
1788511500000,721.0287,721.2221,720.8,721.09
1788512400000,721.0392,721.0392,720.3012,720.3687
1788513300000,720.3624,720.67,720.08,720.24
1788514200000,720.2985,720.75,720.1587,720.75
1788515100000,720.7112,721.12,720.7112,721.0312
1788516000000,721.036,721.3,721,721.18
1788516900000,721.1203,721.65,721.07,721.59
1788517800000,721.47,721.65,721.36,721.615
1788518700000,721.5912,722.08,721.54,721.61
1788519600000,721.59,721.7008,717.67,721.1226
1788520500000,721.12,721.48,721.05,721.1464
1788521400000,721.17,721.4794,721.14,721.4
1788522300000,721.35,721.78,721.29,721.67
1788523200000,721.6487,721.7362,720.3012,720.72
1788524100000,720.64,721.73,720.4507,721
1788525000000,721.4683,721.74,718,718.65
1788525900000,718.6,718.6,717.25,718.3437
1788526800000,718.3782,718.6,717.76,718.36
1788527700000,718.3393,719.39,718.3393,719.33
1788528600000,719.36,720.71,718.525,720.04
1788529500000,720.02,721.86,719.12,721.838
1788530400000,721.82,721.84,719.54,720.85
1788531300000,720.86,720.89,718.85,719.59
1788532200000,719.6,719.64,718.0377,718.0716
1788533100000,718.07,718.3295,717.26,717.71
1788534000000,717.76,718.28,717.24,718.28
1788534900000,718.2595,718.32,716.93,717.44
1788535800000,717.43,717.87,716.79,717.76
1788536700000,717.7428,717.8099,717,717.6301
1788537600000,717.65,718.55,717.43,718.455
1788538500000,718.45,718.855,718.19,718.61
1788539400000,718.6095,719.08,718.49,718.925
1788540300000,718.95,719.605,718.87,719.16
1788541200000,719.16,719.22,718.065,718.14
1788542100000,718.14,718.33,717.42,717.505
1788543000000,717.5,717.5,716.7,716.805
1788543900000,716.82,717.266,716.56,717.12
1788544800000,717.11,717.2635,716.64,717.01
1788545700000,717.035,717.67,716.96,717.5629
1788546600000,717.6,717.875,717.43,717.825
1788547500000,717.82,718.32,717.8099,718.23
1788548400000,718.235,718.36,717.48,717.56
1788549300000,717.59,718.0699,717.575,717.95
1788550200000,717.94,718.46,717.79,718.31
1788551100000,718.3,719.44,718.2925,718.96
1788552000000,718.82,718.96,718.02,718.33
1788552900000,718.32,718.96,718.04,718.05
1788553800000,718.04,718.31,717.66,718.04
1788554700000,718.02,718.0877,717.8102,717.94
1788555600000,717.9088,718.1,717.8995,718.0589
1788556500000,718.0523,718.22,717.9,718.12
1788557400000,718.11,718.11,717.73,717.94
1788558300000,717.86,718.14,717.86,718
1788559200000,718.1342,718.14,717.8,718.07
1788560100000,718,718,717.5,717.93
1788561000000,717.9549,717.97,717.764,717.91
1788561900000,717.93,718.07,717.81,717.9075
1788562800000,718.0267,718.03,717.9,717.9861
1788563700000,717.9942,717.9999,717.66,717.66
1788564600000,717.66,718.74,717.07,718.57
1788565500000,717.6972,718.86,716.83,717.54
1788568200000,717.54,717.54,717.54,717.54
1788569100000,717.54,717.54,717.54,717.54
1788570000000,717.66,717.66,717.39,717.39
1788571800000,717.39,717.39,717.39,717.39
1788572700000,717.39,717.39,717.39,717.39
1788573600000,717.39,717.39,717.39,717.39
1788576300000,717.39,717.39,717.39,717.39
1788579900000,717.39,717.39,717.39,717.39
1788580800000,717.39,717.39,717.39,717.39
1788582600000,717.39,717.39,717.11,717.11
1788583500000,717.39,717.39,717.39,717.39
1788587100000,717.39,717.39,717.39,717.39
1788588000000,717.39,717.39,717.39,717.39
1788588900000,716.92,716.92,716.34,716.49
1788589800000,716.4,716.4,716.34,716.34
1788590700000,716.49,716.78,716.49,716.78
1788593400000,716.34,716.51,716.34,716.51
1788594300000,716.51,716.81,716.51,716.81
1788597000000,716.81,716.86,716.81,716.86
1788597900000,716.07,717.64,716.07,717.64
1788598800000,717.66,718.04,717.66,718.04
1788600600000,718.21,718.21,718.21,718.21
1788601500000,718.26,718.26,718.26,718.26
1788602400000,718.26,718.26,718.26,718.26
1788605100000,717.95,718.66,717.9,717.9
1788606900000,718.43,718.43,718.43,718.43
1788607800000,718.54,718.78,718.54,718.78
1788608700000,719.04,719.04,719.04,719.04
1788609600000,719.26,719.26,719.26,719.26
1788611400000,719.26,719.26,719.26,719.26
1788612300000,719.28,719.33,719.28,719.33
1788613200000,719.42,719.42,719.42,719.42
1788615000000,719.42,719.44,719.42,719.44
1788615900000,719.45,719.45,719.45,719.45
1788616800000,719.52,719.63,719.52,719.63
1788618600000,719.69,719.88,719.26,719.88
1788619500000,719.96,719.96,719.96,719.96
1788620400000,719.81,720.11,719.3,719.3
1788622200000,719.88,719.88,719.88,719.88
1788623100000,719.69,719.9,719.69,719.9
1788624000000,720.4,720.4,720.4,720.4
1788625800000,720.5,720.5,720.5,720.5
1788626700000,720.46,720.46,720.46,720.46
1788629400000,719.74,719.74,718.75,718.81
1788630300000,718.57,719.32,718.57,719.32
1788632100000,718.57,719.34,718.57,719.34
1788633000000,719.45,719.45,719.45,719.45
1788633900000,719.47,719.47,719.47,719.47
1788635700000,719.5,719.59,719.5,719.59
1788636600000,719.68,719.98,719.68,719.98
1788637500000,720.02,720.08,720.02,720.08
1788638400000,720.23,720.23,720.23,720.23
1788641100000,720.25,720.25,720.25,720.25
1788644700000,720.36,720.36,720.36,720.36
1788645600000,720.37,720.37,720.37,720.37
1788648300000,720.41,720.41,720.41,720.41
1788651900000,720.35,720.35,720.35,720.35
1788654600000,720.42,720.42,720.42,720.42
1788655500000,720.42,720.42,720.42,720.42
1788656400000,720.22,720.22,720.22,720.22
1788659100000,720.22,720.22,720.22,720.22
1788660000000,719.72,720.2,719.72,720.2
1788661800000,720.53,720.53,720.53,720.53
1788662700000,720.53,720.53,720.53,720.53
1788666300000,720.58,720.58,720.58,720.58
1788667200000,720.63,720.66,720.63,720.66
1788668100000,720.55,720.55,720.55,720.55
1788669000000,720.55,720.55,720.55,720.55
1788669900000,720.55,720.55,720.55,720.55
1788672600000,720.15,720.15,720.15,720.15
1788673500000,720.72,720.72,720.72,720.72
1788677100000,720.74,720.74,720.74,720.74
1788679800000,720.15,720.15,720.15,720.15
1788680700000,720.13,720.13,720.13,720.13
1788681600000,720.3,720.3,720.3,720.3
1788682500000,720.05,720.05,719.72,719.72
1788684300000,720.29,720.29,720.29,720.29
1788685200000,720.16,720.16,720.16,720.16
1788687000000,720.21,720.21,720.21,720.21
1788687900000,720.27,720.27,720.27,720.27
1788691500000,720.41,720.41,720.15,720.15
1788692400000,719.72,719.72,719.72,719.72
1788695100000,720.43,720.43,720.43,720.43
1788696000000,720.46,720.46,719.72,720.46
1788698700000,720.46,720.46,720.46,720.46
1788699600000,720.37,720.37,720.37,720.37
1788701400000,720.37,720.37,719.72,719.72
1788702300000,720.01,720.01,720.01,720.01
1788703200000,719.93,720.29,719.93,720.29
1788705000000,720.29,720.49,720.29,720.49
1788705900000,719.99,719.99,719.67,719.67
1788706800000,720.12,720.18,719.56,719.56
1788708600000,720.11,720.11,719.56,719.56
1788709500000,720.26,720.26,720.26,720.26
1788710400000,720.19,720.19,720.19,720.19
1788713100000,720.5,720.5,720.5,720.5
1788716700000,720.24,720.24,720.24,720.24
1788719400000,720.29,720.29,720.29,720.29
1788720300000,720.31,720.31,720.31,720.31
1788723900000,720.4,720.51,720.4,720.51
1788724800000,720.51,720.51,720.51,720.51
1788727500000,720.52,720.52,720.52,720.52
1788731100000,720.55,720.55,720.55,720.55
1788732000000,720.57,720.66,719.55,720.03
1788733800000,719.55,719.55,719.55,719.55
1788734700000,720.15,720.15,720.15,720.15
1788735600000,719.55,719.55,719.55,719.55
1788738300000,720.19,720.19,720.19,720.19
1788739200000,720.2,720.27,720.2,720.27
1788741000000,720.27,720.29,719.49,719.49
1788741900000,720.29,720.29,719.49,719.49
1788742800000,720.15,720.64,719.92,720.2
1788745500000,719.05,719.05,719.05,719.05
1788746400000,719.09,719.09,719.09,719.09
1788748200000,719.16,719.16,719.16,719.16
1788749100000,719.24,719.24,719.24,719.24
1788750000000,719.04,719.04,719.04,719.04
1788751800000,719.25,719.4,719.25,719.4
1788752700000,719.49,719.49,719.49,719.49
1788753600000,719.52,719.57,719.52,719.57
1788755400000,719.63,719.63,719.63,719.63
1788756300000,719.63,719.63,719.63,719.63
1788759900000,719.81,719.81,719.81,719.81
1788760800000,719.84,719.86,719.84,719.86
1788761700000,719.88,719.99,719.88,719.99
1788762600000,720.09,720.64,720.09,720.64
1788763500000,720.67,720.67,720.67,720.67
1788764400000,720.73,720.73,720.73,720.73
1788766200000,720.76,720.76,720.43,720.43
1788767100000,720.82,720.85,720.82,720.85
1788768000000,721.16,721.16,721.16,721.16
1788770700000,721.16,721.16,721.16,721.16
1788771600000,721.01,721.01,721.01,721.01
1788774300000,721.21,721.21,720.43,720.43
1788775200000,720.8,720.8,720.43,720.43
1788777000000,720.8,720.8,720.8,720.8
1788777900000,720.43,720.85,720.31,720.85
1788781500000,720.75,720.75,720.06,720.06
1788782400000,720.22,720.22,720.22,720.22
1788785100000,720.22,720.22,720.22,720.22
1788786000000,720.24,720.24,720.24,720.24
1788786900000,720.06,720.06,719.98,719.98
1788787800000,720.24,720.24,720.24,720.24
1788788700000,720.45,720.5,720.45,720.5
1788789600000,720.66,720.71,720.66,720.71
1788791400000,720.71,720.79,720.71,720.79
1788792300000,720.38,720.86,720.35,720.35
1788793200000,720.88,721.14,720.13,720.13
1788794100000,720.13,720.26,720.1,720.1
1788795000000,720.26,720.58,720.26,720.58
1788795900000,720.29,720.61,720.29,720.61
1788796800000,720.71,720.77,719.86,719.86
1788798600000,720.52,720.52,720.52,720.52
1788799500000,720.53,720.53,720.53,720.53
1788803100000,720.63,720.66,720.63,720.66
1788805800000,720.79,720.79,720,720
1788806700000,720.74,720.74,719.86,719.86
1788807600000,720.56,720.56,720.11,720.11
1788808500000,720.57,720.57,720.57,720.57
1788810300000,720.69,720.75,720.69,720.75
1788811200000,720.75,720.75,720.75,720.75
1788813900000,720.78,720.78,720.78,720.78
1788814800000,720.4,720.4,720.4,720.4
1788817500000,720.46,720.84,720.46,720.84
1788818400000,720.89,720.89,720.22,720.22
1788819300000,719.93,719.93,719.93,719.93
1788821100000,720.27,720.27,720.27,720.27
1788822000000,719.93,719.93,719.76,719.76
1788824700000,720.66,720.66,719.64,719.64
1788825600000,719.45,719.92,719.15,719.61
1788826500000,719.65,720.5,719.3,720.47
1788827400000,720.5,720.75,720.33,720.53
1788828300000,720.64,720.83,720.58,720.65
1788829200000,720.66,721.33,720.16,721.18
1788830100000,721.21,721.29,720.93,721.16
1788831000000,721.06,721.9,720.92,721.67
1788831900000,721.65,722.4,721.55,722.4
1788832800000,722.4,722.58,722,722.43
1788833700000,722.38,722.72,722.29,722.55
1788834600000,722.57,722.58,721.91,721.91
1788835500000,721.96,722.07,721.37,721.42
1788836400000,721.3,722.06,721.28,721.96
1788837300000,721.97,723.05,721.96,723.05
1788838200000,723.05,723.18,722.8,723
1788839100000,723,723.33,722.89,723.33
1788840000000,723.12,723.4,723,723.22
1788840900000,723.18,723.47,723.1,723.28
1788841800000,723.37,723.72,722.94,723.63
1788842700000,723.63,723.75,723.07,723.25
1788843600000,723.1,723.11,721.8,722
1788844500000,721.91,723.01,721.72,721.82
1788845400000,721.74,721.82,720.6,720.67
1788846300000,720.73,720.89,720.08,720.08
1788847200000,720.1,720.3,719.4,719.55
1788848100000,719.52,719.52,718.56,719.44
1788849000000,719.2,720.08,718.85,719.96
1788849900000,720.1,720.25,719.4,719.75
1788850800000,719.83,720.73,719.53,720
1788851700000,720,720.45,719.8,720.4
1788852600000,720.4,720.4,718.69,718.91
1788853500000,718.88,718.93,718.15,718.25
1788854400000,718.21,723.76,716.91,717.66
1788855300000,717.81,718.05,717.3,717.6185
1788856200000,717.1985,717.96,717.168,717.39
1788857100000,717.38,718.12,717.17,717.37
1788858000000,717.5285,718.49,717.05,718.47
1788858900000,718.4499,718.56,718.1299,718.52
1788859800000,718.47,719.5,718.47,718.9582
1788860700000,719.0212,719.79,719.0212,719.79
1788861600000,719.74,719.79,719.15,719.441
1788862500000,719.47,720.9412,719.4115,719.95
1788863400000,719.98,719.98,719.4285,719.605
1788864300000,719.6,719.6,718.56,719.05
1788865200000,718.99,719.33,718.26,718.3946
1788866100000,718.51,719.22,718.51,718.83
1788867000000,718.96,719.22,718.53,718.54
1788867900000,718.6,719.84,718.39,719.7993
1788868800000,719.7879,719.7879,718.6995,718.71
1788869700000,718.743,719.6842,718.6,719.66
1788870600000,719.71,720.46,719.63,720.1415
1788871500000,720.16,721.08,718.96,721.08
1788872400000,721.0934,721.28,720.67,721.2291
1788873300000,721.23,721.47,720.69,720.9
1788874200000,720.97,721.886,716.56,716.72
1788875100000,716.76,718.29,716.33,717.47
1788876000000,717.46,717.695,715.57,716.505
1788876900000,716.5,717.94,716.39,717.76
1788877800000,717.8161,718.305,717.15,718.15
1788878700000,718.15,718.9387,717.7,718.93
1788879600000,718.97,720.075,718.555,719.92
1788880500000,719.92,720.72,719.4,720.085
1788881400000,720.1249,720.93,719.76,720.85
1788882300000,720.89,720.91,719.865,719.97
1788883200000,719.99,720.4,719.335,719.6
1788884100000,719.59,719.96,718.98,719.075
1788885000000,719.1,719.47,718.95,719.27
1788885900000,719.28,720.07,718.67,719.23
1788886800000,719.24,720.85,719.22,720.56
1788887700000,720.5701,720.67,720.04,720.26
1788888600000,720.28,720.67,719.84,719.88
1788889500000,719.89,720.19,719.66,719.66
1788890400000,719.67,720.2,719.57,720.02
1788891300000,720.03,720.24,719.62,719.81
1788892200000,719.83,719.95,719.37,719.93
1788893100000,719.93,720.12,717.91,719.29
1788894000000,719.315,719.5463,718.91,719.24
1788894900000,719.22,719.31,718.51,718.965
1788895800000,718.965,719.01,718.45,718.57
1788896700000,718.58,718.67,717.25,718.36
1788897600000,718.4,718.5886,717.53,718
1788898500000,718,718.36,717.59,717.6
1788899400000,717.57,717.97,717.5,717.9447
1788900300000,717.9,718.0731,717.8819,717.9927
1788901200000,718.06,718.3,717.995,718.0346
1788902100000,718.04,718.2,717.98,717.9987
1788903000000,717.9986,718.18,717.9301,718.1
1788903900000,718.14,718.15,717.93,718.088
1788904800000,718,718.295,717.46,717.9082
1788905700000,717.841,718.04,717.6197,717.93
1788906600000,717.9499,718.14,717.8,718.082
1788907500000,718.0746,718.52,718.0746,718.52
1788908400000,718.4791,718.52,718.15,718.175
1788909300000,718.189,718.189,717.7393,717.8307
1788910200000,717.7693,717.86,717.52,717.6023
1788911100000,717.6089,717.72,717.21,717.42
1788912000000,717.59,718.92,717.59,718.44
1788912900000,718.36,718.36,717.9,718.11
1788913800000,718.11,718.41,717.74,718.38
1788914700000,718.45,718.97,718.28,718.9
1788915600000,718.91,719.37,718.9,719.29
1788916500000,719.29,719.82,719.16,719.63
1788917400000,719.57,720.04,719.41,719.72
1788918300000,719.8,720.05,719.45,719.7
1788919200000,719.71,720.14,719.67,719.7
1788920100000,719.73,719.95,719.5,719.88
1788921000000,719.88,720.4,719.83,720.38
1788921900000,720.38,720.47,720.1,720.2
1788922800000,720.2,720.2,719.5,719.58
1788923700000,719.63,719.92,719.63,719.78
1788924600000,719.89,719.93,719.58,719.58
1788925500000,719.62,719.63,718.93,718.93
1788926400000,718.95,719.51,718.66,718.86
1788927300000,718.95,719.65,718.79,719.41
1788928200000,719.3,720.02,719.3,719.93
1788929100000,719.89,720.33,719.89,720.3
1788930000000,720.2,720.2,719.84,720.02
1788930900000,719.95,719.95,719.08,719.36
1788931800000,719.55,719.57,719,719.36
1788932700000,719.41,720.36,719.3,720.36
1788933600000,720.4,720.61,720.05,720.58
1788934500000,720.55,720.67,719.56,719.56
1788935400000,719.75,720.18,719.63,720.12
1788936300000,720.1,720.1,719.37,719.37
1788937200000,719.45,720.13,719,719.36
1788938100000,719.2,720.12,718.89,720.11
1788939000000,720.19,720.19,719.65,719.65
1788939900000,719.72,719.72,719.08,719.57
1788940800000,719.58,720.67,718.36,719.47
1788941700000,719.47,719.7,719.08,719.6685
1788942600000,719.51,719.68,718.5,718.5
1788943500000,718.5,719.1215,718.43,719.01
1788944400000,719.0582,719.27,718.28,718.7607
1788945300000,718.7206,718.7206,717.9,718.16
1788946200000,718.15,718.3715,716.8,716.9
1788947100000,716.8438,717.1,714.8,715.0886
1788948000000,715.1185,715.6,714.4215,715.12
1788948900000,714.96,715.84,714.66,715.5
1788949800000,715.4285,715.8,715,715
1788950700000,715,715.14,714.365,714.88
1788951600000,714.83,718.36,714.5899,715.2487
1788952500000,715.23,715.8,714.59,715.5
1788953400000,715.43,715.5,714.51,714.51
1788954300000,714.5596,716.26,714.51,715
1788955200000,715.02,718.898,713.52,713.5389
1788956100000,713.63,714.2399,713.45,713.9299
1788957000000,713.91,714.6724,713.71,714.6475
1788957900000,714.5997,718.36,714.5997,714.8831
1788958800000,714.7495,715.24,714.695,715.1485
1788959700000,715.12,716.37,715.03,716.37
1788960600000,716.29,717.54,715.49,716.96
1788961500000,716.99,719.06,716.41,718.88
1788962400000,718.87,719.7,718.2062,718.945
1788963300000,718.88,718.92,716.49,718.29
1788964200000,718.28,718.5196,717.33,718.4
1788965100000,718.35,718.46,717.57,718.17
1788966000000,718.1851,718.93,714.7329,715.015
1788966900000,715.01,716.36,714.02,714.8
1788967800000,714.9,716.98,714.75,715.97
1788968700000,715.95,716.63,715.65,716.19
1788969600000,716.1911,716.51,715.3,715.37
1788970500000,715.38,715.4199,714.71,714.96
1788971400000,715.01,716.33,714.98,716.33
1788972300000,716.36,716.87,716.02,716.41
1788973200000,716.4,716.96,716.16,716.89
1788974100000,716.89,717.05,716.24,716.24
1788975000000,716.26,716.52,715.7275,716.37
1788975900000,716.4,717.04,716.37,716.7
1788976800000,716.69,716.77,716.0439,716.0439
1788977700000,716.01,716.5202,715.93,716.3
1788978600000,716.3122,716.69,716.14,716.63
1788979500000,716.6232,716.8,716.14,716.15
1788980400000,716.16,716.34,715.76,716.225
1788981300000,716.225,716.745,716.211,716.2761
1788982200000,716.29,716.39,715.91,716.13
1788983100000,716.13,716.37,715.53,716.31
1788984000000,716.36,716.39,715.75,716.25
1788984900000,716.27,716.35,716.18,716.21
1788985800000,716.23,716.42,716.176,716.3
1788986700000,716.34,716.36,716.1907,716.36
1788987600000,716.357,716.45,715.94,716.0495
1788988500000,716.0482,716.2099,715.98,716.12
1788989400000,716.12,716.12,715.95,716.12
1788990300000,715.9907,716.12,715.75,716.02
1788991200000,716,716.711,715.5985,715.6281
1788992100000,715.68,715.77,715.5733,715.6914
1788993000000,715.7114,715.85,715.6987,715.7881
1788993900000,715.79,715.86,715.6392,715.7614
1788994800000,715.74,715.7423,715.45,715.4997
1788995700000,715.5,715.77,715.4242,715.6587
1788996600000,715.69,715.74,715.6,715.74
1788997500000,715.71,716.66,715.71,716.49
1788998400000,719.77,719.77,715.87,716.13
1788999300000,716.31,716.85,716.31,716.8
1789000200000,716.8,716.8,716.1,716.43
1789001100000,716.31,716.37,715.33,715.38
1789002000000,715.38,715.64,714.8,715.07
1789002900000,715,715.36,714.43,714.47
1789003800000,714.5,715,714.22,715
1789004700000,714.93,715.44,714.73,715.32
1789005600000,715.29,715.3,714.51,714.93
1789006500000,714.89,714.95,714.44,714.53
1789007400000,714.53,715.55,714.53,715.4
1789008300000,715.44,715.62,715.25,715.48
1789009200000,715.62,715.95,715.58,715.6
1789010100000,715.54,715.62,714.84,715.1
1789011000000,715.21,715.4,714.94,715.37
1789011900000,715.4,715.8,715.4,715.8
1789012800000,715.76,715.9,715.63,715.76
1789013700000,715.75,715.93,715.69,715.93
1789014600000,715.93,716.2,715.87,715.88
1789015500000,715.91,716.6,715.91,716.5
1789016400000,716.49,716.72,716.25,716.34
1789017300000,716.43,717.26,716.4,717.23
1789018200000,717.28,717.44,717.03,717.19
1789019100000,717.39,717.6,716.67,717.05
1789020000000,717.01,717.25,716.37,716.43
1789020900000,716.4,716.74,715.98,716.74
1789021800000,716.99,717.2,716.79,716.99
1789022700000,717.06,717.24,716.7,716.92
1789023600000,716.83,716.91,716.35,716.58
1789024500000,716.82,716.82,715.85,715.85
1789025400000,715.92,716,715.6,715.9
1789026300000,716.02,716.43,716,716.16
1789027200000,716.1782,717.5,715.53,715.89
1789028100000,715.88,716.301,715.7,716.2915
1789029000000,716.3179,716.44,715.439,715.47
1789029900000,715.6085,715.75,715.28,715.4065
1789030800000,715.4285,715.775,715.3,715.4712
1789031700000,715.478,715.56,714.97,714.9997
1789032600000,714.94,714.96,714.16,714.9
1789033500000,714.9,715.55,714.86,715.25
1789034400000,715.2582,715.5,714.88,715
1789035300000,714.999,715.3,714.8,714.9
1789036200000,714.91,715.1285,714.25,714.92
1789037100000,714.81,715.59,714.3,714.54
1789038000000,714.5184,716.31,713.36,713.7625
1789038900000,713.7222,713.8283,713.44,713.5822
1789039800000,713.59,714.19,713.5458,713.7724
1789040700000,713.7811,714.51,711.83,711.84
1789041600000,711.9285,712.09,711.0766,711.75
1789042500000,711.6739,711.7514,710.5,711.21
1789043400000,710.84,711.46,707.41,707.94
1789044300000,707.97,707.98,706.5,706.76
1789045200000,706.83,707.7635,706.82,707.11
1789046100000,707.0832,707.5595,706.53,707.48
1789047000000,707.565,710.27,706.855,708.77
1789047900000,708.82,710.36,707.58,707.83
1789048800000,707.76,709.715,707.76,708.79
1789049700000,708.77,711.78,708.11,710.41
1789050600000,710.385,712.06,710.385,711.14
1789051500000,711.1,711.805,710.5,711.8
1789052400000,711.77,711.83,710.61,711.36
1789053300000,711.33,711.6,710.21,711.13
1789054200000,711.13,711.98,710.68,711.51
1789055100000,711.54,711.63,709.92,710.395
1789056000000,710.38,711,709.44,709.77
1789056900000,709.81,710.27,709.3325,709.64
1789057800000,709.635,710.57,708.63,710.425
1789058700000,710.4231,711.25,710.365,711.03
1789059600000,711.0079,711.81,710.55,710.82
1789060500000,710.84,711,710.24,710.49
1789061400000,710.468,710.5899,709.67,710.29
1789062300000,710.3,710.35,709.8,709.8995
1789063200000,709.88,710.23,708.97,709.235
1789064100000,709.245,709.705,708.98,709.2099
1789065000000,709.17,709.62,708.9213,709.55
1789065900000,709.54,710.18,709.0101,709.575
1789066800000,709.57,709.6062,708.79,709.1386
1789067700000,709.135,709.325,708.67,709.18
1789068600000,709.16,709.43,708.83,709.135
1789069500000,709.135,709.39,708.28,708.69
1789070400000,708.62,709.1091,708.33,709.0392
1789071300000,709.01,709.06,708.69,708.85
1789072200000,708.85,709.04,708.83,708.9992
1789073100000,708.9999,709.06,708.4848,708.74
1789074000000,708.85,709.3599,708.636,709.3599
1789074900000,709.36,709.36,708.9,708.9481
1789075800000,709.07,709.2,708.4,708.45
1789076700000,708.62,708.92,708.4129,708.848
1789077600000,708.8,709.05,708.62,708.7694
1789078500000,708.82,709.1,708.2,708.21
1789079400000,708.28,708.29,707.89,707.9
1789080300000,707.8981,708.15,707.7992,707.95
1789081200000,707.9175,708.1,707.79,707.9988
1789082100000,707.9985,708,707.745,707.835
1789083000000,707.8401,708.03,707.75,707.8987
1789083900000,707.8987,707.8987,706.8497,706.8984
1789084800000,707.35,708.57,707.21,708.17
1789085700000,708.28,709.01,707.93,708.84
1789086600000,708.91,709.51,708.43,708.55
1789087500000,708.79,709.43,708.65,709.43
1789088400000,709.43,709.66,709.1,709.1
1789089300000,709.1,709.12,708.59,708.59
1789090200000,708.59,708.85,708.2,708.4
1789091100000,708.4,708.65,708.09,708.65
1789092000000,708.69,708.82,708.5,708.7
1789092900000,708.72,708.72,707.98,708.11
1789093800000,708.12,708.12,707.54,707.55
1789094700000,707.7,708.18,707.58,707.79
1789095600000,707.71,707.88,707.06,707.37
1789096500000,707.37,707.54,707.09,707.3
1789097400000,707.17,707.69,706.75,707.57
1789098300000,707.57,707.57,706.79,706.93
1789099200000,706.98,707.72,706.58,707.68
1789100100000,707.78,708.55,707.42,708.48
1789101000000,708.53,708.9,708.38,708.9
1789101900000,708.89,709.11,708.5,708.5
1789102800000,708.55,709.45,708.46,709.45
1789103700000,709.49,709.49,708.71,708.74
1789104600000,708.98,710.25,708.92,710.21
1789105500000,710.12,711.4,709.86,711.2
1789106400000,711.14,711.51,710.78,711.36
1789107300000,711.51,711.6,710.93,710.93
1789108200000,710.95,711.21,710.79,711
1789109100000,711.2,711.82,711.14,711.8
1789110000000,711.66,712,711.59,711.75
1789110900000,711.73,711.9,711.3,711.3
1789111800000,711.28,711.39,711.12,711.33
1789112700000,711.13,711.41,711.02,711.41
1789113600000,711.5755,712.015,706.56,711.43
1789114500000,711.45,713.11,711.3354,712.0782
1789115400000,712.28,713.12,712.25,712.5403
1789116300000,712.5,713.38,712.5,713.38
1789117200000,713.4,713.6,712.69,712.69
1789118100000,712.6,713.0012,712.5315,712.8759
1789119000000,712.8851,713.1493,712.8566,712.9812
1789119900000,712.96,713.402,712.96,713.3487
1789120800000,713.1817,713.75,712.5,713.392
1789121700000,713.4,713.5,713.0212,713.1329
1789122600000,713.16,713.41,713.16,713.166
1789123500000,713.1449,713.22,712.94,713.039
1789124400000,713.02,713.1284,708.69,712.65
1789125300000,712.69,713.38,712.58,713.1188
1789126200000,713.1388,713.5718,712.7193,713.5293
1789127100000,713.56,713.72,713.275,713.3491
1789128000000,713.4182,713.66,709.221,713.35
1789128900000,713.3339,715.0656,713.3261,714.63
1789129800000,714.96,715.08,710.49,714.12
1789130700000,714.059,717.0661,713.8884,716.88
1789131600000,716.9187,717.69,716.08,716.28
1789132500000,716.27,716.43,715.44,715.68
1789133400000,715.44,716.18,713.93,716
1789134300000,715.985,717.04,714.76,716.865
1789135200000,716.93,716.93,714.41,715.07
1789136100000,715.11,716.83,714.57,716.46
1789137000000,716.5,716.55,714.11,714.56
1789137900000,714.56,715.22,713.65,714.49
1789138800000,714.4493,715.98,714.27,715.08
1789139700000,715.08,717.45,715.08,717.275
1789140600000,717.27,717.62,716.74,717.11
1789141500000,717.1,717.1,716.22,716.46
1789142400000,716.46,717.26,716.32,716.3899
1789143300000,716.35,716.46,715.18,715.25
1789144200000,715.2763,716.22,715.05,716
1789145100000,715.99,716.13,715.555,716.085
1789146000000,716.11,716.79,716.09,716.1101
1789146900000,716.14,717.13,716.14,716.765
1789147800000,716.72,717.09,716.6401,716.76
1789148700000,716.74,716.89,716.44,716.51
1789149600000,716.53,716.71,716.1799,716.2401
1789150500000,716.27,716.37,715.72,716.285
1789151400000,716.28,716.67,716.04,716.18
1789152300000,716.19,716.34,715.88,715.9401
1789153200000,715.98,716.05,715.3923,715.6
1789154100000,715.655,715.88,715.54,715.605
1789155000000,715.59,715.89,715.55,715.79
1789155900000,715.79,715.905,714.74,714.88
1789156800000,714.93,715.03,714.6412,714.7793
1789157700000,714.8,716.66,714.67,714.8447
1789158600000,714.87,715.12,714.8386,714.95
1789159500000,714.95,715.1,714.8164,715.0052
1789160400000,715.06,715.0929,714.95,715.04
1789161300000,715.0372,715.1923,714.91,714.9984
1789162200000,714.9943,715.14,714.8,714.9914
1789163100000,714.9914,715.04,714.86,714.9169
1789164000000,714.92,715.28,714.92,715.2208
1789164900000,715.3002,715.51,715.3,715.4462
1789165800000,715.34,715.48,715.3,715.33
1789166700000,715.31,715.3292,715.2,715.26
1789167600000,715.256,715.29,715.0947,715.26
1789168500000,715.2463,715.4,715.0801,715.0885
1789169400000,715.1,715.2,715.06,715.07
1789170300000,715.049,715.18,714.8817,714.8865
1789173000000,715.43,715.43,715.43,715.43
1789173900000,715.43,715.43,715.43,715.43
1789174800000,715.44,715.45,715.44,715.45
1789177500000,715.45,715.45,715.45,715.45
1789178400000,715.45,715.45,715.45,715.45
1789180200000,715.49,715.57,715.49,715.57
1789181100000,715.65,715.65,715.65,715.65
1789183800000,715.73,715.73,715.73,715.73
1789184700000,715.59,715.76,715.59,715.76
1789185600000,715.77,715.83,715.77,715.83
1789186500000,715.92,715.92,714.9,714.9
1789187400000,715.78,715.78,715.78,715.78
1789188300000,715.78,715.78,715.78,715.78
1789190100000,715.6,715.6,714.9,714.9
1789191900000,715.66,715.66,715.66,715.66
1789195500000,715.7,715.7,715.7,715.7
1789196400000,715.8,715.8,715.8,715.8
1789199100000,715.71,715.71,715.71,715.71
1789202700000,715.67,715.67,715.67,715.67
1789203600000,715.92,715.92,715.92,715.92
1789206300000,715.92,715.92,715.92,715.92
1789207200000,714.9,714.9,714.9,714.9
1789209900000,715.09,715.09,715.09,715.09
1789213500000,715.09,715.09,714.77,714.77
1789214400000,715.09,715.09,715.09,715.09
1789217100000,715.09,715.09,715.09,715.09
1789220700000,715.09,715.09,715.09,715.09
1789221600000,715.09,715.09,715.09,715.09
1789222500000,715.09,715.09,715.09,715.09
1789223400000,715.09,715.09,715.09,715.09
1789224300000,715.09,715.09,714.61,714.61
1789225200000,715.09,715.09,715.09,715.09
1789226100000,714.59,714.59,714.59,714.59
1789227000000,715.09,715.09,715.09,715.09
1789227900000,715.09,715.09,715.09,715.09
1789228800000,715.09,715.09,715.09,715.09
1789231500000,715.09,715.09,715.09,715.09
1789235100000,715.09,715.09,715.09,715.09
1789237800000,715.09,715.09,715.09,715.09
1789238700000,715.09,715.09,715.09,715.09
1789240500000,715.09,715.09,715.09,715.09
1789241400000,715.09,715.09,714.51,714.51
1789242300000,714.42,715.09,714.34,715.09
1789243200000,715.09,715.09,715.09,715.09
1789244100000,714.28,714.28,714.21,714.21
1789245000000,714.13,714.4,713.88,713.88
1789245900000,715.09,715.09,715.09,715.09
1789249500000,715.09,715.09,715.09,715.09
1789250400000,715.09,715.09,715.09,715.09
1789253100000,715.09,715.09,715.09,715.09
1789254000000,715.09,715.09,714.07,714.07
1789256700000,715.09,715.09,715.09,715.09
1789257600000,715.09,715.09,715.09,715.09
1789259400000,715.09,715.09,715.09,715.09
1789260300000,715.09,715.09,715.09,715.09
1789261200000,715.09,715.09,715.09,715.09
1789263900000,715.09,715.09,715.09,715.09
1789264800000,715.09,715.09,715.09,715.09
1789265700000,715.09,715.09,714.99,714.99
1789267500000,713.91,714.35,713.71,714.29
1789271100000,714.29,714.29,713.25,713.25
1789272000000,713.67,713.67,713.67,713.67
1789273800000,713.67,713.67,713.67,713.67
1789274700000,713.13,713.67,713.13,713.67
1789276500000,713.67,713.81,712.72,712.72
1789278300000,712.99,712.99,712.99,712.99
1789279200000,712.99,712.99,712.63,712.63
1789280100000,712.57,712.63,712.35,712.35
1789281900000,712.99,712.99,712.16,712.16
1789282800000,712.53,712.53,711.8,712.05
1789285500000,712.44,712.44,711.85,711.85
1789286400000,711.79,711.79,711.75,711.75
1789287300000,711.65,711.65,711.01,711.01
1789288200000,710.91,710.91,710.63,710.63
1789289100000,710.57,710.81,709.95,709.95
1789290000000,710.27,710.27,710.27,710.27
1789292700000,710.27,710.27,709.03,709.03
1789293600000,709.02,709.31,708.9,709.31
1789295400000,708.82,709.21,708.72,708.72
1789296300000,708.86,708.99,708.61,708.99
1789297200000,708.99,708.99,708.32,708.61
1789298100000,708.82,708.82,708,708
1789299000000,708.76,708.76,708.76,708.76
1789299900000,708.99,709.16,707.61,708.35
1789300800000,709.08,709.15,707.26,707.83
1789301700000,708.61,708.65,708.15,708.42
1789302600000,708.65,708.83,707,707
1789303500000,708.39,708.39,707.34,708.04
1789304400000,708.04,708.28,706.77,707.67
1789305300000,707.92,708.33,706.08,706.18
1789307100000,707.68,708.9,706.77,708.9
1789308000000,708.9,708.9,708.9,708.9
1789308900000,708.9,708.9,708.9,708.9
1789309800000,708.9,708.9,708.9,708.9
1789310700000,708.9,708.9,707.76,708.8
1789311600000,708.8,708.9,708.07,708.81
1789312500000,708.81,708.81,708.81,708.81
1789313400000,708.81,708.81,708.81,708.81
1789314300000,708.81,708.9,707.42,708.51
1789315200000,708.51,708.51,708.51,708.51
1789316100000,708.51,709.4,708.51,709.4
1789317900000,709.17,709.64,708.19,708.93
1789318800000,708.93,708.93,708.93,708.93
1789320600000,708.93,708.93,708.18,708.18
1789321500000,708.82,708.82,708.82,708.82
1789322400000,708.82,708.86,708.82,708.86
1789324200000,709.29,709.29,708.65,708.81
1789325100000,708.63,708.93,708.53,708.53
1789326900000,708.49,708.93,708.27,708.27
1789328700000,708.73,708.73,708.73,708.73
1789329600000,708.73,708.73,708.73,708.73
1789332300000,708.73,708.73,708.73,708.73
1789335900000,708.73,708.86,708.73,708.86
1789336800000,708.57,708.57,706.93,706.93
1789337700000,707.18,707.18,707.18,707.18
1789339500000,707.18,707.28,707.18,707.28
1789340400000,707.28,707.28,707.28,707.28
1789341300000,707.28,707.32,707.28,707.32
1789343100000,707.32,707.5,707.32,707.5
1789344000000,706.49,707.49,706.3,707
1789344900000,707,707.17,705.75,705.98
1789345800000,706.01,706.5,705.88,706.49
1789346700000,706.5,706.7,705.97,705.98
1789347600000,705.96,706.5,705.64,705.98
1789348500000,705.89,706.13,705.6,706.01
1789349400000,706.1,706.5,705.69,706.29
1789350300000,706.27,707.35,706.27,707.3
1789351200000,707.29,707.53,706.96,707.4
1789352100000,707.29,707.46,707.05,707.2
1789353000000,707.15,707.41,706.64,706.84
1789353900000,706.75,707.34,706.74,706.88
1789354800000,706.9,707.05,706.34,706.36
1789355700000,706.52,706.52,705.87,706.25
1789356600000,706.31,706.31,705.89,706.01
1789357500000,706.04,706.12,705.88,706.05
1789358400000,706.06,706.43,705.89,705.91
1789359300000,705.89,706.16,705.71,706.06
1789360200000,706.07,706.2,705.68,705.83
1789361100000,705.83,706.42,705.82,706
1789362000000,706.02,706.24,705.87,706.05
1789362900000,706.04,706.04,705.65,705.85
1789363800000,705.88,706.05,705.31,705.5
1789364700000,705.58,705.86,705.37,705.86
1789365600000,705.94,706.44,705.86,706.23
1789366500000,706.25,706.4,705.99,706.4
1789367400000,706.36,706.36,705.6,705.75
1789368300000,705.87,706,704.98,705.06
1789369200000,705.06,705.12,704.15,704.9
1789370100000,704.89,705.23,704.39,704.39
1789371000000,704.4,704.62,703.78,703.93
1789371900000,703.97,704.04,703.33,703.57
1789372800000,703.63,706.4677,703.27,703.952
1789373700000,703.959,703.96,702.61,702.61
1789374600000,702.6005,703.6,702.54,703.09
1789375500000,703.0985,703.24,702,702.64
1789376400000,702.668,702.95,701.65,701.89
1789377300000,701.9,702.06,701.155,702.05
1789378200000,702.2,702.3946,701.8063,701.96
1789379100000,702.02,702.2412,701.7417,702.1065
1789380000000,702.2,702.74,702.08,702.57
1789380900000,702.61,703.4396,702.2626,703.4396
1789381800000,703.4195,704.15,703.3,704.04
1789382700000,703.9997,704.16,703.61,703.91
1789383600000,703.86,704.3485,703.5822,704.12
1789384500000,704.13,705.06,704.12,704.955
1789385400000,704.94,704.96,704,704.34
1789386300000,704.38,704.688,703.77,703.9007
1789387200000,703.898,703.898,702.95,703.5049
1789388100000,703.5092,704.284,703.37,703.66
1789389000000,703.58,703.93,702.05,703.192
1789389900000,703.24,703.32,702.185,702.74
1789390800000,702.76,702.76,701.5,702.6785
1789391700000,702.6992,703.7495,702.67,703.4
1789392600000,703.29,704.53,702.75,704.485
1789393500000,704.49,706.74,704.48,705.785
1789394400000,705.7401,707.7699,705.7,707.42
1789395300000,707.43,707.62,705.11,705.78
1789396200000,705.7924,706.1,704.5901,705.44
1789397100000,705.45,706.11,704.93,705.91
1789398000000,705.905,707.55,705.27,706.16
1789398900000,706.16,707.76,706.05,707.55
1789399800000,707.53,710.6466,707.38,710.435
1789400700000,710.46,710.5,709.56,709.8376
1789401600000,709.79,709.8849,708.84,709.49
1789402500000,709.48,711.12,709.48,710.3
1789403400000,710.19,710.9,710.05,710.9
1789404300000,710.94,712.3,710.5901,711.86
1789405200000,711.8301,712.2862,711.39,711.755
1789406100000,711.755,712.35,711.36,712.348
1789407000000,712.35,712.5,712.09,712.381
1789407900000,712.4,712.95,712.39,712.413
1789408800000,712.455,712.865,712.1022,712.435
1789409700000,712.47,712.62,711.812,711.91
1789410600000,711.95,712.42,711.85,712.13
1789411500000,712.15,712.25,711.7425,711.84
1789412400000,711.83,711.86,711.12,711.23
1789413300000,711.24,711.24,710.855,711.035
1789414200000,711.0499,711.18,710.665,710.78
1789415100000,710.73,711.01,709.09,709.18
1789416000000,709.2,709.618,709.18,709.56
1789416900000,709.55,710.05,709.23,709.96
1789417800000,709.9657,710.1,709.8277,709.99
1789418700000,710.02,710.39,710.0101,710.3
1789419600000,710.3,710.3545,709.97,709.97
1789420500000,709.98,710.29,709.7118,709.79
1789421400000,709.7105,709.81,709.6288,709.7259
1789422300000,709.7285,709.97,709.7216,709.96
1789423200000,710.16,710.22,709.562,709.6
1789424100000,709.6002,709.7367,709.39,709.5878
1789425000000,709.5374,709.73,709.44,709.5499
1789425900000,709.4912,709.8858,709.4912,709.62
1789426800000,709.49,709.7613,709.3424,709.6437
1789427700000,709.6041,709.64,709.4,709.5175
1789428600000,709.49,709.65,709.49,709.6082
1789429500000,709.5982,709.65,709.26,709.6282
1789430400000,709.67,709.78,708.91,709.65
1789431300000,709.6,709.79,709.1,709.63
1789432200000,709.63,710.38,709.56,710.24
1789433100000,710.3,710.38,709.86,709.86
1789434000000,709.88,710.42,709.69,710.32
1789434900000,710.35,710.5,710,710
1789435800000,709.98,709.98,709,709.18
1789436700000,709.18,709.9,709,709.66
1789437600000,709.71,710,709.58,709.73
1789438500000,709.61,709.68,709.5,709.54
1789439400000,709.68,709.8,709.5,709.66
1789440300000,709.63,709.88,709.57,709.72
1789441200000,709.79,709.79,709.33,709.5
1789442100000,709.4,709.46,709.25,709.4
1789443000000,709.25,709.48,709.23,709.34
1789443900000,709.41,709.41,708.6,708.6
1789444800000,708.58,709.03,708.49,708.57
1789445700000,708.57,708.57,707.71,707.71
1789446600000,708,708,707.4,707.86
1789447500000,707.9,708.17,707.12,707.16
1789448400000,707.1,707.29,706.31,706.42
1789449300000,706.43,706.83,706.06,706.78
1789450200000,706.78,707.61,706.6,707.61
1789451100000,707.72,708.25,707.55,707.65
1789452000000,707.8,708.03,707.48,707.48
1789452900000,707.77,708,707.57,707.57
1789453800000,707.48,707.5,706.91,707
1789454700000,706.97,707.22,706.84,707.11
1789455600000,706.99,707.6,706.45,706.47
1789456500000,706.53,707.76,706.53,706.89
1789457400000,707.11,707.25,706.12,706.2
1789458300000,706.12,706.57,705.75,706.06
1789459200000,706.26,709.18,704.15,705.19
1789460100000,705.23,705.9959,705.16,705.5
1789461000000,705.34,705.58,705.025,705.14
1789461900000,705,705.38,704.9324,705.15
1789462800000,705.1477,705.39,704.6,704.825
1789463700000,704.56,705.1,704.3,705.0212
1789464600000,705.08,705.76,704.8,705.6715
1789465500000,705.72,706.9,705.709,706.71
1789466400000,706.7853,707.35,706.58,706.8844
1789467300000,706.8,707.28,706.65,707.2601
1789468200000,707.26,707.7,707.1254,707.5185
1789469100000,707.4315,708.15,707.3584,708.13
1789470000000,708.07,709.18,708.0517,708.6
1789470900000,708.643,708.88,708.27,708.3504
1789471800000,708.31,708.48,708,708.4154
1789472700000,708.3624,708.72,708.3,708.65
1789473600000,708.6477,709.17,708.3417,709.05
1789474500000,709.1,709.2,708.2,708.78
1789475400000,708.76,708.98,708.3,708.72
1789476300000,708.7187,710.27,708.6592,709.1
1789477200000,709.0575,709.318,708.86,708.96
1789478100000,708.9704,709.1896,708.5,708.7381
1789479000000,708.76,709.23,707.56,709.145
1789479900000,709.13,709.5299,708.43,708.95
1789480800000,708.95,709.01,706.82,706.925
1789481700000,706.93,707.43,705.95,706.555
1789482600000,706.55,706.73,705.3,705.585
1789483500000,705.595,705.92,703.906,704.48
1789484400000,704.475,705.66,704.475,705.275
1789485300000,705.27,705.81,705.1,705.6595
1789486200000,705.66,705.8048,704.9625,705.6
1789487100000,705.58,706.02,704.98,705.32
1789488000000,705.35,705.61,704.4901,704.53
1789488900000,704.535,705.92,704.46,705.51
1789489800000,705.505,705.75,705.1104,705.39
1789490700000,705.39,706,705.1205,705.44
1789491600000,705.44,705.52,704.6307,704.825
1789492500000,704.84,705.12,704.55,704.8
1789493400000,704.81,705.13,704.53,704.85
1789494300000,704.825,705.1985,704.6,705
1789495200000,705,705.57,704.82,705.38
1789496100000,705.41,705.46,704.985,705.395
1789497000000,705.3982,705.3987,704.65,704.68
1789497900000,704.685,704.755,704.1906,704.7304
1789498800000,704.73,704.88,704.4,704.4561
1789499700000,704.445,704.53,704.23,704.36
1789500600000,704.35,704.4278,703.8,704.085
1789501500000,704.08,704.645,703.635,704.54
1789502400000,704.61,705.5648,704.54,705.5
1789503300000,705.46,705.4944,704.54,705.1446
1789504200000,705.1392,705.4042,705.07,705.3
1789505100000,705.28,708.68,705.2677,705.3635
1789506000000,705.187,705.41,705.15,705.16
1789506900000,705.16,705.2299,704.97,704.97
1789507800000,704.9994,704.9994,704.7142,704.8
1789508700000,704.7715,704.8,704.6,704.7728
1789509600000,704.8,705.13,704.76,704.845
1789510500000,704.8468,705.1263,704.8468,704.9651
1789511400000,704.9951,705.44,704.9832,705.3143
1789512300000,705.3464,705.54,705.2801,705.35
1789513200000,705.3281,705.4099,705.2637,705.316
1789514100000,705.3167,705.32,705.01,705.0143
1789515000000,705.07,705.44,705,705.302
1789515900000,705.398,705.44,705.15,705.21
1789516800000,705.4,705.65,704.89,705.41
1789517700000,705.3,705.48,705.11,705.35
1789518600000,705.35,705.5,705.1,705.28
1789519500000,705.32,705.54,705.2,705.3
1789520400000,705.32,705.45,704.54,705.45
1789521300000,705.45,705.63,705.21,705.44
1789522200000,705.42,705.42,704.61,704.89
1789523100000,704.89,705.06,704.17,704.24
1789524000000,704.24,704.93,704.22,704.35
1789524900000,704.38,705.35,704.38,705.35
1789525800000,705.35,705.5,704.9,705.01
1789526700000,705.01,705.5,705.01,705.5
1789527600000,705.51,706.4,705.51,706.39
1789528500000,706.41,707.22,706.39,706.45
1789529400000,706.37,706.47,705.93,706.4
1789530300000,706.5,706.8,706.49,706.67
1789531200000,706.67,706.88,706.64,706.73
1789532100000,706.7,706.86,706.45,706.45
1789533000000,706.44,706.44,705.91,706.06
1789533900000,706.06,706.37,705.99,705.99
1789534800000,706.02,706.31,705.57,706.15
1789535700000,706.22,706.48,706.2,706.33
1789536600000,706.45,706.98,706.32,706.91
1789537500000,706.94,707,706.44,706.76
1789538400000,706.88,707.61,706.63,707.37
1789539300000,707.3,707.45,706.63,706.63
1789540200000,706.79,707,706.66,706.98
1789541100000,706.96,707.48,706.75,707.46
1789542000000,707.58,708.15,707.49,708
1789542900000,707.94,708.11,707.55,707.97
1789543800000,708.05,708.22,707.51,707.51
1789544700000,707.57,707.7,707.36,707.52
1789545600000,706.2,708.21,704.54,706.99
1789546500000,707.12,707.73,706.7487,706.85
1789547400000,707.09,707.45,706.56,706.996
1789548300000,707.0422,707.67,706.9315,707.66
1789549200000,707.7085,707.88,707.3,707.3
1789550100000,707.3,707.6117,706.85,707.3082
1789551000000,707.2738,708.11,707.2149,707.9
1789551900000,707.93,708.13,707.6,707.9
1789552800000,707.84,708,707.35,707.6682
1789553700000,707.6115,707.78,707.4712,707.7685
1789554600000,707.7017,707.9687,707.6715,707.9387
1789555500000,707.83,708.3,707.6,708.25
1789556400000,708.29,708.75,704.54,707.67
1789557300000,707.67,707.9987,707.4633,707.82
1789558200000,707.82,708.67,707.7713,708.539
1789559100000,708.5588,708.66,708.3811,708.66
1789560000000,708.64,709.21,705.068,708.85
1789560900000,708.83,709.12,708.8,709
1789561800000,709,709.0633,707.52,707.56
1789562700000,707.56,708.43,704.54,708.41
1789563600000,708.28,708.58,707.45,708.3679
1789564500000,708.36,708.66,707.9317,708.04
1789565400000,708.06,708.81,707.65,708.39
1789566300000,708.4,710.25,708.35,710.21
1789567200000,710.22,710.27,708.75,709.52
1789568100000,709.49,710.1399,709.37,709.5801
1789569000000,709.565,709.89,708.95,709.89
1789569900000,709.8896,710.73,709.52,710.6579
1789570800000,710.72,711.55,710.35,711.28
1789571700000,711.311,711.311,710.62,710.87
1789572600000,710.9,710.96,710.3,710.6
1789573500000,710.59,711.85,710.4404,710.6301
1789574400000,710.67,710.73,710.01,710.3099
1789575300000,710.33,710.5995,709.93,710.35
1789576200000,710.34,710.41,709.87,710
1789577100000,710.01,710.52,709.91,709.965
1789578000000,709.98,709.98,709.28,709.75
1789578900000,709.755,709.86,709.38,709.685
1789579800000,709.7,709.83,708.772,708.879
1789580700000,708.89,710.21,708.88,710.19
1789581600000,710.21,711.65,708.6,709.89
1789582500000,709.885,710.29,708.45,709.6651
1789583400000,709.5878,710.62,705.895,709.31
1789584300000,709.29,710.07,704.02,704.28
1789585200000,704.31,706.02,701.35,701.9099
1789586100000,701.855,702.67,700,701.89
1789587000000,701.875,703.68,701.655,702.8601
1789587900000,702.88,705.03,702.86,704.72
1789588800000,704.75,705.3832,704.55,705.0486
1789589700000,704.99,705.1441,704.25,704.48
1789590600000,704.565,705.15,704.4254,704.92
1789591500000,704.92,705.24,704.8,705.03
1789592400000,705.0585,705.649,704.9035,705.0485
1789593300000,705.0456,705.18,704.99,705
1789594200000,705,705.75,704.93,705.7268
1789595100000,705.61,705.74,705.35,705.44
1789596000000,705.41,705.55,704.71,705.53
1789596900000,705.54,706.53,705.43,706.4
1789597800000,706.41,707.46,706.35,707.19
1789598700000,707.21,707.3,706.86,707
1789599600000,707.035,707.59,707.03,707.42
1789600500000,707.52,708.6075,707.52,708.16
1789601400000,708.239,709.28,708.2082,709.0313
1789602300000,709.0899,709.54,709.014,709.46
1789603200000,709.49,709.79,708.65,708.65
1789604100000,708.6,709.4,708.56,709.21
1789605000000,709.16,710.1,709.15,709.75
1789605900000,709.67,709.9,709.08,709.63
1789606800000,709.46,710.06,709.17,709.47
1789607700000,709.55,709.57,709.28,709.44
1789608600000,709.49,709.98,709.04,709.37
1789609500000,709.39,709.42,708.5,708.79
1789610400000,708.79,709.22,708.5,708.62
1789611300000,708.6,708.95,708.55,708.68
1789612200000,708.83,709.6,708.83,709.48
1789613100000,709.46,709.47,708.8,708.8
1789614000000,708.9,709.34,708.8,709.32
1789614900000,709.32,709.46,709.03,709.37
1789615800000,709.4,709.8,709.28,709.79
1789616700000,709.79,709.91,709.33,709.79
1789617600000,709.73,709.95,709.63,709.63
1789618500000,709.75,709.75,709.28,709.54
1789619400000,709.51,709.89,709.29,709.88
1789620300000,709.79,710,709.39,709.51
1789621200000,709.58,709.58,709.15,709.15
1789622100000,709.05,709.23,708.85,709.05
1789623000000,709.04,709.04,708.11,708.11
1789623900000,708.18,708.38,707.66,707.7
1789624800000,707.67,708.6,707.6,708.15
1789625700000,707.94,709.35,707.8,709.35
1789626600000,709.37,709.95,709.34,709.83
1789627500000,709.78,710.01,709.68,709.96
1789628400000,709.96,711.25,709.76,710.88
1789629300000,710.9,711.91,710.9,711.91
1789630200000,711.92,712.26,711.63,711.87
1789631100000,711.8,711.82,710.98,711.15
1789632000000,708.4,712.24,707.5617,710.6013
1789632900000,710.62,711.11,710.36,711.11
1789633800000,711.0987,711.59,710.8997,711.42
1789634700000,711.39,712.2,711.39,712.03
1789635600000,712.1182,712.92,712.1,712.45
1789636500000,712.4487,712.47,712,712.0095
1789637400000,712.07,712.44,712,712.3688
1789638300000,712.315,712.59,711.7912,712.14
1789639200000,712.15,712.63,712.08,712.448
1789640100000,712.4385,712.86,712.21,712.62
1789641000000,712.67,712.9,712.2,712.356
1789641900000,712.26,712.81,712.22,712.76
1789642800000,712.7106,713.35,712.5,712.8696
1789643700000,712.8668,712.91,712.2815,712.6
1789644600000,712.5667,712.61,712.1845,712.1845
1789645500000,712.15,713.64,712.07,713.64
1789646400000,713.598,715.0397,713,714.7
1789647300000,714.71,716.13,714.6542,716.11
1789648200000,716.1,716.75,715.8567,716.02
1789649100000,716,716.26,715.72,716.1
1789650000000,715.99,716.72,715.9254,716.29
1789650900000,716.2679,716.5,715.75,715.93
1789651800000,716.05,716.37,713.32,714.21
1789652700000,714.23,715.495,713.8,715.37
1789653600000,715.34,716.02,714.16,715.85
1789654500000,715.85,716.61,715.4605,715.96
1789655400000,715.98,716.8,715.9,716.04
1789656300000,716.05,716.12,714.92,715.175
1789657200000,715.23,715.48,714.58,715.29
1789658100000,715.26,716.03,715.03,715.86
1789659000000,715.86,716.65,715.69,716.53
1789659900000,716.52,716.74,716.27,716.67
1789660800000,716.71,716.76,716.075,716.63
1789661700000,716.645,716.9386,716.4,716.815
1789662600000,716.81,716.8839,716.105,716.7901
1789663500000,716.7951,716.86,715.8,716.6974
1789664400000,716.68,717.16,716.43,716.45
1789665300000,716.4858,716.72,716.2201,716.32
1789666200000,716.34,716.61,716.112,716.59
1789667100000,716.57,716.76,716.35,716.68
1789668000000,716.7,716.825,716.275,716.415
1789668900000,716.41,716.6496,716.195,716.33
1789669800000,716.36,716.5,715.86,716.1099
1789670700000,716.13,716.37,716.08,716.24
1789671600000,716.3,716.95,716.225,716.7
1789672500000,716.705,716.86,716.44,716.53
1789673400000,716.525,717.34,716.505,717.29
1789674300000,717.29,718.0401,716.6,716.92
1789675200000,716.83,716.92,716.3607,716.4
1789676100000,716.39,716.92,716.17,716.1741
1789677000000,716.17,716.35,716.15,716.1708
1789677900000,716.2031,716.44,716.13,716.35
1789678800000,716.4296,716.5,716.2057,716.461
1789679700000,716.49,716.55,716.4507,716.5
1789680600000,716.51,716.6,716.5,716.6
1789681500000,716.5935,716.67,716.563,716.65
1789682400000,716.58,716.58,715.8,715.97
1789683300000,715.97,715.9859,715.44,715.45
1789684200000,715.4795,715.5107,715.26,715.38
1789685100000,715.3985,715.59,715.2715,715.59
1789686000000,715.6,716.14,715.6,715.7
1789686900000,715.71,715.88,715.5388,715.6346
1789687800000,715.6338,715.9496,715.6,715.79
1789688700000,715.8,715.8699,715.6487,715.7966
1789689600000,716.14,716.29,715.46,715.95
1789690500000,715.95,716.01,715.7,715.72
1789691400000,715.72,715.95,715.15,715.55
1789692300000,715.49,715.59,715.1,715.2
1789693200000,715.32,715.55,715.05,715.26
1789694100000,715.05,715.07,714.8,715
1789695000000,715.02,715.44,714.9,715.2
1789695900000,715.25,715.57,715.25,715.51
1789696800000,715.55,715.61,715.22,715.42
1789697700000,715.43,715.76,715.39,715.62
1789698600000,715.7,715.93,715.66,715.91
1789699500000,715.87,716.1,715.79,715.87
1789700400000,715.84,716.9,715.84,716.81
1789701300000,716.81,716.94,716.59,716.85
1789702200000,716.8,717.2,716.74,717.15
1789703100000,717.22,717.56,717.22,717.29
1789704000000,717.37,717.66,717.37,717.65
1789704900000,717.68,717.72,717.4,717.71
1789705800000,717.77,718.4,717.68,718.35
1789706700000,718.35,718.72,718.13,718.64
1789707600000,718.65,718.77,718.54,718.66
1789708500000,718.75,719.06,718.64,718.87
1789709400000,718.99,719.7,718.9,719.7
1789710300000,719.72,719.86,719.38,719.6
1789711200000,719.65,720.45,719.65,720.42
1789712100000,720.42,720.73,720.2,720.49
1789713000000,720.6,721.28,720.49,720.96
1789713900000,721,721.33,720.93,721.26
1789714800000,721.3,721.75,721.09,721.4
1789715700000,721.32,722.34,721.31,722.28
1789716600000,722.31,722.42,721.74,721.8
1789717500000,721.84,722.02,721.42,721.55
1789718400000,721.52,722.39,716.92,721.1212
1789719300000,721.1387,721.56,720.76,720.79
1789720200000,720.74,721.1515,720.7,721.13
1789721100000,721.21,721.28,720.67,720.6996
1789722000000,720.6987,720.71,720.3995,720.46
1789722900000,720.4685,720.8,720.1829,720.24
1789723800000,720.199,720.2,719.4,719.4
1789724700000,719.41,719.78,719.39,719.4097
1789725600000,719.445,719.71,719.4249,719.71
1789726500000,719.83,720.3,719.8235,720.3
1789727400000,720.36,720.9,720.3425,720.65
1789728300000,720.6476,720.65,720.2037,720.3692
1789729200000,720.285,720.792,716.92,719.79
1789730100000,719.7167,719.7766,719.0659,719.18
1789731000000,719.1686,719.85,719.15,719.1784
1789731900000,719.15,719.52,719.01,719.31
1789732800000,719.4482,719.66,718.101,718.15
1789733700000,718.16,718.36,717.665,717.8403
1789734600000,717.87,718.3454,717.79,718.22
1789735500000,718.1884,718.3,716.92,717.841
1789736400000,717.8785,718.169,717.57,718.09
1789737300000,718.12,718.98,717.1,718.72
1789738200000,718.84,719.54,718.45,718.87
1789739100000,718.87,719.35,717.64,717.9299
1789740000000,717.91,718.08,716.4,716.4801
1789740900000,716.49,717.16,715.895,716.7
1789741800000,716.705,717.2535,716.13,716.38
1789742700000,716.38,717.65,716.2201,717.43
1789743600000,717.43,717.73,716.645,716.74
1789744500000,716.75,717.36,716.555,717.25
1789745400000,717.24,717.38,716.34,716.61
1789746300000,716.63,716.8,716.15,716.29
1789747200000,716.275,716.63,716.0501,716.295
1789748100000,716.275,716.605,715.08,716.065
1789749000000,716.07,716.58,715.87,716.485
1789749900000,716.46,716.87,716.12,716.74
1789750800000,716.745,717.08,716.55,717.03
1789751700000,717.04,717.29,717,717.07
1789752600000,717.06,717.56,716.851,717.55
1789753500000,717.55,717.67,717.435,717.59
1789754400000,717.59,717.7,717.211,717.3498
1789755300000,717.34,718.16,717.33,717.95
1789756200000,717.9799,718.211,717.805,718.2041
1789757100000,718.2,719.6,718.195,719.13
1789758000000,719.19,719.64,719.1199,719.24
1789758900000,719.235,719.47,719.075,719.12
1789759800000,719.12,719.6,718.93,719.59
1789760700000,719.58,721.725,719.555,721.45
1789761600000,721.32,723.0007,721.2315,722.53
1789762500000,722.46,722.62,721.45,722.4
1789763400000,722.449,722.66,722.18,722.5712
1789764300000,722.5712,722.879,721.45,722.0477
1789765200000,721.96,722.0617,721.78,722.0617
1789766100000,722.07,722.55,722.07,722.5015
1789767000000,722.48,722.74,722.4052,722.5501
1789767900000,722.61,722.65,722.4342,722.5
1789768800000,722.6365,722.8378,722.44,722.51
1789769700000,722.5045,722.7412,722.4001,722.53
1789770600000,722.46,722.583,722.02,722.1
1789771500000,722.13,722.3015,717.2,722.1877
1789772400000,722.18,722.3932,722.12,722.29
1789773300000,722.2801,722.3918,722.22,722.3901
1789774200000,722.39,722.4975,721.89,721.99
1789775100000,721.99,722.2204,721.9122,722.0999
1789777800000,722.55,722.55,722.55,722.55
1789779600000,722.55,722.58,722.1,722.1
1789780500000,722.4,722.4,722.4,722.4
1789781400000,722.39,722.4,721.73,721.73
1789783200000,721.87,721.87,721.87,721.87
1789784100000,721.86,721.96,721.86,721.96
1789787700000,721.87,721.87,721.86,721.86
1789788600000,721.89,721.9,721.75,721.75
1789790400000,721.77,721.77,721.76,721.76
1789791300000,721.71,721.71,721.71,721.71
1789792200000,721.89,721.89,721.67,721.67
1789793100000,721.52,721.52,721.52,721.52
1789794000000,721.48,721.48,721.48,721.48
1789794900000,721.53,721.53,721.53,721.53
1789797600000,721.58,721.58,721.33,721.33
1789801200000,721.25,721.84,721.25,721.84
1789802100000,721.57,721.57,721.57,721.57
1789803000000,721.24,721.24,721.24,721.24
1789804800000,721.28,721.28,721.28,721.28
1789808400000,721.19,721.19,721.19,721.19
1789809300000,721.18,721.18,721.18,721.18
1789811100000,721.84,721.84,721.17,721.17
1789815600000,721.08,721.08,721.08,721.08
1789816500000,721.09,721.09,721.08,721.08
1789823700000,721.32,721.32,721.32,721.32
1789826400000,721.19,721.19,721.19,721.19
1789828200000,721.12,721.84,721.12,721.15
1789830000000,721.09,721.2,721.09,721.2
1789830900000,721.57,721.57,721.57,721.57
1789831800000,721.57,721.57,721.57,721.57
1789833600000,721.62,721.97,721.01,721.01
1789838100000,721.59,721.59,721.59,721.59
1789842600000,721.92,721.92,721.92,721.92
1789843500000,721.92,721.92,721.92,721.92
1789845300000,721.92,721.92,721.92,721.92
1789848000000,721.92,721.92,721.92,721.92
1789848900000,721.59,721.59,721.59,721.59
1789852500000,721.92,721.92,721.92,721.92
1789859700000,721.92,721.92,721.92,721.92
1789862400000,721.92,721.92,721.92,721.92
1789864200000,721.92,721.92,721.92,721.92
1789866000000,721.92,721.92,721.92,721.92
1789866900000,721.92,721.92,721.92,721.92
1789869600000,721.92,721.92,721.92,721.92
1789871400000,721.03,721.03,721.03,721.03
1789872300000,720.98,720.98,720.98,720.98
1789873200000,720.75,721.14,720.47,721.14
1789874100000,721.09,721.09,721.09,721.09
1789875000000,721.09,721.09,721.09,721.09
1789876800000,721.09,721.09,721.09,721.09
1789878600000,721.09,721.09,721.09,721.09
1789881300000,721.09,721.09,721.09,721.09
1789884000000,721.09,721.09,721.09,721.09
1789885800000,721.44,721.44,721.08,721.08
1789887600000,720.98,721.44,720.97,720.97
1789888500000,720.92,720.92,720.92,720.92
1789889400000,720.92,720.92,720.92,720.92
1789892100000,720.92,721.44,720.91,720.91
1789893000000,720.87,720.87,720.59,720.59
1789894800000,720.59,721.35,720.54,720.54
1789895700000,720.53,720.53,720.5,720.5
1789897500000,720.48,720.48,720.48,720.48
1789899300000,720.48,720.48,720.48,720.48
1789900200000,720.48,720.48,720.48,720.48
1789902900000,720.48,720.48,720.48,720.48
1789903800000,721.35,721.35,721.35,721.35
1789905600000,720.48,720.48,720.48,720.48
1789907400000,720.47,720.47,720.47,720.47
1789908300000,720.47,721.24,720.47,721.24
1789910100000,720.47,720.47,720.47,720.47
1789911000000,720.47,721.24,720.47,720.47
1789912800000,720.47,720.47,720.47,720.47
1789914600000,720.47,721.24,720.46,720.46
1789915500000,721.42,721.42,720.61,720.61
1789916400000,720.84,720.84,720.8,720.8
1789917300000,720.98,720.98,720.98,720.98
1789918200000,720.96,720.96,720.96,720.96
1789920000000,720.99,721.42,720.99,721.42
1789923600000,721.42,721.42,721.42,721.42
1789924500000,721.42,721.42,721.42,721.42
1789929000000,721.42,721.42,721.42,721.42
1789931700000,721.42,721.42,721.42,721.42
1789933500000,721.42,721.42,721.42,721.42
1789934400000,721.42,721.42,721.42,721.42
1789938900000,721.42,721.42,721.42,721.42
1789941600000,721.42,721.61,721.42,721.61
1789943400000,722.31,722.37,722.31,722.37
1789944300000,722.43,722.72,722.43,722.72
1789945200000,722.74,722.74,722.74,722.74
1789946100000,722.79,722.8,722.79,722.8
1789948800000,723,724.06,723,723.5
1789949700000,723.51,724.41,722.99,724.16
1789950600000,724.25,724.71,724.25,724.35
1789951500000,724.35,724.89,724.28,724.88
1789952400000,724.94,725.53,724.73,725.12
1789953300000,725.25,725.6,725.12,725.21
1789954200000,725.2,725.45,725.18,725.32
1789955100000,725.23,725.25,724.26,724.27
1789956000000,724.26,724.57,724.11,724.47
1789956900000,724.4,724.7,724.36,724.7
1789957800000,724.7,724.7,724.25,724.59
1789958700000,724.54,725.02,724.43,724.5
1789959600000,724.55,724.97,724.55,724.8
1789960500000,724.86,725.07,724.81,724.84
1789961400000,724.87,724.87,724.6,724.86
1789962300000,724.87,725.12,724.68,724.68
1789963200000,724.68,724.85,724.3,724.55
1789964100000,724.56,724.96,724.54,724.85
1789965000000,724.84,724.84,724.53,724.7
1789965900000,724.7,724.92,724.69,724.77
1789966800000,724.7,724.73,724.49,724.59
1789967700000,724.54,724.68,724.43,724.52
1789968600000,724.52,725.2,724.47,724.97
1789969500000,724.95,725,724.58,724.76
1789970400000,724.76,725.45,724.76,725.26
1789971300000,725.28,725.5,725.05,725.08
1789972200000,725.18,725.52,725.16,725.4
1789973100000,725.5,726,725.42,725.96
1789974000000,725.95,726.43,725.76,726.29
1789974900000,726.27,726.27,725.63,726.14
1789975800000,726.22,726.29,725.9,726.08
1789976700000,726.02,727.08,725.95,726.89
1789977600000,725.48,727.71,724.2625,727.53
1789978500000,727.48,727.675,727.2,727.37
1789979400000,727.37,728.25,727.34,728.1469
1789980300000,728.13,728.2788,727.9885,728.23
1789981200000,728.2385,728.5685,728.1,728.32
1789982100000,728.3417,728.87,728.1737,728.51
1789983000000,728.5,728.81,728.38,728.79
1789983900000,728.75,728.9,728.2,728.29
1789984800000,728.28,728.5187,728.2,728.46
1789985700000,728.55,728.65,728.3404,728.55
1789986600000,728.4482,728.92,728.3187,728.6
1789987500000,728.58,728.7512,728.32,728.32
1789988400000,728.355,728.5957,721.45,728.14
1789989300000,728.12,728.3482,727.8007,728.0202
1789990200000,728.0085,728.3,727.87,728.29
1789991100000,728.32,728.82,728.1864,728.5282
1789992000000,728.5,729.14,728.2215,728.6238
1789992900000,728.6056,728.7566,725.75,728
1789993800000,727.98,728.7,727.92,728.6814
1789994700000,728.7184,728.7434,727.9349,727.9792
1789995600000,727.9104,728.23,727.84,727.9351
1789996500000,727.96,728.11,727.33,727.84
1789997400000,727.95,730.785,727.82,730.78
1789998300000,730.77,732.67,730.77,732.5701
1789999200000,732.56,733.19,732.09,732.9901
1790000100000,733.05,735,733.05,734.97
1790001000000,734.975,735.8611,734.56,734.935
1790001900000,734.93,735.87,734.62,735.72
1790002800000,735.73,736.43,735.69,736.32
1790003700000,736.33,736.6,736.2,736.57
1790004600000,736.585,737.2699,736.43,737.23
1790005500000,737.29,737.86,736.94,737.1401
1790006400000,737.146,738.36,736.9401,738.16
1790007300000,738.23,739,738.04,738.775
1790008200000,738.766,739.39,738.48,738.6
1790009100000,738.62,738.8895,738.5,738.835
1790010000000,738.85,739.15,738.72,739.0301
1790010900000,739.035,739.1,738.43,738.97
1790011800000,738.98,739.67,738.5995,739.61
1790012700000,739.63,739.8599,739.46,739.5607
1790013600000,739.59,740.13,739.565,740
1790014500000,740,740.69,739.9887,740.555
1790015400000,740.56,740.8899,740.16,740.8287
1790016300000,740.87,741.58,740.75,741.34
1790017200000,741.36,741.71,741,741.71
1790018100000,741.68,741.98,741.55,741.75
1790019000000,741.75,743.22,741.7,742.555
1790019900000,742.54,742.63,741.25,741.47
1790020800000,741.39,741.6,740.89,741.19
1790021700000,741.22,741.32,740.82,741.12
1790022600000,741.1792,741.1944,740.72,740.8347
1790023500000,740.8,741.3,740.79,741.2652
1790024400000,741.2478,741.25,741.07,741.1339
1790025300000,741.23,741.35,741.08,741.29
