ts_ms,open,high,low,close
1780272000000,758.42,758.42,756.79,757.88
1780272900000,757.89,758.21,757.72,758.15
1780273800000,758.15,758.32,757.99,758.15
1780274700000,758.19,758.37,758.14,758.18
1780275600000,758.18,758.27,757.8,758.08
1780276500000,758.07,758.33,757.98,758.16
1780277400000,758.09,758.35,758.08,758.32
1780278300000,758.32,758.5,758.26,758.41
1780279200000,758.43,758.75,758.43,758.74
1780280100000,758.72,758.84,758.66,758.66
1780281000000,758.73,758.75,758.53,758.55
1780281900000,758.57,758.63,758.47,758.63
1780282800000,758.61,758.76,758.54,758.54
1780283700000,758.56,758.81,758.18,758.81
1780284600000,758.83,758.95,758.3,758.34
1780285500000,758.33,758.5,758.19,758.28
1780286400000,758.32,758.61,758.32,758.48
1780287300000,758.47,758.61,758.37,758.48
1780288200000,758.52,758.77,758.45,758.76
1780289100000,758.78,758.8,758.68,758.76
1780290000000,758.75,758.8,758.57,758.73
1780290900000,758.73,758.78,758.46,758.46
1780291800000,758.49,758.79,758.49,758.78
1780292700000,758.78,758.9,758.73,758.82
1780293600000,758.87,758.94,758.7,758.74
1780294500000,758.7,758.8,758.49,758.49
1780295400000,758.49,758.75,758.49,758.71
1780296300000,758.68,758.91,758.6,758.77
1780297200000,758.77,759.08,758.7,758.84
1780298100000,758.88,758.88,758.3,758.33
1780299000000,758.37,758.43,757.83,757.97
1780299900000,757.96,758.24,757.84,758.22
1780300800000,756.114,758.269,756.114,758.037
1780301700000,758.038,758.07,757.824,757.866
1780302600000,757.85,757.989,757.694,757.95
1780303500000,758.17,758.443,757.77,758.17
1780304400000,758.5,758.68,758.262,758.39
1780305300000,758.43,758.438,758.201,758.205
1780306200000,758.24,758.352,758.22,758.24
1780307100000,758.23,758.301,757.991,758.1
1780308000000,758.42,758.496,758.059,758.42
1780308900000,758.58,758.58,758.313,758.58
1780309800000,758.73,758.819,758.515,758.7
1780310700000,758.72,758.74,758.56,758.69
1780311600000,758.68,758.72,758.462,758.52
1780312500000,758.54,758.715,758.45,758.53
1780313400000,758.86,759.207,758.601,758.95
1780314300000,759,759.011,758.46,758.55
1780315200000,758.34,758.46,757.892,757.99
1780316100000,757.97,758.184,757.746,758.13
1780317000000,757.97,758.45,757.758,758.45
1780317900000,758.5,758.539,757.871,758.24
1780318800000,757.88,758.037,755.45,755.95
1780319700000,755.88,756.53,754.73,755.31
1780320600000,755.56,756.6,754.73,756.25
1780321500000,756.27,756.72,755.54,755.62
1780322400000,755.56,756.46,755.32,755.93
1780323300000,756.05,756.71,755.76,755.88
1780324200000,755.87,756.13,755.28,755.81
1780325100000,755.85,755.98,755.33,755.66
1780326000000,755.7,756.23,755.48,755.93
1780326900000,755.925,756.4,755.82,756.16
1780327800000,756.24,757.42,756.189,757.355
1780328700000,757.215,757.29,756.68,756.72
1780329600000,756.71,757.22,756.3,756.527
1780330500000,756.51,756.82,755.89,756.772
1780331400000,756.79,757.29,756.782,757.059
1780332300000,757.06,758,756.85,757.936
1780333200000,757.97,757.99,757.03,757.314
1780334100000,757.32,758.55,757.15,757.875
1780335000000,758.55,760.26,757.74,759.443
1780335900000,759.5,759.96,759.447,759.574
1780336800000,759.56,759.77,759.32,759.375
1780337700000,759.38,759.89,759.35,759.828
1780338600000,759.82,759.87,759.54,759.846
1780339500000,759.847,759.849,759.435,759.556
1780340400000,759.515,759.71,759.38,759.474
1780341300000,759.473,759.74,759.39,759.687
1780342200000,759.68,759.681,758.88,759.01
1780343100000,759,759.1,758.12,758.43
1780344000000,758.56,758.66,758.363,758.641
1780344900000,758.643,758.643,758.148,758.231
1780345800000,758.232,758.85,758.158,758.573
1780346700000,758.576,758.581,757.729,757.995
1780347600000,757.997,758.046,757.841,758.037
1780348500000,758.038,758.043,757.985,758.002
1780349400000,758.001,758.035,757.727,757.798
1780350300000,757.8,758.11,757.765,758.07
1780351200000,758.07,758.094,756.726,756.965
1780352100000,756.959,757.07,756.538,756.541
1780353000000,756.543,756.636,756.225,756.263
1780353900000,756.269,756.599,756.269,756.598
1780354800000,756.602,756.694,756.472,756.592
1780355700000,756.586,756.726,756.527,756.628
1780356600000,756.632,756.92,756.484,756.63
1780357500000,756.639,756.709,756.306,756.641
1780358400000,756.646,756.78,755.89,755.9
1780359300000,756.19,756.19,755.55,755.79
1780360200000,755.91,756.12,755.52,755.59
1780361100000,755.68,755.68,755.19,755.26
1780362000000,755.4,755.74,755.21,755.67
1780362900000,755.71,755.75,755.05,755.2
1780363800000,755.62,755.62,755.13,755.36
1780364700000,755.27,755.27,754.99,754.99
1780365600000,755.06,755.13,754.89,755.01
1780366500000,755,755.35,754.97,755.18
1780367400000,755.33,755.51,755.25,755.35
1780368300000,755.36,755.44,755.21,755.38
1780369200000,755.36,755.47,754.96,755.07
1780370100000,755.07,755.22,754.85,754.9
1780371000000,754.94,755.23,754.91,755.2
1780371900000,755.23,755.39,755.15,755.36
1780372800000,755.36,755.65,755.33,755.46
1780373700000,755.44,755.82,755.37,755.8
1780374600000,755.72,755.79,755.61,755.79
1780375500000,755.77,756.26,755.76,756.26
1780376400000,756.22,756.47,756.03,756.45
1780377300000,756.46,756.64,756.35,756.57
1780378200000,756.6,756.83,756.56,756.73
1780379100000,756.7,756.7,756.4,756.59
1780380000000,756.59,756.95,756.59,756.8
1780380900000,756.89,757.03,756.89,756.93
1780381800000,756.91,757.22,756.74,757.07
1780382700000,757.07,757.41,757.04,757.32
1780383600000,757.38,757.71,757.37,757.68
1780384500000,757.64,757.78,757.54,757.59
1780385400000,757.51,757.72,757.49,757.59
1780386300000,757.65,757.82,757.44,757.76
1780387200000,756.866,758.201,756.866,757.9
1780388100000,757.894,758.022,757.532,757.579
1780389000000,757.576,757.895,757.563,757.721
1780389900000,757.719,757.912,757.667,757.705
1780390800000,757.705,757.712,757.38,757.436
1780391700000,757.434,757.566,757.1,757.166
1780392600000,757.171,757.679,757.135,757.63
1780393500000,757.631,757.747,757.286,757.329
1780394400000,757.329,757.513,757.172,757.403
1780395300000,757.397,757.514,757.286,757.375
1780396200000,757.384,757.428,757.095,757.16
1780397100000,757.171,757.26,757.095,757.114
1780398000000,757.105,757.12,756.746,757.023
1780398900000,757.027,757.064,756.808,757.032
1780399800000,757.035,757.417,757.035,757.064
1780400700000,757.067,757.086,756.792,756.792
1780401600000,756.791,757.175,756.71,757.006
1780402500000,757.006,757.432,756.906,757.323
1780403400000,757.323,757.336,756.968,757.313
1780404300000,757.311,757.319,756.867,756.873
1780405200000,756.882,756.989,755.92,756.372
1780406100000,756.369,757.12,756.298,757.02
1780407000000,757.04,757.71,756.76,757.241
1780407900000,757.25,757.74,757.25,757.595
1780408800000,757.62,758.43,757.255,758.189
1780409700000,758.189,758.47,757.54,757.772
1780410600000,757.73,758.94,757.73,758.9
1780411500000,758.915,759.73,758.82,759.715
1780412400000,759.717,760.19,759.39,759.947
1780413300000,759.953,760.41,759.85,759.904
1780414200000,759.903,760.04,759.6,759.665
1780415100000,759.668,759.93,759.6,759.694
1780416000000,759.693,760,759.42,759.929
1780416900000,759.922,759.922,759.24,759.361
1780417800000,759.359,759.55,759.14,759.327
1780418700000,759.33,759.94,759.28,759.869
1780419600000,759.875,759.965,759.63,759.9
1780420500000,759.9,759.9,758.925,759.024
1780421400000,759.023,759.32,758.77,759.104
1780422300000,759.1,759.32,758.85,758.878
1780423200000,758.88,759.3,758.81,759.058
1780424100000,759.06,759.09,758.86,758.958
1780425000000,758.958,759.215,758.63,758.82
1780425900000,758.82,759.18,758.78,759.059
1780426800000,759.07,759.45,759.058,759.229
1780427700000,759.231,759.575,759.2,759.306
1780428600000,759.33,759.49,759.18,759.191
1780429500000,759.18,759.7,759.13,759.45
1780430400000,759.512,760.118,759.47,759.872
1780431300000,759.869,760.12,759.72,759.768
1780432200000,759.769,760.014,759.737,759.994
1780433100000,759.995,760.04,759.9,759.962
1780434000000,759.959,759.964,759.685,759.843
1780434900000,759.847,759.985,759.835,759.875
1780435800000,759.875,759.96,759.757,759.865
1780436700000,759.865,759.94,759.806,759.824
1780437600000,759.842,759.895,759.43,759.497
1780438500000,759.499,759.726,759.44,759.659
1780439400000,759.658,759.806,759.652,759.724
1780440300000,759.725,759.779,759.244,759.271
1780441200000,759.274,759.348,758.675,758.728
1780442100000,758.727,758.775,757.491,758.089
1780443000000,758.108,759.355,758.03,759.303
1780443900000,759.3,759.675,759.06,759.59
1780444800000,759.59,759.84,759.39,759.39
1780445700000,759.29,759.67,759.25,759.47
1780446600000,759.53,759.77,759.41,759.76
1780447500000,759.75,759.87,759.7,759.8
1780448400000,759.79,759.8,759.26,759.4
1780449300000,759.27,759.42,759.26,759.41
1780450200000,759.32,759.56,759.2,759.21
1780451100000,759.3,759.46,759.16,759.39
1780452000000,759.41,759.5,759.3,759.5
1780452900000,759.5,759.53,759.29,759.37
1780453800000,759.39,759.5,759.3,759.4
1780454700000,759.41,759.41,759.3,759.3
1780455600000,759.39,759.45,759.34,759.43
1780456500000,759.48,759.65,759.37,759.38
1780457400000,759.47,759.63,759.44,759.57
1780458300000,759.56,759.62,759.45,759.58
1780459200000,759.59,759.79,759.58,759.79
1780460100000,759.79,759.8,759.68,759.69
1780461000000,759.74,759.78,759.65,759.72
1780461900000,759.7,759.7,759.47,759.53
1780462800000,759.51,759.59,759.21,759.58
1780463700000,759.62,759.71,759.39,759.39
1780464600000,759.44,759.44,759.13,759.21
1780465500000,759.23,759.27,759.06,759.22
1780466400000,759.21,759.41,758.87,759.05
1780467300000,759.03,759.14,758.95,759.1
1780468200000,759.02,759.33,758.93,759.33
1780469100000,759.03,759.2,759,759.12
1780470000000,759.19,759.59,759.05,759.48
1780470900000,759.45,759.56,759.14,759.24
1780471800000,759.13,759.19,758.8,758.84
1780472700000,759.08,759.3,759.03,759.2
1780473600000,759.537,759.537,759.023,759.245
1780474500000,759.242,759.356,758.846,759.356
1780475400000,759.359,759.42,759.098,759.14
1780476300000,759.14,759.212,759.04,759.119
1780477200000,759.12,759.412,759.017,759.149
1780478100000,759.153,759.214,759,759.149
1780479000000,759.149,759.162,758.721,758.786
1780479900000,758.785,758.83,758.432,758.432
1780480800000,758.431,759.345,758.351,758.929
1780481700000,758.931,758.931,758.645,758.82
1780482600000,758.83,759.02,758.392,758.392
1780483500000,758.389,758.83,758.383,758.748
1780484400000,758.749,759.064,758.749,758.959
1780485300000,758.959,759.103,758.873,759.027
1780486200000,759.023,759.307,759.01,759.149
1780487100000,759.15,759.179,758.945,758.945
1780488000000,758.91,759.127,758.889,759.041
1780488900000,759.042,759.042,758.45,758.453
1780489800000,758.452,758.452,757.729,758.078
1780490700000,758.077,758.29,757.741,758.005
1780491600000,758.002,758.17,757.916,758.054
1780492500000,758.052,758.179,757.884,758.145
1780493400000,758.15,758.79,756.49,756.53
1780494300000,756.53,756.67,754.8,755.929
1780495200000,755.94,756.915,755.87,756.885
1780496100000,756.91,756.985,756.05,756.8
1780497000000,756.78,757.01,756.38,756.493
1780497900000,756.46,756.51,755.757,756.115
1780498800000,756.175,756.53,755.86,756.033
1780499700000,756.029,756.225,755.34,756.13
1780500600000,756.07,756.29,755.14,755.229
1780501500000,755.224,755.55,754.79,755.221
1780502400000,755.2,755.465,754.98,755.27
1780503300000,755.281,755.281,753.87,754.317
1780504200000,754.312,754.62,753.59,754.052
1780505100000,754.055,755.17,754.055,755.082
1780506000000,755.11,755.18,754.07,754.273
1780506900000,754.274,754.66,753.99,754.647
1780507800000,754.647,755.4,754.22,755.213
1780508700000,755.216,755.76,755.08,755.575
1780509600000,755.56,755.61,755.15,755.31
1780510500000,755.301,756.03,754.99,755.962
1780511400000,755.966,756.05,755.53,755.716
1780512300000,755.717,755.86,755.49,755.585
1780513200000,755.585,755.585,754.73,755.023
1780514100000,755.028,755.44,754.61,754.83
1780515000000,754.828,755.48,754.62,755.338
1780515900000,755.29,755.45,753.91,754.17
1780516800000,754.018,754.306,753.74,753.847
1780517700000,753.835,753.835,752.4,752.975
1780518600000,752.976,752.988,751.489,751.505
1780519500000,751.505,752,751.309,751.849
1780520400000,751.851,752.233,751.04,751.221
1780521300000,751.203,751.594,750.917,750.932
1780522200000,750.925,750.926,749.917,750.347
1780523100000,750.348,750.7,750.055,750.683
1780524000000,750.72,751.531,750.637,751.077
1780524900000,751.076,751.076,750.409,750.892
1780525800000,750.876,751.166,750.59,750.746
1780526700000,750.748,751.552,750.23,751.385
1780527600000,751.398,751.473,750.571,750.792
1780528500000,750.794,750.843,750.296,750.559
1780529400000,750.575,750.79,750.076,750.166
1780530300000,750.17,750.866,750.041,750.505
1780531200000,750.68,751.58,750.496,751.14
1780532100000,751.27,751.66,750.9,751.31
1780533000000,751.35,752.11,751.31,751.92
1780533900000,751.85,751.94,751.54,751.94
1780534800000,751.97,752.38,751.89,752.26
1780535700000,752.22,752.22,751.58,751.88
1780536600000,751.92,752.33,751.66,751.68
1780537500000,751.73,751.73,751,751.24
1780538400000,751.33,751.38,750.66,750.66
1780539300000,750.6,751.02,750.07,750.83
1780540200000,750.69,750.94,750.49,750.8
1780541100000,750.83,751.35,750.76,750.8
1780542000000,750.81,751.31,750.73,751.11
1780542900000,751.18,751.53,751.17,751.51
1780543800000,751.56,751.74,751.22,751.33
1780544700000,751.29,751.55,751.13,751.55
1780545600000,751.55,751.84,751.48,751.81
1780546500000,751.9,751.96,751.69,751.78
1780547400000,751.85,752.04,751.7,751.94
1780548300000,751.99,751.99,751.75,751.86
1780549200000,751.81,751.81,751.14,751.15
1780550100000,751.42,751.69,751.21,751.33
1780551000000,751.25,751.75,751.23,751.75
1780551900000,751.67,751.71,751.24,751.61
1780552800000,751.59,751.97,751.53,751.74
1780553700000,751.78,751.8,751.46,751.76
1780554600000,751.81,752.33,751.63,752.33
1780555500000,752.24,752.53,752.05,752.51
1780556400000,752.53,753.01,752.31,752.91
1780557300000,752.8,752.83,752.31,752.82
1780558200000,752.8,752.99,752.6,752.62
1780559100000,752.61,752.76,752.5,752.62
1780560000000,750.859,752.63,750.859,751.62
1780560900000,751.613,751.838,751.017,751.575
1780561800000,751.65,752.14,751.531,751.653
1780562700000,751.652,751.796,751.112,751.32
1780563600000,751.319,751.319,750.624,750.642
1780564500000,750.637,751.352,750.552,751.306
1780565400000,751.307,751.948,751.191,751.698
1780566300000,751.704,752.21,751.704,752.02
1780567200000,752.023,752.062,751.471,751.611
1780568100000,751.612,751.614,751.076,751.082
1780569000000,751.082,751.294,750.814,750.859
1780569900000,750.856,750.912,750.209,750.663
1780570800000,750.68,751.08,750.635,750.996
1780571700000,750.994,751.627,750.906,751.373
1780572600000,751.37,751.64,749.884,750.596
1780573500000,750.599,751.89,750.45,751.701
1780574400000,751.704,752.007,751.043,751.128
1780575300000,751.128,751.613,751.092,751.499
1780576200000,751.499,752.282,751.499,752.262
1780577100000,752.26,752.47,751.859,752.285
1780578000000,752.287,752.428,752.041,752.206
1780578900000,752.19,752.744,751.912,752.101
1780579800000,752.06,753.37,751.48,752.048
1780580700000,752.05,753.69,751.62,753.204
1780581600000,753.206,753.66,752.24,753.334
1780582500000,753.38,754.3,753.12,754.007
1780583400000,754.02,754.19,753.51,753.879
1780584300000,753.873,754.25,753.39,754.193
1780585200000,754.196,755.63,754.196,755.56
1780586100000,755.58,755.95,755.37,755.835
1780587000000,755.87,755.935,755.19,755.28
1780587900000,755.24,755.47,754.81,755.311
1780588800000,755.35,756.385,755.21,756.226
1780589700000,756.225,756.67,756.22,756.505
1780590600000,756.5,756.86,756.07,756.76
1780591500000,756.763,756.92,756.58,756.802
1780592400000,756.76,756.98,756.6,756.817
1780593300000,756.821,757.16,756.64,757.114
1780594200000,757.114,757.42,757.035,757.255
1780595100000,757.257,757.74,757.14,757.678
1780596000000,757.678,757.88,757.58,757.67
1780596900000,757.683,757.94,757.545,757.847
1780597800000,757.81,757.96,757.62,757.801
1780598700000,757.78,757.99,757.51,757.627
1780599600000,757.633,758.07,757.62,757.779
1780600500000,757.78,758.3,757.585,758.29
1780601400000,758.26,758.3,757.76,757.791
1780602300000,757.787,757.91,756.95,757.04
1780603200000,757.144,757.184,756.43,756.518
1780604100000,756.51,756.626,755.933,756.034
1780605000000,756.033,756.25,755.986,756.04
1780605900000,756.04,756.16,755.902,756.03
1780606800000,756.017,756.149,755.926,756.055
1780607700000,756.055,756.074,755.97,756.064
1780608600000,756.064,756.075,756.025,756.055
1780609500000,756.055,756.099,756.004,756.051
1780610400000,756.069,756.197,755.571,755.64
1780611300000,755.638,755.787,755.14,755.371
1780612200000,755.37,755.574,755.276,755.456
1780613100000,755.451,755.819,755.426,755.808
1780614000000,755.81,755.874,755.292,755.318
1780614900000,755.314,755.331,754.911,755.188
1780615800000,755.19,755.203,754.86,754.887
1780616700000,754.889,754.891,754.6,754.609
1780617600000,754.607,754.84,753.8,753.97
1780618500000,754,754.21,753.71,753.96
1780619400000,753.99,754.16,753.6,753.83
1780620300000,753.75,754.02,753.17,753.45
1780621200000,753.41,753.5,753.07,753.29
1780622100000,753.26,753.34,752.23,752.57
1780623000000,752.63,753.15,752.63,752.91
1780623900000,753.02,753.56,752.75,753.51
1780624800000,753.56,753.95,753.41,753.82
1780625700000,753.92,754.15,753.67,754.02
1780626600000,754,754.07,753.68,753.79
1780627500000,753.74,753.91,753.54,753.59
1780628400000,753.64,753.69,753.27,753.62
1780629300000,753.65,753.94,753.39,753.4
1780630200000,753.41,753.58,753.35,753.44
1780631100000,753.45,753.45,752.91,753.09
1780632000000,753.16,753.41,753.12,753.15
1780632900000,753.27,753.62,753.24,753.33
1780633800000,753.3,753.74,753.17,753.57
1780634700000,753.58,754.01,753.51,753.91
1780635600000,753.92,753.92,753.44,753.51
1780636500000,753.54,753.83,753.41,753.49
1780637400000,753.58,753.92,753.58,753.72
1780638300000,753.62,753.62,753.23,753.38
1780639200000,753.44,754.02,753.43,753.51
1780640100000,753.46,753.47,752.93,753.08
1780641000000,753.18,753.18,752.81,752.81
1780641900000,752.75,753.11,752.65,752.95
1780642800000,753,753.05,752.46,752.51
1780643700000,752.61,753.06,752.29,753.05
1780644600000,753.08,753.53,753.07,753.22
1780645500000,753.25,753.52,753.2,753.21
1780646400000,754.37,754.37,753.028,753.386
1780647300000,753.391,754.024,753.236,754.024
1780648200000,754.042,754.246,753.664,753.668
1780649100000,753.669,753.732,753.451,753.557
1780650000000,753.556,755.201,753.486,754.543
1780650900000,754.576,754.856,754.087,754.087
1780651800000,754.085,754.2,753.897,753.985
1780652700000,753.982,754.376,753.972,754.256
1780653600000,754.257,754.57,754.223,754.57
1780654500000,754.571,754.876,754.456,754.797
1780655400000,754.802,754.815,754.564,754.711
1780656300000,754.71,754.78,754.318,754.328
1780657200000,754.323,754.461,754.22,754.305
1780658100000,754.305,754.359,753.54,754.359
1780659000000,754.356,754.59,754.23,754.339
1780659900000,754.338,754.355,753.799,753.807
1780660800000,753.808,753.817,753.299,753.375
1780661700000,753.377,753.85,753.33,753.489
1780662600000,753.503,754.41,752.24,753.501
1780663500000,753.499,753.71,752.456,752.546
1780664400000,752.45,752.639,751.98,752.143
1780665300000,752.131,752.53,752.011,752.18
1780666200000,752.3,752.8,750.285,750.325
1780667100000,750.315,750.64,748.68,748.764
1780668000000,748.76,750.23,748.25,750.049
1780668900000,750.057,750.95,748.88,749.143
1780669800000,749.152,750.73,749.149,749.467
1780670700000,749.48,750.05,749.135,749.912
1780671600000,749.913,750.17,748.28,748.355
1780672500000,748.344,748.75,747.53,748.156
1780673400000,748.143,748.41,746.39,746.535
1780674300000,746.537,746.95,746.2,746.631
1780675200000,746.54,746.621,745.03,745.465
1780676100000,745.512,745.54,744.62,744.769
1780677000000,744.766,744.805,742.94,743.233
1780677900000,743.225,744.66,742.485,744.517
1780678800000,744.56,744.56,742.95,743.435
1780679700000,743.395,744.13,742.82,744.02
1780680600000,743.992,745.28,743.58,743.765
1780681500000,743.775,744.7,743.64,744.644
1780682400000,744.67,744.8,742.11,742.173
1780683300000,742.14,742.173,740.51,740.943
1780684200000,740.86,741.13,739.76,740.072
1780685100000,740,740.16,738.51,739.262
1780686000000,739.256,739.33,736.91,737.25
1780686900000,737.22,738.44,735.59,738.31
1780687800000,738.43,738.81,736.97,737.787
1780688700000,737.77,739.8,737.15,737.44
1780689600000,737.44,737.49,734.07,734.371
1780690500000,734.379,734.639,733.62,734.477
1780691400000,734.479,734.479,733.52,734.012
1780692300000,734.013,734.704,733.74,734.4
1780693200000,734.403,734.84,733.903,734.42
1780694100000,734.408,736.182,734.087,735.283
1780695000000,735.282,735.961,735.258,735.374
1780695900000,735.374,735.448,734.964,734.993
1780696800000,735,735.252,734.91,735.118
1780697700000,735.123,736.414,735.123,736.414
1780698600000,736.415,736.415,735.407,735.829
1780699500000,735.834,737.07,735.626,736.826
1780700400000,736.825,737.346,736.156,737.11
1780701300000,737.11,737.31,736.25,736.3
1780702200000,736.341,736.537,735.673,735.72
1780703100000,735.72,735.72,734.803,735.066
1780704000000,735.087,735.193,735.087,735.193
1780876800000,735.44,738.36,735.01,738.32
1780877700000,738.26,739.24,738.14,739.15
1780878600000,739.18,739.95,738.88,739.24
1780879500000,739.26,739.37,738.34,739.17
1780880400000,739.24,739.5,738.29,738.29
1780881300000,738.39,738.43,736.88,736.89
1780882200000,736.96,738.27,736.13,738.11
1780883100000,738.26,738.58,737.73,738.19
1780884000000,738.31,738.6,737.78,738.14
1780884900000,738.26,738.61,737.71,738.53
1780885800000,738.58,739.39,737.86,739.35
1780886700000,739.4,739.6,738.96,739.17
1780887600000,739.19,739.46,738.97,739.32
1780888500000,739.34,739.48,738.78,739.28
1780889400000,739.35,739.6,739.22,739.22
1780890300000,739.29,739.5,739.2,739.25
1780891200000,739.4,739.52,738.78,738.91
1780892100000,738.94,739.2,738.51,738.82
1780893000000,738.9,738.9,737.84,737.86
1780893900000,737.87,738.45,737.76,737.82
1780894800000,737.88,738.51,737.43,737.43
1780895700000,737.42,738.07,737.31,737.89
1780896600000,737.94,737.94,736.39,736.66
1780897500000,736.59,736.9,736.32,736.85
1780898400000,736.89,737.63,736.83,737.25
1780899300000,737.11,738.53,736.84,738.52
1780900200000,738.49,738.66,737.4,737.83
1780901100000,737.69,737.92,737.32,737.87
1780902000000,737.97,738.86,737.86,738.67
1780902900000,738.69,740,738.29,739.81
1780903800000,739.73,739.99,739.35,739.96
1780904700000,739.82,740.52,735.194,740.06
1780905600000,735.988,740.025,735.988,739.488
1780906500000,739.486,739.746,739.066,739.319
1780907400000,739.323,739.738,738.77,739.045
1780908300000,739.06,739.252,738.639,739.031
1780909200000,739.03,739.374,738.476,739.199
1780910100000,739.21,739.669,739.181,739.39
1780911000000,739.375,740.45,738.94,740.048
1780911900000,740.047,740.356,739.924,740.356
1780912800000,740.364,740.39,739.556,740.122
1780913700000,740.121,740.169,739.352,739.713
1780914600000,739.707,741,739.601,740.57
1780915500000,740.575,740.658,740.178,740.435
1780916400000,740.36,742.26,739.95,742.173
1780917300000,742.233,742.905,741.93,742.814
1780918200000,742.818,743.319,742.727,742.772
1780919100000,742.769,742.844,742.177,742.363
1780920000000,742.26,743.29,742.21,742.963
1780920900000,742.965,743.48,742.85,743.397
1780921800000,743.397,744.36,743.397,743.879
1780922700000,743.877,743.923,743.27,743.545
1780923600000,743.556,744.053,743.554,743.887
1780924500000,743.88,744.72,743.349,743.349
1780925400000,743.36,744.515,741.48,742.553
1780926300000,742.583,743.735,740.81,740.909
1780927200000,740.894,742.48,740.62,741.653
1780928100000,741.654,743.01,740.89,742.48
1780929000000,742.479,743.66,741.98,742.625
1780929900000,742.624,745.01,742.624,744.953
1780930800000,744.99,745.33,744.58,744.75
1780931700000,744.78,745.15,743.11,743.246
1780932600000,743.244,743.9,741.89,743.56
1780933500000,743.7,744.34,742.54,742.694
1780934400000,742.706,743.25,742.15,743.057
1780935300000,743.064,743.97,742.12,742.153
1780936200000,742.156,742.61,741.52,742.073
1780937100000,742.079,742.925,741.9,741.983
1780938000000,741.98,741.98,740.115,740.923
1780938900000,740.98,742.01,740.1,741.971
1780939800000,741.97,742.39,740.39,740.472
1780940700000,740.468,741.7,740.44,741.115
1780941600000,741.13,742.28,741.075,741.314
1780942500000,741.317,742.1,741.29,741.973
1780943400000,741.973,742.43,740.77,740.915
1780944300000,740.915,741.56,740.885,740.961
1780945200000,740.967,741.14,739.255,739.345
1780946100000,739.27,739.67,738.21,739.086
1780947000000,739.099,740.145,738.96,739.354
1780947900000,739.34,739.93,738.79,739.32
1780948800000,739.29,739.56,738.88,739.063
1780949700000,739.078,739.163,738.52,738.994
1780950600000,738.999,739.068,738.84,738.907
1780951500000,738.908,739.056,738.733,738.955
1780952400000,738.955,739.069,738.921,739.003
1780953300000,739.002,739.104,738.995,739.035
1780954200000,739.035,739.06,738.965,739.025
1780955100000,739.025,739.114,739.022,739.098
1780956000000,739.087,739.34,737.382,737.481
1780956900000,737.482,737.794,736.922,737.319
1780957800000,737.324,738.168,737.324,738.114
1780958700000,738.104,738.938,737.973,738.916
1780959600000,738.915,739.348,738.644,739.338
1780960500000,739.339,739.339,738.901,738.966
1780961400000,738.946,739.59,738.889,739.067
1780962300000,739.063,739.063,738.118,738.742
1780963200000,738.748,738.86,737.3,737.49
1780964100000,737.43,737.9,737.22,737.77
1780965000000,737.84,737.88,736.96,737.53
1780965900000,737.45,737.58,736.87,737.4
1780966800000,737.44,738,737.2,738
1780967700000,737.85,739.61,737.85,739.11
1780968600000,739.22,740.06,739.09,739.79
1780969500000,739.96,740.57,739.76,739.8
1780970400000,739.81,740.26,739.79,740.17
1780971300000,740.01,740.01,739.44,739.72
1780972200000,740.01,740.14,739.61,740.08
1780973100000,740.11,740.26,739.84,740.08
1780974000000,740.18,740.52,740.02,740.44
1780974900000,740.58,740.7,740.18,740.31
1780975800000,740.47,741.14,740.47,741.12
1780976700000,741.03,741.1,740.72,740.87
1780977600000,740.89,741.21,740.68,741.01
1780978500000,740.96,741.35,740.96,741.09
1780979400000,741.09,741.55,741.03,741.36
1780980300000,741.33,741.48,741.21,741.21
1780981200000,741.28,741.51,741.12,741.29
1780982100000,741.28,741.44,741.09,741.14
1780983000000,741.12,741.84,741.12,741.55
1780983900000,741.53,741.88,741.28,741.49
1780984800000,741.38,741.74,741.34,741.74
1780985700000,741.73,742,741.43,741.43
1780986600000,741.43,741.61,741.26,741.41
1780987500000,741.48,741.56,740.86,741.15
1780988400000,741.2,742.48,741.06,741.63
1780989300000,741.68,741.84,740.94,741.16
1780990200000,741.17,741.49,740.89,741.42
1780991100000,741.4,741.67,740.85,741.08
1780992000000,739.154,742.289,739.154,742.193
1780992900000,742.197,742.344,741.81,742.096
1780993800000,742.097,742.62,741.946,742.572
1780994700000,742.571,742.647,741.881,742.011
1780995600000,742.008,742.555,741.952,742.545
1780996500000,742.556,742.799,742.419,742.75
1780997400000,742.751,742.752,742.266,742.641
1780998300000,742.642,742.872,742.642,742.685
1780999200000,742.68,742.968,741.35,742.649
1781000100000,742.651,742.745,742.32,742.717
1781001000000,742.715,742.749,742.326,742.48
1781001900000,742.479,743.27,742.451,742.936
1781002800000,742.922,743.19,742.689,742.782
1781003700000,742.788,742.824,742.248,742.45
1781004600000,742.451,742.816,742.317,742.724
1781005500000,742.707,742.796,742.122,742.132
1781006400000,742.126,742.557,742.09,742.128
1781007300000,742.13,742.314,742.004,742.178
1781008200000,742.177,743.327,742.177,742.757
1781009100000,742.756,743.36,742.459,743.268
1781010000000,743.275,743.67,742.932,742.945
1781010900000,742.949,743.609,742.737,743.609
1781011800000,743.65,745.36,743.3,745.249
1781012700000,745.37,746.9,744.25,744.344
1781013600000,744.34,745,741.465,741.53
1781014500000,741.5,742.18,739.435,741.126
1781015400000,741.127,741.68,738.49,738.64
1781016300000,738.63,738.89,734.72,737.709
1781017200000,737.81,738.39,736.3,737.53
1781018100000,737.52,737.725,730.79,730.999
1781019000000,731,732.47,730.51,731.766
1781019900000,731.788,732.72,728.97,729.204
1781020800000,729.135,730.54,727.77,728.41
1781021700000,728.51,728.51,725.33,727.386
1781022600000,727.28,728.56,722.61,724.69
1781023500000,724.65,726.69,723.575,726.561
1781024400000,726.585,729.02,726.4,728.63
1781025300000,728.566,731.27,727.93,730.743
1781026200000,730.77,733.94,730.21,733.031
1781027100000,732.98,733.17,730.96,732.554
1781028000000,732.63,733.74,732.15,733.29
1781028900000,733.306,735.15,732.635,735.036
1781029800000,735.04,736.25,734.33,734.42
1781030700000,734.41,737.11,734.375,736.77
1781031600000,736.766,737.66,735.21,735.268
1781032500000,735.284,735.41,733.25,734.555
1781033400000,734.53,735,732.59,733.426
1781034300000,733.423,737.44,732.55,737.06
1781035200000,737.174,737.665,736.215,736.336
1781036100000,736.34,736.961,736.13,736.8
1781037000000,736.797,737.146,736.492,736.915
1781037900000,736.916,737.02,736.43,736.715
1781038800000,736.716,736.725,736.473,736.61
1781039700000,736.61,736.67,735.356,735.422
1781040600000,735.421,735.738,735.267,735.627
1781041500000,735.626,735.639,735.405,735.532
1781042400000,735.61,736.097,735.381,735.984
1781043300000,735.985,736.373,735.498,735.607
1781044200000,735.612,735.633,734.565,734.898
1781045100000,734.897,734.933,734.227,734.768
1781046000000,734.771,735.702,734.726,734.909
1781046900000,734.908,734.961,734.531,734.565
1781047800000,734.565,734.844,734.347,734.798
1781048700000,734.803,735.719,734.774,735.711
1781049600000,735.709,737.19,735.697,736.34
1781050500000,736.44,736.51,735.72,736.37
1781051400000,736.05,736.05,734.43,734.81
1781052300000,734.79,736.32,734.7,736.06
1781053200000,735.93,736.74,735.81,736.37
1781054100000,736.24,736.93,736.02,736.29
1781055000000,736.22,736.78,735.73,735.9
1781055900000,736.08,736.46,735.59,736.07
1781056800000,735.92,736.02,735.11,735.57
1781057700000,735.54,735.92,735.22,735.78
1781058600000,735.81,736.03,735.36,735.58
1781059500000,735.67,736,734.92,734.98
1781060400000,735.04,735.88,735.02,735.6
1781061300000,735.83,736.08,735.44,735.65
1781062200000,735.45,735.69,734.92,734.96
1781063100000,734.98,735.38,734.89,735.15
1781064000000,735.18,735.18,734.42,734.56
1781064900000,734.49,734.98,734.33,734.53
1781065800000,734.36,734.52,733.66,733.66
1781066700000,733.68,734.4,733.53,733.77
1781067600000,733.69,734.45,733.66,733.88
1781068500000,733.92,734.54,733.34,734.54
1781069400000,734.68,734.74,733.95,734.26
1781070300000,734.24,734.86,733.97,734.73
1781071200000,734.72,735.44,734.65,735.14
1781072100000,735.19,735.4,734.69,734.99
1781073000000,735.03,735.49,734.7,734.98
1781073900000,735.11,735.11,734.63,734.7
1781074800000,734.84,735.2,734.42,735.17
1781075700000,735.06,735.19,734.24,734.36
1781076600000,734.39,734.92,734.2,734.4
1781077500000,734.4,734.68,734.15,734.66
1781078400000,735.521,735.521,733.545,733.572
1781079300000,733.565,733.691,733.084,733.229
1781080200000,733.23,733.63,731.869,731.871
1781081100000,731.874,732.365,731.299,731.509
1781082000000,731.515,731.792,730.36,730.4
1781082900000,730.38,731.562,729.879,731.554
1781083800000,731.562,732.098,730.936,731.268
1781084700000,731.269,731.897,730.881,731.698
1781085600000,731.699,731.719,731.065,731.435
1781086500000,731.433,731.673,730.479,731.673
1781087400000,731.53,732.356,731.39,732.288
1781088300000,732.29,732.545,731.486,732.292
1781089200000,732.306,732.533,728.63,730.55
1781090100000,730.551,731.288,728.79,729.633
1781091000000,729.632,729.749,728.702,729.196
1781091900000,729.169,730.603,728.903,730.243
1781092800000,730.237,731.252,730.033,730.757
1781093700000,730.748,731.82,730.23,731.629
1781094600000,731.81,735.59,730.73,733.835
1781095500000,733.839,734.51,732.964,732.964
1781096400000,732.967,733.44,732.64,733.073
1781097300000,733.074,733.44,732.945,733.391
1781098200000,733.35,736.26,731.59,736.19
1781099100000,736.17,736.98,734.76,735.638
1781100000000,735.765,737.56,735.13,736.727
1781100900000,736.722,738.38,735.8,737.27
1781101800000,737.17,737.94,735.67,735.748
1781102700000,735.58,736.06,732.29,732.858
1781103600000,732.91,734.42,730.61,730.69
1781104500000,730.64,732.55,729.53,731.565
1781105400000,731.49,732.475,729.96,732.305
1781106300000,732.296,732.77,728.51,731.977
1781107200000,731.97,732.51,729.94,730.204
1781108100000,730.211,731.03,730,730.684
1781109000000,730.683,732.3,730.06,730.923
1781109900000,730.902,730.91,729.4,730.367
1781110800000,730.39,731.38,728.74,728.958
1781111700000,728.98,729.81,728.685,729.553
1781112600000,729.6,729.66,727.88,727.959
1781113500000,727.98,730.77,727.89,730.649
1781114400000,730.715,731.74,730.47,730.689
1781115300000,730.697,731.24,729.33,729.592
1781116200000,729.55,729.59,728.13,728.506
1781117100000,728.509,728.509,727,727.421
1781118000000,727.45,728.09,726.83,727.008
1781118900000,727.11,727.22,725.49,726.046
1781119800000,725.97,727.69,725.65,727.274
1781120700000,727.21,727.87,725.36,725.36
1781121600000,725.571,725.589,724.123,725.061
1781122500000,725.056,725.41,724.76,724.933
1781123400000,724.935,724.937,724.197,724.197
1781124300000,724.187,724.617,723.625,724.617
1781125200000,724.622,724.735,724.421,724.73
1781126100000,724.731,724.969,724.731,724.875
1781127000000,724.877,724.925,724.5,724.5
1781127900000,724.5,724.631,724.258,724.379
1781128800000,724.31,724.397,722.775,723.467
1781129700000,723.471,723.855,723.312,723.833
1781130600000,723.836,724.595,723.737,723.907
1781131500000,723.918,724.389,722.387,722.387
1781132400000,722.382,722.988,721.485,721.584
1781133300000,721.587,723.687,721.262,723.638
1781134200000,723.639,724.19,722.944,723.889
1781135100000,723.879,723.879,722.746,722.914
1781136000000,722.907,723.9,722.67,723.66
1781136900000,723.79,726.27,723.79,724.64
1781137800000,724.7,725.13,723.87,724.36
1781138700000,724.74,726.04,724.74,725.69
1781139600000,725.84,728.3,725.73,728.23
1781140500000,728.3,728.55,727.75,728.47
1781141400000,728.46,728.46,727.6,727.73
1781142300000,727.59,727.71,726.57,726.82
1781143200000,726.69,727.72,726.69,726.81
1781144100000,726.68,726.92,725.7,725.84
1781145000000,725.84,726.33,725.37,725.89
1781145900000,725.97,727.09,725.89,726.98
1781146800000,727.02,727.42,726.25,726.44
1781147700000,726.58,726.81,726.18,726.48
1781148600000,726.85,727.85,726.8,727.75
1781149500000,727.88,728.59,727.71,728.45
1781150400000,728.5,728.56,728.14,728.27
1781151300000,728.27,728.83,728.05,728.67
1781152200000,728.82,729.66,728.58,729.58
1781153100000,729.62,729.76,729.11,729.2
1781154000000,729.34,729.34,728.44,728.6
1781154900000,728.49,728.85,728.3,728.43
1781155800000,728.59,728.84,728.28,728.83
1781156700000,728.65,729.01,728.6,728.71
1781157600000,728.69,728.71,727.51,728.6
1781158500000,728.61,728.88,728.47,728.64
1781159400000,728.55,729.25,728.4,729
1781160300000,729.03,729.57,728.93,729.5
1781161200000,729.57,729.92,729.28,729.8
1781162100000,729.71,730.98,729.7,730.67
1781163000000,730.76,731.08,730.64,731
1781163900000,731,731,730.48,730.7
1781164800000,724.191,731.69,724.191,731.495
1781165700000,731.498,731.599,731.053,731.188
1781166600000,731.191,731.704,731.178,731.47
1781167500000,731.479,731.694,731.306,731.662
1781168400000,731.659,731.72,731.162,731.329
1781169300000,731.33,731.585,731.169,731.383
1781170200000,731.371,731.576,731.22,731.511
1781171100000,731.51,731.832,731.342,731.342
1781172000000,731.341,731.667,731.061,731.161
1781172900000,731.17,731.299,730.86,730.951
1781173800000,730.935,731.343,730.864,731.138
1781174700000,731.139,731.346,730.892,730.894
1781175600000,730.89,730.89,729.756,730.13
1781176500000,730.125,730.38,729.72,730.232
1781177400000,730.233,731.154,730.197,730.921
1781178300000,730.919,731.314,730.692,731.205
1781179200000,731.202,731.36,730.95,731.082
1781180100000,731.093,731.121,727.58,728.811
1781181000000,728.823,729.09,726.9,728.473
1781181900000,728.39,729.77,728.21,729.598
1781182800000,729.597,729.597,728.561,728.819
1781183700000,728.823,729.14,728.677,728.818
1781184600000,728.81,729.09,726.36,727.18
1781185500000,727.207,731.53,726.8,729.607
1781186400000,729.77,731.585,727.78,727.889
1781187300000,727.87,729.72,726.98,728.848
1781188200000,728.88,730.05,727.69,728.701
1781189100000,728.62,729,725.15,725.599
1781190000000,725.58,727.89,724.42,727.428
1781190900000,727.35,728.74,726.82,727.2
1781191800000,727.15,729.46,726.76,727.818
1781192700000,727.89,728.45,726.85,728.137
1781193600000,728.128,730.16,727.59,729.814
1781194500000,729.945,730.3,727.82,727.897
1781195400000,727.891,729.94,727.44,728.606
1781196300000,728.6,728.91,726.49,726.572
1781197200000,726.52,727.25,725.6,726.387
1781198100000,729.55,732.67,729.28,732.53
1781199000000,732.51,736.59,730.582,736.24
1781199900000,736.285,736.57,733.4,734.959
1781200800000,734.955,735.62,732.62,734.256
1781201700000,734.24,735.77,733.81,734.443
1781202600000,734.53,735.37,734.05,734.92
1781203500000,734.93,736.28,734.79,735.723
1781204400000,735.73,737.23,735.32,736.86
1781205300000,736.878,738.21,736.76,737.909
1781206200000,737.945,740,737.909,739.357
1781207100000,738.32,738.32,737.52,737.68
1781208000000,737.764,738.812,737.23,738.787
1781208900000,738.788,738.98,737.35,738.255
1781209800000,738.253,738.464,737.383,737.383
1781210700000,737.381,737.986,737.379,737.953
1781211600000,737.954,738.185,737.872,737.889
1781212500000,737.889,738.048,737.805,737.957
1781213400000,737.956,737.998,737.816,737.861
1781214300000,737.861,737.95,737.806,737.84
1781215200000,737.95,739.251,737.855,739.251
1781216100000,739.256,739.582,739.02,739.114
1781217000000,739.115,739.244,738.901,739.149
1781217900000,739.145,739.479,739.134,739.157
1781218800000,739.158,739.247,738.754,739.014
1781219700000,739.013,739.215,738.428,738.732
1781220600000,738.73,739.364,738.729,739.346
1781221500000,739.341,739.694,739.293,739.519
1781222400000,739.517,740,739,739.71
1781223300000,739.56,740.09,739.1,740.03
1781224200000,740,740.41,739.51,739.51
1781225100000,739.5,739.89,739.24,739.59
1781226000000,739.51,739.51,738.8,739.29
1781226900000,739.19,739.43,738.02,738.16
1781227800000,738.22,738.71,738.06,738.37
1781228700000,738.45,739.48,738.45,739.48
1781229600000,739.47,739.86,739.44,739.57
1781230500000,739.6,739.62,738.91,738.96
1781231400000,738.92,739.36,738.82,739.33
1781232300000,739.49,739.69,739.36,739.44
1781233200000,739.49,739.49,738.67,738.87
1781234100000,738.94,738.94,738.32,738.78
1781235000000,738.8,739.26,738.71,739.04
1781235900000,739.01,739.16,738.63,739
1781236800000,738.83,738.86,738.39,738.64
1781237700000,738.8,739.19,738.43,739.19
1781238600000,739.2,739.37,739.02,739.31
1781239500000,739.33,739.43,739.15,739.42
1781240400000,739.46,739.55,738.79,739.21
1781241300000,739.31,739.45,739.09,739.4
1781242200000,739.35,739.35,738.23,738.63
1781243100000,738.55,738.56,737.13,737.67
1781244000000,737.67,738.7,737.56,738.58
1781244900000,738.51,738.51,737.93,738.07
1781245800000,737.93,737.94,737.23,737.35
1781246700000,737.3,737.52,736.81,737.15
1781247600000,737.23,737.23,736.18,736.18
1781248500000,736.21,736.63,735.9,736.32
1781249400000,736.31,737.65,736.24,737.64
1781250300000,737.67,739.15,737.39,738.38
1781251200000,739.346,739.78,738.329,739.542
1781252100000,739.534,740.996,739.247,740.453
1781253000000,740.454,740.7,739.234,739.518
1781253900000,739.524,740.252,739.194,739.886
1781254800000,739.884,740.887,739.884,740.887
1781255700000,740.9,742.068,740.9,742.01
1781256600000,742.022,743.34,741.879,742.925
1781257500000,742.923,742.988,742.331,742.331
1781258400000,742.324,742.669,741.668,741.838
1781259300000,741.845,741.955,740.373,740.648
1781260200000,740.632,741.227,740.427,740.995
1781261100000,740.997,741.1,740.54,740.76
1781262000000,740.774,741.476,740.678,741.393
1781262900000,741.395,742.33,741.354,742.179
1781263800000,742.174,742.583,741.67,742.583
1781264700000,742.584,743.079,742.286,742.643
1781265600000,742.642,742.736,741.709,741.752
1781266500000,741.758,741.968,740.891,740.956
1781267400000,740.945,741.1,739.819,739.819
1781268300000,739.817,740.21,738.59,738.837
1781269200000,738.9,739.88,738.145,739.84
1781270100000,739.88,740.619,739.729,740.619
1781271000000,740.72,740.8,735.815,735.9
1781271900000,736.057,737.41,735.03,736.715
1781272800000,736.87,740.53,736.51,739.381
1781273700000,739.31,741.04,738.935,739.738
1781274600000,739.53,741.19,737.95,738.04
1781275500000,737.95,742.73,737.175,742.412
1781276400000,742.424,743.35,741.68,743.093
1781277300000,743.101,744.42,742.61,744.11
1781278200000,744.11,744.18,740.78,740.966
1781279100000,740.96,741.88,738.47,738.775
1781280000000,738.89,742.18,738.17,741.03
1781280900000,741.045,742.19,740.04,740.621
1781281800000,740.67,741.4,740.27,740.532
1781282700000,740.535,741.63,740.36,741.551
1781283600000,741.59,743.01,741.24,742
1781284500000,741.847,742.76,741.67,742.206
1781285400000,742.2,742.24,741.35,741.71
1781286300000,741.703,742.13,740.89,741.33
1781287200000,741.307,742,740.54,741.076
1781288100000,741.05,741.34,740.43,741.27
1781289000000,741.255,742.32,741.25,742.198
1781289900000,742.202,742.27,740.96,741.02
1781290800000,740.98,742.21,740.95,741.39
1781291700000,741.41,741.96,740.98,741.419
1781292600000,741.41,741.75,740.085,740.86
1781293500000,740.8,742.01,740.48,741.68
1781294400000,741.841,742.499,741.59,742.499
1781295300000,742.501,742.712,742.28,742.288
1781296200000,742.289,742.53,742.142,742.142
1781297100000,742.138,742.168,741.927,741.948
1781298000000,741.954,742.129,741.954,742.124
1781298900000,742.126,742.134,742.036,742.055
1781299800000,742.055,742.195,742.055,742.141
1781300700000,742.141,742.244,742.036,742.097
1781301600000,742.098,742.162,742.05,742.05
1781302500000,742.05,742.124,741.945,742.045
1781303400000,742.058,742.208,742.038,742.165
1781304300000,742.165,742.369,742.134,742.335
1781305200000,742.335,742.43,742.296,742.334
1781306100000,742.333,742.36,742.291,742.34
1781307000000,742.34,742.429,742.3,742.3
1781307900000,742.3,742.47,742.22,742.415
1781308800000,742.413,742.413,742.411,742.411
1781481600000,745.05,749.43,744.03,749.16
1781482500000,749.31,749.36,748.74,749.14
1781483400000,749.1,749.35,748.79,748.97
1781484300000,748.94,749.22,748.84,749.03
1781485200000,749.03,749.45,748.86,749.38
1781486100000,749.35,749.62,749.15,749.47
1781487000000,749.51,749.78,749.28,749.68
1781487900000,749.7,749.79,749.39,749.56
1781488800000,749.57,749.89,749.54,749.82
1781489700000,749.81,750.19,749.8,750.06
1781490600000,750.07,750.25,749.89,750.09
1781491500000,750.1,750.36,750.1,750.25
1781492400000,750.29,750.33,750.04,750.25
1781493300000,750.32,750.55,750.29,750.46
1781494200000,750.45,750.65,750.25,750.35
1781495100000,750.34,750.49,750.15,750.27
1781496000000,750.34,750.41,750.05,750.17
1781496900000,750.21,750.64,750.2,750.64
1781497800000,750.62,750.77,750.51,750.75
1781498700000,750.69,751.05,750.63,751.05
1781499600000,750.97,751.27,750.91,751.17
1781500500000,751.17,751.33,751.04,751.19
1781501400000,751.17,751.35,750.93,751.28
1781502300000,751.29,751.41,751.08,751.39
1781503200000,751.41,751.54,751.24,751.3
1781504100000,751.29,751.52,750.97,751.24
1781505000000,751.16,751.25,750.66,750.93
1781505900000,751.01,751.13,750.69,750.92
1781506800000,750.9,751.13,750.45,750.81
1781507700000,750.87,751.45,750.85,751.14
1781508600000,751.17,751.29,750.92,751.11
1781509500000,751,751.21,750.64,750.67
1781510400000,743.779,751.257,743.779,750.95
1781511300000,750.953,751.302,750.671,751.24
1781512200000,751.238,751.327,750.97,751.289
1781513100000,751.287,751.525,750.906,751.076
1781514000000,751.077,751.428,750.958,751.024
1781514900000,751.026,751.039,750.482,750.497
1781515800000,750.498,750.646,750.34,750.417
1781516700000,750.415,750.763,750.24,750.727
1781517600000,750.716,750.981,750.606,750.965
1781518500000,750.962,751.043,750.646,751.043
1781519400000,751.044,751.044,750.655,750.934
1781520300000,750.937,751.144,750.913,751.139
1781521200000,751.13,751.7,751.118,751.626
1781522100000,751.628,751.971,751.6,751.856
1781523000000,751.857,752.059,751.2,751.213
1781523900000,751.21,751.893,751.173,751.532
1781524800000,751.527,751.777,751.36,751.459
1781525700000,751.458,751.513,750.72,750.8
1781526600000,750.808,751.4,750.808,751.116
1781527500000,751.111,751.361,750.705,751.31
1781528400000,751.325,751.567,751.16,751.539
1781529300000,751.544,751.941,751.497,751.759
1781530200000,751.86,753.45,751.76,752.872
1781531100000,752.871,754.08,752.871,753.325
1781532000000,753.31,753.95,752.52,752.974
1781532900000,752.981,753.7,752.595,753.643
1781533800000,753.65,753.74,752.97,753.3
1781534700000,753.32,754.37,753.284,754.179
1781535600000,754.185,754.78,754.185,754.659
1781536500000,754.661,755.22,754.49,755.18
1781537400000,755.171,755.55,754.76,755.444
1781538300000,755.445,756.27,755.445,756.14
1781539200000,756.15,756.69,756.06,756.15
1781540100000,756.18,756.54,755.92,756.504
1781541000000,756.502,756.61,755.8,755.956
1781541900000,755.9,755.97,755.54,755.844
1781542800000,755.83,756.03,755.12,755.813
1781543700000,755.78,756.36,755.7,756.123
1781544600000,756.125,756.31,755.7,755.749
1781545500000,755.752,755.85,755.08,755.185
1781546400000,755.19,755.31,754.67,755.19
1781547300000,755.192,755.38,754.68,754.724
1781548200000,754.74,755.32,754.44,755.251
1781549100000,755.251,755.45,754.89,754.94
1781550000000,755.01,755.1,754.71,755.015
1781550900000,755,755.25,754.36,754.36
1781551800000,754.35,754.68,754.12,754.391
1781552700000,754.395,754.94,753.39,754.76
1781553600000,754.385,754.769,754.381,754.515
1781554500000,754.522,754.55,754.181,754.268
1781555400000,754.267,754.596,754.267,754.459
1781556300000,754.455,754.683,754.26,754.31
1781557200000,754.312,754.428,754.312,754.359
1781558100000,754.363,754.496,754.363,754.496
1781559000000,754.497,754.697,754.493,754.658
1781559900000,754.659,754.713,754.545,754.545
1781560800000,754.542,754.683,753.734,753.914
1781561700000,753.919,753.935,753.161,753.532
1781562600000,753.533,753.668,753.392,753.449
1781563500000,753.448,753.66,753.33,753.548
1781564400000,753.55,753.587,753.318,753.369
1781565300000,753.37,753.928,753.306,753.921
1781566200000,753.922,753.924,753.51,753.689
1781567100000,753.694,753.947,753.638,753.921
1781568000000,753.84,754.15,753.56,753.98
1781568900000,754.08,754.21,753.73,754.12
1781569800000,754.11,754.41,753.58,753.72
1781570700000,753.75,753.8,753.2,753.48
1781571600000,753.44,753.8,753.27,753.33
1781572500000,753.56,753.76,753.45,753.57
1781573400000,753.5,753.68,753.39,753.48
1781574300000,753.49,753.74,753.32,753.53
1781575200000,753.53,753.7,753.34,753.44
1781576100000,753.47,753.74,753.47,753.6
1781577000000,753.58,753.92,753.57,753.89
1781577900000,753.86,753.91,753.46,753.64
1781578800000,753.71,753.86,753.59,753.66
1781579700000,753.66,754.18,753.64,754.11
1781580600000,754.07,754.6,754,754.49
1781581500000,754.5,754.5,754.02,754.15
1781582400000,754.25,754.26,754,754.06
1781583300000,754.04,754.11,753.81,753.87
1781584200000,753.86,754.11,753.84,753.87
1781585100000,753.87,753.9,753.42,753.71
1781586000000,753.89,754.32,753.89,754.25
1781586900000,754.27,754.4,754.08,754.12
1781587800000,754.15,754.15,753.53,753.63
1781588700000,753.8,753.89,753.7,753.72
1781589600000,753.72,754.29,753.6,754.17
1781590500000,754.21,754.21,753.9,754.12
1781591400000,754.25,754.28,754,754
1781592300000,754.01,754.16,753.9,754.11
1781593200000,754.15,754.48,754.08,754.25
1781594100000,754.27,754.59,754.27,754.54
1781595000000,754.56,754.65,754.21,754.21
1781595900000,754.13,754.37,753.96,754.29
1781596800000,753.999,754.895,753.999,754.536
1781597700000,754.538,754.708,754.31,754.477
1781598600000,754.482,754.56,753.958,754.17
1781599500000,754.172,754.7,753.983,754.538
1781600400000,754.539,754.729,754.41,754.59
1781601300000,754.592,754.608,754.107,754.118
1781602200000,754.117,754.33,753.932,754.016
1781603100000,754.014,754.049,753.781,753.909
1781604000000,753.91,754.394,753.91,754.394
1781604900000,754.395,754.56,754.173,754.476
1781605800000,754.478,754.669,754.322,754.596
1781606700000,754.583,754.92,754.483,754.88
1781607600000,754.879,755.01,754.696,754.931
1781608500000,754.931,755.35,754.79,755.068
1781609400000,755.07,755.195,754.786,755.187
1781610300000,755.187,755.278,754.95,755.005
1781611200000,755.008,755.35,754.942,755.042
1781612100000,755.043,755.043,754.103,754.4
1781613000000,754.402,754.515,754.177,754.209
1781613900000,754.209,754.678,754.07,754.372
1781614800000,754.37,754.495,753.934,754.266
1781615700000,754.265,754.813,754.073,754.634
1781616600000,754.6,755.39,754.28,754.845
1781617500000,754.85,755.45,754.01,754.091
1781618400000,754.11,755.19,754.08,754.801
1781619300000,754.806,754.98,753.08,753.128
1781620200000,753.05,753.95,752.31,753.318
1781621100000,753.24,753.69,752.465,752.85
1781622000000,752.864,753.72,752.86,753.405
1781622900000,753.405,753.655,752.31,752.646
1781623800000,752.65,753.4,752.4,752.486
1781624700000,752.485,753.42,751.71,752.837
1781625600000,752.73,753.95,752.73,753.73
1781626500000,753.66,753.87,753.16,753.39
1781627400000,753.35,753.4,752.4,753.028
1781628300000,753.024,753.19,752.34,752.686
1781629200000,752.693,752.81,752.23,752.612
1781630100000,752.61,752.7,751.9,752.236
1781631000000,752.225,752.255,751.49,751.944
1781631900000,751.937,752.68,751.7,752.122
1781632800000,752.119,752.285,751.93,752.039
1781633700000,752.038,752.35,751.75,752.143
1781634600000,752.141,752.225,751.74,752.115
1781635500000,752.114,752.23,751.64,751.763
1781636400000,751.74,751.87,750.87,750.981
1781637300000,750.982,751.63,750.09,751.21
1781638200000,751.23,751.325,750.34,750.988
1781639100000,750.61,750.815,749.88,750.57
1781640000000,750.125,750.31,749.743,749.865
1781640900000,749.864,750.057,749.19,749.929
1781641800000,749.927,750.149,749.841,750.1
1781642700000,750.101,750.144,749.799,749.91
1781643600000,749.907,750.14,749.898,750.079
1781644500000,750.079,750.193,750.04,750.193
1781645400000,750.195,750.335,750.174,750.22
1781646300000,750.216,750.32,750.017,750.067
1781647200000,750.067,750.833,750.06,750.727
1781648100000,750.729,751.084,750.665,750.995
1781649000000,750.992,751.219,750.81,750.902
1781649900000,750.91,751.307,750.891,751.256
1781650800000,751.253,751.26,750.679,750.959
1781651700000,750.963,751.01,750.7,750.782
1781652600000,750.783,751.036,750.666,750.794
1781653500000,750.795,750.991,750.571,750.766
1781654400000,750.95,751.51,750.721,751.25
1781655300000,751.32,751.58,751.17,751.42
1781656200000,751.46,751.73,751.33,751.54
1781657100000,751.56,751.58,751.25,751.4
1781658000000,751.4,752.01,751.28,751.89
1781658900000,751.72,752.09,751.68,752.01
1781659800000,752.01,752.18,751.93,751.93
1781660700000,751.96,752.25,751.96,752.21
1781661600000,752.24,752.26,752.05,752.21
1781662500000,752.2,752.23,752.06,752.17
1781663400000,752.09,752.11,751.83,751.99
1781664300000,751.98,751.99,751.8,751.94
1781665200000,751.93,752.19,751.83,751.83
1781666100000,751.8,751.87,751.64,751.82
1781667000000,751.73,752.22,751.73,752.17
1781667900000,752.1,752.36,752.09,752.34
1781668800000,752.33,752.34,752.19,752.19
1781669700000,752.17,752.35,752.17,752.27
1781670600000,752.28,752.28,751.87,751.89
1781671500000,751.89,752.29,751.89,752.29
1781672400000,752.27,752.41,752.23,752.24
1781673300000,752.22,752.36,752.13,752.13
1781674200000,752.12,752.5,752.08,752.27
1781675100000,752.25,752.46,752.07,752.08
1781676000000,752.13,752.46,752.08,752.33
1781676900000,752.34,752.35,751.97,752.01
1781677800000,751.98,752.55,751.92,752.55
1781678700000,752.58,752.64,752.44,752.6
1781679600000,752.62,752.97,752.56,752.87
1781680500000,752.87,752.98,752.08,752.19
1781681400000,752.2,752.55,752.08,752.35
1781682300000,752.38,752.47,752.14,752.44
1781683200000,750.982,752.498,750.982,751.628
1781684100000,751.625,751.925,751.545,751.686
1781685000000,751.68,751.723,751.101,751.172
1781685900000,751.166,751.654,750.912,751.654
1781686800000,751.657,751.773,751.335,751.498
1781687700000,751.499,751.82,751.441,751.735
1781688600000,751.738,751.899,751.29,751.371
1781689500000,751.368,751.409,750.732,750.926
1781690400000,750.921,750.921,750.266,750.623
1781691300000,750.622,751.05,750.406,750.945
1781692200000,750.945,751.247,750.8,751.247
1781693100000,751.249,751.516,750.77,750.889
1781694000000,750.883,751.323,750.692,751.317
1781694900000,751.316,751.46,751.114,751.185
1781695800000,751.184,751.203,750.702,750.717
1781696700000,750.716,750.848,750.115,750.411
1781697600000,750.414,751.077,750.414,751.023
1781698500000,751.026,751.08,750.737,750.769
1781699400000,750.773,751.349,750.773,751.189
1781700300000,751.188,751.32,751.084,751.263
1781701200000,751.256,751.296,750.876,751.147
1781702100000,751.147,751.57,750.93,751.173
1781703000000,751.31,751.53,750.17,751.485
1781703900000,751.55,751.775,749.85,749.921
1781704800000,749.895,751.26,749.645,751.195
1781705700000,751.198,752.14,751.14,751.654
1781706600000,751.667,751.674,749.21,750.171
1781707500000,750.19,750.62,747.87,749.085
1781708400000,749.06,749.75,748.61,749.633
1781709300000,749.63,750.22,749.37,749.951
1781710200000,750,750.79,749.77,750.345
1781711100000,750.35,750.85,750.31,750.602
1781712000000,750.63,750.92,750.34,750.62
1781712900000,750.62,751.03,750.42,750.771
1781713800000,750.767,750.86,749.99,750.218
1781714700000,750.215,750.26,749.91,749.967
1781715600000,749.973,749.973,748.6,749.378
1781716500000,749.32,749.8,749.05,749.677
1781717400000,749.674,749.785,749.09,749.311
1781718300000,749.315,750.88,749.25,750.88
1781719200000,750.83,750.845,743.47,746.68
1781720100000,746.667,748,745.36,746.285
1781721000000,746.21,750.25,745.61,749.92
1781721900000,749.93,749.97,745.13,746.08
1781722800000,746.076,747.12,744.38,746.61
1781723700000,746.594,746.77,741.78,742.09
1781724600000,742.04,742.3,739.25,739.882
1781725500000,740.78,741.27,740.64,741.01
1781726400000,741.006,742.133,740.841,741.009
1781727300000,741.004,742.651,740.832,742.564
1781728200000,742.564,743.208,742.451,742.893
1781729100000,742.892,742.91,742.563,742.799
1781730000000,742.791,742.999,742.768,742.801
1781730900000,742.799,742.799,742.158,742.358
1781731800000,742.359,742.575,742.259,742.47
1781732700000,742.47,742.875,742.47,742.835
1781733600000,742.835,743.853,742.281,743.712
1781734500000,743.71,744.353,743.581,744.085
1781735400000,744.077,744.37,744.029,744.107
1781736300000,744.108,744.414,744.108,744.227
1781737200000,744.228,744.768,744.136,744.768
1781738100000,744.768,745.462,744.753,745.374
1781739000000,745.377,745.485,745.066,745.101
1781739900000,745.107,745.626,745.1,745.626
1781740800000,744.69,746.2,744.59,746.17
1781741700000,746.2,746.34,745.25,745.47
1781742600000,745.56,746.15,745.56,745.93
1781743500000,745.92,745.99,745.19,745.38
1781744400000,745.4,746.32,745.33,746.17
1781745300000,746.23,746.38,745.8,745.99
1781746200000,746.06,746.12,745.68,745.74
1781747100000,745.71,745.86,745.35,745.62
1781748000000,745.6,746.2,745.51,746.07
1781748900000,746.02,746.02,745.73,745.81
1781749800000,745.83,745.99,745.6,745.94
1781750700000,745.97,746.11,745.79,745.94
1781751600000,745.97,746.07,745.55,745.59
1781752500000,745.69,745.97,745.6,745.86
1781753400000,745.99,746.04,745.35,745.43
1781754300000,745.5,745.88,745.46,745.81
1781755200000,745.81,745.9,745.25,745.26
1781756100000,745.21,745.31,744.79,744.98
1781757000000,744.85,744.97,744.36,744.36
1781757900000,744.37,744.85,744.25,744.85
1781758800000,744.79,745.05,744.58,744.77
1781759700000,744.78,745.18,744.78,744.98
1781760600000,745.04,745.33,744.97,745.03
1781761500000,745.02,745.04,744.68,744.98
1781762400000,744.84,745.14,744.47,744.73
1781763300000,744.79,745.35,744.47,745.35
1781764200000,745.28,745.28,744.76,744.93
1781765100000,744.95,745.93,744.94,745.93
1781766000000,745.96,746.13,745.46,745.49
1781766900000,745.45,746.14,745.38,746.11
1781767800000,746.13,746.13,745.69,745.95
1781768700000,745.98,746.21,745.72,746.13
1781769600000,745.718,747,745.718,746.682
1781770500000,746.69,746.743,745.86,745.915
1781771400000,745.907,746.229,745.74,745.95
1781772300000,745.95,746.023,745.015,745.084
1781773200000,745.085,745.549,744.919,745.509
1781774100000,745.511,745.856,745.457,745.614
1781775000000,745.612,746.212,745.523,746.189
1781775900000,746.186,746.573,746.174,746.496
1781776800000,746.504,746.549,746.125,746.528
1781777700000,746.531,746.648,746.23,746.288
1781778600000,746.289,746.5,745.47,745.483
1781779500000,745.479,745.709,745.439,745.524
1781780400000,745.525,745.73,744.335,744.678
1781781300000,744.679,744.701,743.83,744.337
1781782200000,744.336,744.536,743.35,744.068
1781783100000,744.073,744.49,743.94,744.416
1781784000000,744.421,744.91,744.261,744.816
1781784900000,744.814,745.648,744.627,745.597
1781785800000,745.598,746.05,745.49,745.736
1781786700000,745.734,746.537,745.703,746.169
1781787600000,746.166,746.287,745.18,746.243
1781788500000,746.244,747.941,746.233,747.92
1781789400000,747.755,748.18,743.95,744.073
1781790300000,744.088,745.73,743.88,744.616
1781791200000,744.81,746.12,744.42,744.86
1781792100000,744.835,746.9,744.25,745.299
1781793000000,745.34,746.72,744.43,746.154
1781793900000,746.152,747.27,746.11,746.899
1781794800000,746.86,747.002,745.99,746.198
1781795700000,746.12,746.35,745.17,745.274
1781796600000,745.38,745.77,744.34,744.868
1781797500000,744.859,746.52,744.37,746.282
1781798400000,746.279,746.555,745.76,746.173
1781799300000,746.175,746.86,745.95,746.66
1781800200000,746.634,747.26,746.35,746.977
1781801100000,746.99,747.04,746.23,746.588
1781802000000,746.66,747.78,746.41,747.591
1781802900000,747.59,748.13,747.38,747.513
1781803800000,747.522,747.96,747.24,747.422
1781804700000,747.408,747.53,746.97,747.042
1781805600000,747.02,747.09,746.53,746.691
1781806500000,746.68,746.89,746.41,746.51
1781807400000,746.52,746.575,746.16,746.479
1781808300000,746.52,746.96,746.33,746.413
1781809200000,746.4,746.45,745.19,745.51
1781810100000,745.52,746.215,745.28,746.01
1781811000000,746.035,747.35,745.62,747.3
1781811900000,747.88,748.11,746.61,746.61
1781812800000,747.31,747.982,746.52,747.952
1781813700000,747.951,748.46,747.74,747.985
1781814600000,747.986,748.138,747.505,747.565
1781815500000,747.567,747.669,747.358,747.669
1781816400000,747.675,748.146,747.675,747.984
1781817300000,747.982,748.028,747.946,747.998
1781818200000,748,748.158,747.996,748.09
1781819100000,748.087,748.087,747.896,747.955
1781820000000,747.955,748.15,747.498,747.567
1781820900000,747.568,747.573,746.817,746.914
1781821800000,746.919,746.939,746.409,746.517
1781822700000,746.516,746.712,746.353,746.47
1781823600000,746.472,746.754,746.414,746.543
1781824500000,746.544,746.929,746.515,746.792
1781825400000,746.791,747.005,746.687,746.9
1781826300000,746.901,747.135,746.812,746.934
1781827200000,746.932,746.932,746.926,746.926
1782086400000,746.96,746.96,741.86,743.64
1782087300000,743.66,744.65,743.11,744.65
1782088200000,744.65,744.79,743.9,744.56
1782089100000,744.71,745.31,744.65,745.23
1782090000000,745.25,746,745.25,745.72
1782090900000,745.65,745.94,745.41,745.86
1782091800000,745.74,745.9,745.46,745.74
1782092700000,745.75,745.79,745.22,745.22
1782093600000,745.33,745.38,744.81,744.81
1782094500000,744.81,744.99,744.52,744.54
1782095400000,744.56,744.67,744.27,744.38
1782096300000,744.37,744.39,744.09,744.25
1782097200000,744.16,744.18,743.79,743.91
1782098100000,744.03,744.39,743.99,744.33
1782099000000,744.34,744.53,744.28,744.37
1782099900000,744.4,744.53,743.7,743.78
1782100800000,743.73,743.98,743.62,743.68
1782101700000,743.69,743.76,743.3,743.46
1782102600000,743.44,743.57,743.01,743.24
1782103500000,743.35,743.83,743.25,743.8
1782104400000,743.8,744.99,743.71,744.9
1782105300000,744.91,744.96,744.58,744.85
1782106200000,744.77,744.92,744.49,744.77
1782107100000,744.76,745.05,744.65,744.94
1782108000000,744.96,745.64,744.93,745.64
1782108900000,745.52,746.29,745.52,746.28
1782109800000,746.13,746.44,745.72,746.37
1782110700000,746.4,746.55,746.28,746.45
1782111600000,746.52,746.91,746.39,746.68
1782112500000,746.66,747.01,746.66,746.88
1782113400000,746.89,746.98,746.47,746.5
1782114300000,746.49,746.76,746.41,746.54
1782115200000,746.879,746.879,745.584,745.936
1782116100000,745.938,746.039,745.64,745.8
1782117000000,745.798,746.208,745.717,746.208
1782117900000,746.209,746.328,745.946,746.272
1782118800000,746.275,746.739,746.036,746.542
1782119700000,746.543,746.615,746.351,746.374
1782120600000,746.373,746.487,745.953,746.034
1782121500000,746.035,746.115,745.829,745.898
1782122400000,745.894,746.8,745.872,746.674
1782123300000,746.669,746.777,746.591,746.63
1782124200000,746.54,746.611,746.077,746.282
1782125100000,746.279,746.532,746.166,746.235
1782126000000,746.239,747.92,746.239,746.612
1782126900000,746.613,746.734,746.492,746.521
1782127800000,746.519,747,746.492,746.687
1782128700000,746.685,746.842,746.403,746.742
1782129600000,746.753,747.334,746.743,747.33
1782130500000,747.326,747.79,747.158,747.79
1782131400000,747.788,747.952,747.405,747.436
1782132300000,747.438,747.49,747.154,747.188
1782133200000,747.19,748.069,747.19,747.946
1782134100000,747.952,748.193,747.59,747.68
1782135000000,747.65,749.88,747.56,748.183
1782135900000,748.205,749.85,748.03,749.846
1782136800000,749.89,750.15,749.215,749.293
1782137700000,749.28,749.3,746.46,746.573
1782138600000,746.565,746.565,744.45,744.547
1782139500000,744.5,745.29,743.15,744.716
1782140400000,744.717,745.39,744.06,744.48
1782141300000,744.416,745.09,743.88,744.343
1782142200000,744.363,746.15,744.24,745.901
1782143100000,745.901,746.28,744.33,744.599
1782144000000,744.63,744.97,743.61,744.944
1782144900000,744.946,745.36,744.32,744.793
1782145800000,744.786,744.86,744.06,744.389
1782146700000,744.388,745.3,744.17,744.943
1782147600000,744.948,745,743.975,744.527
1782148500000,744.539,745.26,744.539,744.745
1782149400000,744.741,744.83,743.97,744.37
1782150300000,744.381,745.335,744.26,744.721
1782151200000,744.7,745.03,744.327,744.973
1782152100000,744.99,745.74,744.92,745.13
1782153000000,745.13,745.54,744.51,744.515
1782153900000,744.512,744.86,743.62,743.701
1782154800000,743.76,744.365,743.31,743.911
1782155700000,743.92,744.19,743.41,743.454
1782156600000,743.475,743.98,743.13,743.211
1782157500000,744.3,744.84,744.05,744.45
1782158400000,744.476,745.01,744.456,744.9
1782159300000,744.898,745.04,744.521,744.547
1782160200000,744.549,744.669,744.48,744.665
1782161100000,744.665,744.665,744.455,744.491
1782162000000,744.491,744.601,744.465,744.487
1782162900000,744.486,744.54,744.411,744.535
1782163800000,744.535,744.535,744.525,744.53
1782164700000,744.53,744.584,744.506,744.584
1782165600000,744.584,745.103,744.367,744.554
1782166500000,744.558,744.758,744.413,744.469
1782167400000,744.464,744.47,743.51,743.53
1782168300000,743.531,743.87,743.46,743.75
1782169200000,743.748,743.82,743.373,743.423
1782170100000,743.422,743.644,743.178,743.63
1782171000000,743.629,743.673,743.42,743.624
1782171900000,743.624,743.703,743.24,743.675
1782172800000,743.78,744.56,743,743.05
1782173700000,743.13,743.33,742.7,743.07
1782174600000,743.09,744.65,742.91,744.65
1782175500000,744.65,745.01,744.34,744.55
1782176400000,744.7,744.8,744.23,744.27
1782177300000,744.24,744.26,743.8,744.15
1782178200000,744.12,744.12,742.7,742.7
1782179100000,742.77,743.08,741.8,742.78
1782180000000,742.81,743.01,741.99,742.43
1782180900000,742.68,742.79,742.32,742.51
1782181800000,742.57,742.58,742.14,742.29
1782182700000,742.25,742.29,741.69,741.86
1782183600000,741.75,741.91,741.05,741.23
1782184500000,741.19,741.43,741.07,741.3
1782185400000,741.26,741.26,740.25,740.69
1782186300000,740.55,741.48,740.29,741.48
1782187200000,741.48,741.75,740.67,740.79
1782188100000,740.64,740.64,740.01,740.33
1782189000000,740.13,740.16,739.7,739.75
1782189900000,739.82,739.89,738.77,738.94
1782190800000,739.04,739.36,738.89,738.95
1782191700000,738.93,739.06,738.06,738.28
1782192600000,738.25,738.34,737.4,737.96
1782193500000,738.04,738.21,737.37,737.46
1782194400000,737.51,737.83,736.96,737.2
1782195300000,737.34,737.44,735.8,736.06
1782196200000,736.03,736.57,735.54,735.65
1782197100000,735.78,736.37,735.17,735.36
1782198000000,735.46,736.25,734.91,736
1782198900000,735.92,735.94,734.76,735.33
1782199800000,735.3,735.46,734.48,734.58
1782200700000,734.76,734.78,733.62,734.12
1782201600000,742.068,742.068,733.188,733.67
1782202500000,733.666,733.685,732.942,733.143
1782203400000,733.149,734.541,733.149,734.129
1782204300000,734.13,734.131,733.105,733.644
1782205200000,733.667,734.612,733.648,734.521
1782206100000,734.517,735.277,734.24,735.153
1782207000000,735.154,735.167,734.568,734.751
1782207900000,734.747,735.246,734.574,735.088
1782208800000,735.11,735.62,734.807,734.931
1782209700000,734.933,735.59,734.694,734.694
1782210600000,734.692,734.692,733.48,733.955
1782211500000,733.945,734.458,733.854,734.386
1782212400000,734.44,734.986,734.037,734.979
1782213300000,734.973,735.49,734.335,734.721
1782214200000,734.724,735.683,734.581,735.68
1782215100000,735.68,736.13,735.406,735.898
1782216000000,735.895,736.21,735.291,735.482
1782216900000,735.484,735.512,734.171,734.537
1782217800000,734.536,734.817,733.682,734.237
1782218700000,734.229,734.322,733.858,734.1
1782219600000,734.102,734.361,733.82,734.197
1782220500000,734.201,734.211,733.26,733.675
1782221400000,733.74,735.36,732.31,734.894
1782222300000,734.884,737.195,734.73,737.121
1782223200000,737.135,739.01,737.01,738.933
1782224100000,738.89,739.6,738.14,738.809
1782225000000,738.9,739.11,737.215,737.4
1782225900000,737.348,737.95,736.51,736.94
1782226800000,736.959,737.38,735.38,736.075
1782227700000,736.13,736.23,734.28,734.557
1782228600000,734.59,735.52,734.24,735.01
1782229500000,734.98,736.21,734.8,735.965
1782230400000,735.99,737.63,735.89,737.479
1782231300000,737.5,737.62,736.61,737.424
1782232200000,737.423,737.99,737.01,737.843
1782233100000,737.86,737.94,736.93,737.466
1782234000000,737.43,737.65,736.56,737.382
1782234900000,737.384,738.1,736.95,737.563
1782235800000,737.57,737.99,737.075,737.2
1782236700000,737.19,737.45,735.75,735.822
1782237600000,735.816,736.58,735.38,735.798
1782238500000,735.78,736.02,735.225,735.412
1782239400000,735.38,735.47,733.79,733.823
1782240300000,733.83,734.5,733.32,734.042
1782241200000,734.05,735.59,733.81,734.441
1782242100000,734.438,735.27,733.7,735.034
1782243000000,735,735.21,734.135,734.52
1782243900000,734.51,735.56,733.53,733.55
1782244800000,733.978,734.419,733.51,734.266
1782245700000,734.257,734.475,733.916,734.384
1782246600000,734.386,734.58,734.148,734.353
1782247500000,734.351,734.895,734.261,734.856
1782248400000,734.858,734.986,734.408,734.408
1782249300000,734.397,734.68,734.346,734.678
1782250200000,734.679,734.786,734.651,734.725
1782251100000,734.725,734.999,734.725,734.938
1782252000000,734.95,735.417,734.712,735.175
1782252900000,735.168,735.396,733.963,733.963
1782253800000,733.957,734.277,733.28,733.356
1782254700000,733.364,733.94,733.364,733.858
1782255600000,733.857,733.857,732.493,733.711
1782256500000,733.697,734.143,733.654,733.971
1782257400000,733.973,734.046,733.168,733.686
1782258300000,733.688,735.344,733.688,734.996
1782259200000,735.001,736.41,734.92,735.84
1782260100000,735.91,736.3,735.41,735.86
1782261000000,735.99,736.28,735.81,736.07
1782261900000,736.01,736.25,735.39,735.79
1782262800000,735.84,735.9,735.08,735.69
1782263700000,735.51,735.74,734.75,735.5
1782264600000,735.58,735.86,735.3,735.65
1782265500000,735.58,735.83,735.39,735.58
1782266400000,735.51,735.75,735.26,735.51
1782267300000,735.47,735.48,734.8,735.25
1782268200000,735.33,735.43,734.39,734.41
1782269100000,734.54,734.54,733.46,733.5
1782270000000,733.58,735.05,733.24,735.05
1782270900000,734.9,735.24,734.13,735.24
1782271800000,735.28,735.58,735.1,735.24
1782272700000,735.22,735.24,734.91,735.24
1782273600000,735.26,735.26,734.35,734.35
1782274500000,734.58,734.6,733.99,734.18
1782275400000,734.39,735.48,734.39,735.31
1782276300000,735.35,735.63,735.27,735.34
1782277200000,735.44,735.79,735.19,735.59
1782278100000,735.64,736.16,735.5,735.88
1782279000000,735.88,736.35,735.83,735.95
1782279900000,735.81,735.89,735.47,735.47
1782280800000,735.48,735.74,735.09,735.74
1782281700000,735.68,735.68,735.01,735.07
1782282600000,735.31,735.75,735.31,735.44
1782283500000,735.3,735.59,735.29,735.41
1782284400000,735.41,735.46,734.72,735.41
1782285300000,735.03,735.49,734.94,734.94
1782286200000,735.08,735.47,734.46,735.47
1782287100000,735.53,735.7,734.78,734.78
1782288000000,734.98,735.654,734.749,735.615
1782288900000,735.616,735.728,735.096,735.235
1782289800000,735.244,735.744,735.2,735.372
1782290700000,735.37,735.373,734.991,735.2
1782291600000,735.222,735.653,734.911,735.621
1782292500000,735.617,735.617,734.839,735.074
1782293400000,735.073,735.27,734.57,734.648
1782294300000,734.64,735.293,734.446,735.209
1782295200000,735.208,735.234,734.742,735.234
1782296100000,735.236,735.439,735.171,735.434
1782297000000,735.443,736.21,735.443,736.023
1782297900000,736.018,736.018,735.221,735.318
1782298800000,735.314,736,735.255,735.255
1782299700000,735.254,735.317,734.869,735.204
1782300600000,735.206,736.191,735.206,735.957
1782301500000,735.955,736.99,735.902,736.781
1782302400000,736.795,736.816,736.309,736.477
1782303300000,736.473,737.09,736.144,736.933
1782304200000,736.93,737.029,735.753,735.853
1782305100000,735.855,735.939,735.286,735.475
1782306000000,735.491,735.87,734.689,734.718
1782306900000,734.723,735.317,734.38,735.158
1782307800000,735.18,737.26,734.39,735.758
1782308700000,735.75,737.63,734.31,735.95
1782309600000,736.04,736.43,735.17,735.516
1782310500000,735.55,736.95,734.12,736.444
1782311400000,736.449,737.66,736.21,737.63
1782312300000,737.62,739.715,737.52,739.637
1782313200000,739.71,739.93,737.99,738.574
1782314100000,738.563,739.64,738.17,739.568
1782315000000,739.66,739.925,738.19,738.392
1782315900000,738.485,739.22,737.83,738.353
1782316800000,738.351,738.87,737.82,738.447
1782317700000,738.47,738.8,737.99,738.088
1782318600000,738.1,738.1,735.97,736.333
1782319500000,736.328,736.81,735.39,735.68
1782320400000,735.7,736.45,734.63,734.803
1782321300000,734.801,735.16,732.06,732.184
1782322200000,732.185,732.875,731.31,731.931
1782323100000,731.93,733.13,731.55,731.85
1782324000000,731.9,733.35,731.77,732.878
1782324900000,732.878,734.64,732.878,734.332
1782325800000,734.34,734.53,732.89,733.187
1782326700000,733.24,733.24,731.25,731.842
1782327600000,731.98,732.94,730.85,731.636
1782328500000,731.636,732.29,731.23,731.985
1782329400000,732,732.18,730.92,731.496
1782330300000,732.17,733.33,732.17,733.01
1782331200000,732.986,736.7,732.76,736.575
1782332100000,736.567,737.518,736.29,737.286
1782333000000,737.277,738.1,736.99,738.084
1782333900000,738.081,738.31,737.645,737.83
1782334800000,737.835,737.904,737.127,737.164
1782335700000,737.165,737.938,737.165,737.925
1782336600000,737.926,737.964,737.422,737.65
1782337500000,737.639,737.98,737.59,737.808
1782338400000,737.81,738.688,737.448,737.494
1782339300000,737.495,737.683,737.067,737.067
1782340200000,737.065,737.279,736.897,737.145
1782341100000,737.145,737.202,736.69,736.69
1782342000000,736.69,736.832,736.459,736.525
1782342900000,736.525,737.033,736.451,736.83
1782343800000,736.831,737.496,736.831,737.401
1782344700000,737.4,737.711,737,737.19
1782345600000,737.191,737.69,736.79,737.26
1782346500000,737.45,737.62,736.91,737.03
1782347400000,737,737.04,735.87,736.06
1782348300000,736.11,736.36,735.7,735.82
1782349200000,735.86,736.28,735.62,735.85
1782350100000,735.95,736.31,735.79,736.04
1782351000000,736.03,736.96,736.03,736.46
1782351900000,736.38,736.89,736.35,736.41
1782352800000,736.29,736.78,735.78,735.94
1782353700000,735.93,736.55,735.69,736.51
1782354600000,736.48,736.7,736.28,736.36
1782355500000,736.26,736.7,736.24,736.7
1782356400000,736.73,737.09,736.68,736.71
1782357300000,736.76,737.14,736.46,736.95
1782358200000,737.12,737.25,736.81,736.83
1782359100000,736.87,737.26,736.87,737.26
1782360000000,737.28,737.3,736.92,736.92
1782360900000,736.88,737.01,736.72,736.74
1782361800000,736.73,737,736.39,736.98
1782362700000,737.01,737.1,736.74,736.76
1782363600000,736.84,737.34,736.84,737.3
1782364500000,737.35,737.76,737.21,737.7
1782365400000,737.71,737.98,737.66,737.85
1782366300000,737.82,737.84,737.46,737.59
1782367200000,737.66,738.2,737.49,738.2
1782368100000,738.11,738.52,738.07,738.32
1782369000000,738.31,738.54,738.19,738.31
1782369900000,738.3,738.55,738.07,738.16
1782370800000,738.18,738.76,738.18,738.53
1782371700000,738.6,739.22,738.6,738.98
1782372600000,738.93,739.23,738.75,739.14
1782373500000,739.1,739.21,738.88,739.21
1782374400000,739.26,739.26,739.26,739.26
1782375300000,738.517,738.838,738.517,738.774
1782376200000,738.767,738.832,738.506,738.506
1782377100000,738.498,738.498,737.917,738.045
1782378000000,738.043,738.566,738.01,738.345
1782378900000,738.346,738.504,738.03,738.217
1782379800000,738.214,738.591,738.2,738.48
1782380700000,738.481,738.746,738.384,738.384
1782381600000,738.383,738.89,738.341,738.84
1782382500000,738.836,738.954,738.695,738.894
1782383400000,738.907,739,738.474,738.474
1782384300000,738.472,738.85,738.331,738.642
1782385200000,738.651,738.964,738.357,738.377
1782386100000,738.376,738.401,737.621,737.684
1782387000000,737.69,738.2,737.56,738.115
1782387900000,738.111,738.309,737.726,737.951
1782388800000,737.949,738.584,737.843,738.009
1782389700000,738.012,738.21,737.625,737.786
1782390600000,737.787,739.86,737.786,738.916
1782391500000,738.909,739.498,738.83,739.008
1782392400000,739.002,739.2,738.45,738.641
1782393300000,738.648,739.108,738.34,738.951
1782394200000,738.9,739.32,734.04,734.257
1782395100000,734.41,734.77,729.63,729.86
1782396000000,729.88,735.8,729.79,734.12
1782396900000,734.14,736.5,733.2,735.554
1782397800000,735.46,737.1,734.76,735.369
1782398700000,735.375,737.8,734.775,735.307
1782399600000,735.25,736.48,732.63,732.899
1782400500000,733,734.83,731.86,734.171
1782401400000,734.3,735.44,733.93,734.757
1782402300000,734.754,735.765,734.01,734.147
1782403200000,734.15,736.12,733.68,735.691
1782404100000,735.74,736.23,733.98,734.206
1782405000000,734.2,734.22,732.15,732.29
1782405900000,732.25,733.07,731.51,732.51
1782406800000,732.517,733.72,732.17,733.227
1782407700000,733.228,734.22,732.12,733.25
1782408600000,733.28,733.77,732.55,732.598
1782409500000,732.608,733.57,731.65,733.422
1782410400000,733.47,733.96,731.39,733.222
1782411300000,733.226,736.05,732.99,735.81
1782412200000,735.816,735.821,733.66,733.912
1782413100000,733.88,734.34,732.69,733.89
1782414000000,733.93,733.93,732.34,732.37
1782414900000,732.31,732.86,731.89,732.474
1782415800000,732.42,732.461,731.61,732.032
1782416700000,731.99,733.39,731.33,733.34
1782417600000,732.584,735.386,732.584,734.263
1782418500000,734.263,735.74,734.263,735.15
1782419400000,735.149,735.157,734.523,734.523
1782420300000,734.522,734.552,733.888,733.9
1782421200000,733.879,733.968,733.727,733.968
1782422100000,733.97,733.975,733.851,733.967
1782423000000,733.966,733.98,733.603,733.628
1782423900000,733.627,733.644,733.425,733.5
1782424800000,733.528,733.954,732.295,732.624
1782425700000,732.622,733.008,732.281,732.281
1782426600000,732.279,732.755,732.231,732.755
1782427500000,732.756,733.099,732.544,733.075
1782428400000,733.074,733.828,733.02,733.828
1782429300000,733.832,735.806,733.747,735.498
1782430200000,735.49,735.542,733.579,733.613
1782431100000,733.613,733.613,732.317,732.814
1782432000000,732.832,734.13,732.832,734
1782432900000,733.97,734.15,732.86,733.47
1782433800000,733.61,733.65,732.95,733.3
1782434700000,733.33,733.66,732.64,732.86
1782435600000,733.01,733.43,731.93,732.87
1782436500000,733.37,733.55,732.46,732.46
1782437400000,732.53,732.53,731.01,731.11
1782438300000,731.01,731.49,730.3,730.76
1782439200000,730.86,730.9,730.06,730.13
1782440100000,730.22,730.48,729.49,729.74
1782441000000,729.8,729.87,728.73,729.05
1782441900000,729.09,729.09,727.64,728.02
1782442800000,727.99,727.99,727.45,727.85
1782443700000,727.83,727.95,727.43,727.72
1782444600000,727.68,727.89,726.65,727.89
1782445500000,727.81,729.17,727.62,729.14
1782446400000,729.22,729.39,728.71,729.01
1782447300000,729.01,729.34,728.03,728.5
1782448200000,728.51,728.84,727.81,728.13
1782449100000,728.21,728.21,727.48,727.56
1782450000000,727.7,728.49,727.34,728.49
1782450900000,728.51,728.87,728.23,728.8
1782451800000,728.84,729.15,727.67,727.67
1782452700000,727.67,728.43,727.45,728.13
1782453600000,728.15,728.48,727.84,728.44
1782454500000,728.61,729.51,728.57,729.51
1782455400000,729.51,730.38,729.31,730.36
1782456300000,730.36,731.75,730.33,731.21
1782457200000,731.32,731.39,730.39,731.02
1782458100000,731.23,731.76,731.02,731.7
1782459000000,731.74,732.18,731.48,731.54
1782459900000,731.47,731.97,731.28,731.96
1782460800000,732.25,732.757,730.925,731.64
1782461700000,731.4,731.706,730.922,731.265
1782462600000,731.39,731.585,730.576,731.39
1782463500000,730.575,730.618,729.135,729.712
1782464400000,729.3,729.754,729.156,729.63
1782465300000,728.9,729.762,728.851,729.28
1782466200000,729,730.34,728.889,730.32
1782467100000,729.92,730.33,729.251,730.13
1782468000000,728.98,729.64,728.53,728.62
1782468900000,729.5,729.695,728.898,729.15
1782469800000,729.27,729.655,729.2,729.27
1782470700000,729.286,729.628,729.165,729.398
1782471600000,729.405,730.223,729.306,729.906
1782472500000,729.52,729.901,729.269,729.52
1782473400000,729.55,729.854,729.362,729.7
1782474300000,729.73,729.74,728.671,729.33
1782475200000,729.53,730.93,729.188,730.92
1782476100000,730.51,731.151,729.892,729.96
1782477000000,730.54,730.56,729.263,729.29
1782477900000,729.13,729.485,728.96,729.31
1782478800000,729.13,729.305,728.268,728.49
1782479700000,728.591,729.05,727.44,728.888
1782480600000,728.75,729.64,726.87,729.38
1782481500000,729.095,731.31,727.98,730.82
1782482400000,730.86,733.42,730.66,733.21
1782483300000,733.2,734.22,732.45,733.5
1782484200000,733.49,733.89,731.64,732.128
1782485100000,732.21,733.37,731.9,732.48
1782486000000,732.47,733.38,731.99,732.07
1782486900000,732.1,734.68,731.68,734.62
1782487800000,734.74,736.5,734.4,736.19
1782488700000,736.25,736.42,734.19,735.37
1782489600000,735.37,735.51,733.84,734.09
1782490500000,734.12,734.63,732.77,733.42
1782491400000,733.51,734.76,733.364,734.03
1782492300000,734.05,734.83,733.87,734.469
1782493200000,734.465,735.84,734.22,735.075
1782494100000,735.115,735.15,733.79,734.71
1782495000000,734.76,735.35,733.61,734.26
1782495900000,734.26,734.41,733.48,733.68
1782496800000,733.68,734.58,733.67,734.004
1782497700000,734.05,734.16,732.75,732.84
1782498600000,732.83,733.66,732.73,732.8
1782499500000,732.78,732.859,731.29,731.62
1782500400000,731.64,732.795,731.34,732.79
1782501300000,732.76,732.97,731.83,732.167
1782502200000,732.22,733.345,731.795,733.27
1782503100000,733.26,733.84,716.57,729.02
1782504000000,729.21,732.33,729.21,732.15
1782504900000,732.19,732.865,732.01,732.51
1782505800000,732.33,732.508,730.677,731.02
1782506700000,730.62,731.309,730.51,730.97
1782507600000,730.59,730.725,730.582,730.69
1782508500000,730.97,731,730.481,730.71
1782509400000,730.661,731.155,730.566,730.601
1782510300000,730.601,731.45,730.6,731.292
1782511200000,731.291,731.615,731.231,731.615
1782512100000,731.615,731.67,731.309,731.463
1782513000000,731.462,731.533,731.056,731.315
1782513900000,731.315,731.34,731.195,731.199
1782514800000,731.209,731.32,731.151,731.152
1782515700000,731.151,731.261,731.075,731.203
1782516600000,731.198,731.372,730.93,731.354
1782517500000,731.25,731.394,731.131,731.25
1782518400000,731.227,731.227,731.227,731.227
1782691200000,734.44,735.72,733.98,734.5
1782692100000,734.47,734.49,733.11,733.11
1782693000000,733.17,734.48,733.08,734.32
1782693900000,734.33,734.78,733.2,734.69
1782694800000,734.69,734.82,733.96,734.48
1782695700000,734.43,734.49,733.59,734.19
1782696600000,733.7,735.09,733.69,734.88
1782697500000,734.76,734.96,734.31,734.69
1782698400000,734.65,734.77,733.05,733.07
1782699300000,733.2,734.87,733,734.83
1782700200000,734.8,735.16,734.67,734.99
1782701100000,735.05,735.11,734.83,734.85
1782702000000,735.09,735.79,735.09,735.35
1782702900000,735.22,735.43,735.14,735.3
1782703800000,735.29,735.3,734.31,734.61
1782704700000,734.5,736.06,734.5,735.87
1782705600000,735.78,735.78,735.31,735.32
1782706500000,735.31,735.6,735.01,735.25
1782707400000,735.23,735.38,734.82,734.95
1782708300000,734.97,735.36,734.85,735.07
1782709200000,734.9,735.15,734.78,735.11
1782710100000,735.34,735.49,734.97,735.06
1782711000000,735.23,736.14,735.19,736.05
1782711900000,736.09,736.56,735.88,736.51
1782712800000,736.57,736.59,735.4,735.52
1782713700000,735.58,736.07,735.5,735.93
1782714600000,735.9,736.28,735.87,735.98
1782715500000,736.02,736.03,735.25,735.42
1782716400000,735.41,735.43,734.51,734.96
1782717300000,735.26,736,735.26,735.82
1782718200000,735.8,736.07,735.48,735.88
1782719100000,735.79,736.02,731.226,735.8
1782720000000,736.02,736.678,732.011,736.49
1782720900000,736.91,737.045,736.349,736.41
1782721800000,736.58,736.913,736.208,736.32
1782722700000,736.44,736.485,735.88,735.9
1782723600000,735.925,736.223,735.85,736.223
1782724500000,736.41,736.627,736.062,736.56
1782725400000,736.66,736.7,736.222,736.7
1782726300000,735.99,736.444,735.612,736.29
1782727200000,736.63,736.869,736.272,736.63
1782728100000,736.35,736.727,736.106,736.43
1782729000000,736.77,737.23,736.73,737.11
1782729900000,736.94,737.464,736.66,737.34
1782730800000,737.38,737.827,737.068,737.18
1782731700000,737.089,737.184,736.633,737.032
1782732600000,737.63,738,736.856,737.39
1782733500000,737.4,737.602,737.058,737.25
1782734400000,737.06,737.468,736.95,737.35
1782735300000,737.49,737.517,737.179,737.35
1782736200000,737.22,737.469,736.33,736.51
1782737100000,736.84,737.167,736.589,737.05
1782738000000,737.26,737.584,737.108,737.5
1782738900000,737.522,737.7,736.36,736.493
1782739800000,736.55,739.25,735.39,739.215
1782740700000,739.26,739.87,736.44,736.82
1782741600000,736.96,737.075,732.81,732.81
1782742500000,732.59,736.17,732.12,736.07
1782743400000,735.98,737.8,735.945,737.094
1782744300000,737.025,738.31,735.88,737.819
1782745200000,737.89,737.99,736.51,737.426
1782746100000,737.5,737.79,736.4,737.747
1782747000000,737.79,738.48,737.22,738.448
1782747900000,738.441,738.56,737.75,738.511
1782748800000,738.6,739.13,738.455,738.48
1782749700000,738.5,738.86,738.28,738.33
1782750600000,738.39,738.59,737.985,738.52
1782751500000,738.5,738.95,738.19,738.68
1782752400000,738.69,740.19,738.681,739.96
1782753300000,740.03,740.37,739.46,740.15
1782754200000,740.13,740.61,739.98,740.29
1782755100000,740.3,740.82,740.11,740.41
1782756000000,740.43,740.78,740.23,740.58
1782756900000,740.56,740.62,740.115,740.14
1782757800000,740.24,741.04,740.17,740.96
1782758700000,741,741.18,740.57,740.685
1782759600000,740.695,740.955,740.5,740.59
1782760500000,740.58,741.13,740.33,740.88
1782761400000,740.88,741,740.44,740.625
1782762300000,740.65,741.54,740.22,740.89
1782763200000,740.82,741.338,740.37,740.82
1782764100000,740.954,741.11,740.84,740.885
1782765000000,740.8,740.883,740.46,740.54
1782765900000,740.35,740.702,740.35,740.7
1782766800000,740.7,740.835,740.586,740.64
1782767700000,740.7,740.73,740.647,740.7
1782768600000,740.73,740.743,740.49,740.49
1782769500000,740.744,740.793,740.65,740.749
1782770400000,740.733,740.855,740.299,740.588
1782771300000,740.59,740.83,740.512,740.581
1782772200000,740.582,740.832,740.346,740.741
1782773100000,740.52,740.779,740.51,740.51
1782774000000,740.81,740.997,740.55,740.98
1782774900000,740.775,740.88,740.701,740.855
1782775800000,740.841,740.987,740.746,740.827
1782776700000,740.45,740.851,740.439,740.45
1782777600000,740.786,741.28,740.43,741.1
1782778500000,741.19,741.34,740.2,740.2
1782779400000,740.31,740.31,739.51,739.84
1782780300000,739.76,740.59,739.7,740.48
1782781200000,740.68,740.69,739.76,739.85
1782782100000,739.98,741.12,739.85,741.12
1782783000000,741.15,741.39,740.53,740.98
1782783900000,741.09,741.2,740.74,741.03
1782784800000,741.08,741.08,740.51,740.52
1782785700000,740.46,740.88,740.2,740.74
1782786600000,740.74,740.89,740.53,740.59
1782787500000,740.56,740.78,740.44,740.44
1782788400000,740.42,740.83,740.4,740.83
1782789300000,740.82,741.01,740.75,741
1782790200000,741.07,741.75,740.99,741.71
1782791100000,741.67,741.98,741.49,741.51
1782792000000,741.49,742.02,741.49,742.02
1782792900000,741.97,742.22,741.93,742.15
1782793800000,742.2,742.64,742.12,742.59
1782794700000,742.64,742.68,742.35,742.39
1782795600000,742.44,742.76,742.4,742.65
1782796500000,742.62,742.71,742.16,742.19
1782797400000,742.14,742.21,741.73,742.11
1782798300000,742.03,742.43,742.01,742.33
1782799200000,742.32,742.47,742.09,742.24
1782800100000,742.04,742.16,741.69,742.16
1782801000000,741.97,742.02,741.58,741.7
1782801900000,741.65,742.21,741.65,742.13
1782802800000,742.17,742.57,741.92,741.92
1782803700000,742.03,742.27,741.85,742.2
1782804600000,742.19,742.34,742.01,742.01
1782805500000,742.01,742.01,740.771,741.58
1782806400000,741.47,742.154,740.884,742.07
1782807300000,742.06,742.167,741.271,742.06
1782808200000,742.17,742.27,740.852,741.085
1782809100000,741.085,741.509,740.727,741.476
1782810000000,741.477,741.714,741.36,741.632
1782810900000,741.8,741.828,741.576,741.8
1782811800000,741.571,741.798,741.16,741.736
1782812700000,741.734,742.05,741.726,741.867
1782813600000,741.865,742.1,741.674,741.95
1782814500000,741.96,742.124,741.892,741.96
1782815400000,741.93,742.119,741.736,741.93
1782816300000,742.62,742.67,741.836,742.67
1782817200000,742.57,742.95,742.398,742.91
1782818100000,742.96,742.96,742.195,742.37
1782819000000,742.43,742.737,742.252,742.71
1782819900000,742.89,742.936,742.313,742.39
1782820800000,741.82,742.362,741.466,741.61
1782821700000,741.39,741.563,740.92,741.03
1782822600000,740.71,741.349,740.539,741.27
1782823500000,741.22,741.451,740.97,741.04
1782824400000,741,741.205,740.76,741.19
1782825300000,740.89,741.27,740.559,741.27
1782826200000,741.27,742.31,740.88,741.91
1782827100000,741.88,743.94,741.68,743.91
1782828000000,743.88,744.52,742.87,743.58
1782828900000,743.61,744.56,743.32,744.435
1782829800000,744.46,745.36,744.18,744.79
1782830700000,744.77,744.79,742.94,743.31
1782831600000,743.32,744.91,743.25,744.81
1782832500000,744.81,745.35,744.4,745.28
1782833400000,745.28,745.47,744.79,745.03
1782834300000,745.05,746,745.032,745.77
1782835200000,745.78,746.39,745.77,746.29
1782836100000,746.26,746.6,746.21,746.29
1782837000000,746.29,746.59,746.11,746.5
1782837900000,746.56,747.03,746.48,746.79
1782838800000,746.78,747.14,746.585,746.6
1782839700000,746.585,746.895,746.37,746.5
1782840600000,746.53,746.68,746.14,746.61
1782841500000,746.62,746.64,746.31,746.49
1782842400000,746.48,746.84,746.33,746.785
1782843300000,746.775,747.075,746.68,746.77
1782844200000,746.83,747.05,746.58,746.99
1782845100000,747.01,747.45,746.87,747.12
1782846000000,747.13,747.78,747.11,747.73
1782846900000,747.72,748.01,747.31,747.42
1782847800000,747.43,747.5,746.745,747.13
1782848700000,747.12,747.86,746.36,746.36
1782849600000,746.42,746.84,745.9,746.13
1782850500000,746.04,746.339,745.82,745.82
1782851400000,745.88,745.976,745.745,745.75
1782852300000,745.58,745.887,745.56,745.86
1782853200000,745.884,745.924,745.884,745.905
1782854100000,745.905,746.108,745.905,746.04
1782855000000,746.039,746.045,745.785,745.785
1782855900000,745.8,745.999,745.785,745.991
1782856800000,746.04,746.344,745.957,746.22
1782857700000,746.43,746.672,746.281,746.61
1782858600000,746.49,746.66,746.347,746.49
1782859500000,746.401,746.401,745.901,745.984
1782860400000,745.91,746.209,745.91,745.91
1782861300000,746,746.275,745.972,746
1782862200000,746.24,746.372,746.069,746.26
1782863100000,746,746.4,745.942,746
1782864000000,745.87,746.31,745.86,746.08
1782864900000,746.15,746.23,745.83,746.23
1782865800000,746.23,746.48,746.23,746.39
1782866700000,746.38,746.52,746.21,746.22
1782867600000,746.15,746.23,745.24,745.6
1782868500000,745.7,745.71,745.12,745.33
1782869400000,745.44,745.45,745.15,745.2
1782870300000,745.18,745.3,744.94,745
1782871200000,745.02,745.02,743.97,744.12
1782872100000,744.05,744.58,743.55,744.58
1782873000000,744.54,744.81,744.44,744.76
1782873900000,744.79,744.81,744.53,744.75
1782874800000,744.69,745.05,744.62,745.02
1782875700000,745.04,745.04,744.45,744.51
1782876600000,744.5,744.94,744.47,744.75
1782877500000,744.74,745.16,744.74,745.01
1782878400000,745.02,745.02,744.63,744.63
1782879300000,744.6,744.83,744.52,744.79
1782880200000,744.8,744.93,744.58,744.89
1782881100000,744.88,745.24,744.76,744.81
1782882000000,744.83,745.06,744.69,744.84
1782882900000,744.83,744.93,744.52,744.69
1782883800000,744.71,744.82,744.49,744.6
1782884700000,744.67,744.69,744.47,744.57
1782885600000,744.63,744.75,744.34,744.5
1782886500000,744.53,744.53,744.06,744.41
1782887400000,744.45,744.51,744.3,744.49
1782888300000,744.54,744.72,744.19,744.3
1782889200000,744.25,744.4,743.3,743.49
1782890100000,743.39,743.82,742.97,743.7
1782891000000,743.7,743.99,743.62,743.82
1782891900000,743.84,744.2,743.72,744.08
1782892800000,744.07,745.837,743.746,744.11
1782893700000,744.28,744.418,744.103,744.27
1782894600000,744.17,744.609,744.083,744.54
1782895500000,744.58,744.687,744.331,744.672
1782896400000,744.26,744.694,744.039,744.22
1782897300000,744.39,744.455,744.137,744.39
1782898200000,744.358,744.547,744.271,744.485
1782899100000,744.512,744.904,744.512,744.904
1782900000000,744.905,744.979,744.456,744.592
1782900900000,744.594,745.29,744.594,745.226
1782901800000,745.27,745.415,744.993,745.07
1782902700000,745.31,745.514,745.132,745.5
1782903600000,745.51,745.71,745.359,745.45
1782904500000,745.52,745.624,745.32,745.43
1782905400000,745.3,745.353,745.011,745.25
1782906300000,745.01,745.36,744.789,745.02
1782907200000,744.7,745.099,744.41,744.41
1782908100000,745.18,745.497,745.081,745.29
1782909000000,745.29,745.56,744.26,744.52
1782909900000,744.34,744.888,744.32,744.68
1782910800000,744.76,745.134,744.218,744.445
1782911700000,744.61,745.62,744.464,745.09
1782912600000,744.99,745.125,742.395,743.381
1782913500000,743.21,745.31,742.89,745.269
1782914400000,745.39,746.89,745.03,746.615
1782915300000,746.655,747.01,746.36,746.82
1782916200000,746.82,747.09,746,746.67
1782917100000,746.61,747.045,745.72,746.96
1782918000000,746.98,748.07,746.904,748.07
1782918900000,748.08,749.33,748.03,749.3
1782919800000,749.31,749.36,748.34,748.81
1782920700000,748.76,748.91,748.35,748.81
1782921600000,748.82,749.13,748.68,749.081
1782922500000,749.07,749.44,748.86,748.99
1782923400000,748.99,749.21,748.28,748.6
1782924300000,748.59,748.78,747.36,747.49
1782925200000,747.52,747.9,747.04,747.835
1782926100000,747.82,748.41,747.77,747.95
1782927000000,747.975,748.17,747.49,747.5
1782927900000,747.48,747.72,747.17,747.17
1782928800000,747.2,747.69,747.09,747.1
1782929700000,747.08,747.535,746.71,747.14
1782930600000,747.13,747.36,747.01,747.17
1782931500000,747.19,747.21,746.47,746.85
1782932400000,746.85,747.67,746.8,747.34
1782933300000,747.33,747.59,746.96,746.97
1782934200000,746.94,747.3,746.45,746.65
1782935100000,746.645,746.81,745.16,745.665
1782936000000,745.65,745.74,744.53,745.27
1782936900000,744.95,745.105,744.713,744.79
1782937800000,744.7,744.854,744.19,744.59
1782938700000,744.66,744.926,744.468,744.8
1782939600000,744.875,745.049,744.85,744.95
1782940500000,744.99,745.053,744.751,744.99
1782941400000,744.946,745.161,744.946,745.161
1782942300000,745.161,745.259,745.1,745.16
1782943200000,745.25,745.383,744.807,744.83
1782944100000,744.831,745.408,744.802,745.374
1782945000000,745.376,745.528,745.316,745.439
1782945900000,745.27,745.641,745.189,745.46
1782946800000,745.589,745.59,745.2,745.203
1782947700000,745.205,745.289,745.137,745.287
1782948600000,745.285,745.349,745.025,745.304
1782949500000,745.2,745.309,744.51,744.61
1782950400000,744.75,745.29,744.21,744.79
1782951300000,744.85,745.59,744.65,745.59
1782952200000,745.54,745.77,744.96,744.96
1782953100000,744.98,746.12,744.98,746.03
1782954000000,745.96,746.88,745.89,746.88
1782954900000,746.84,746.89,746.5,746.77
1782955800000,746.88,747.33,746.81,747.26
1782956700000,747.21,747.43,747.11,747.16
1782957600000,747.01,747.5,746.97,747.5
1782958500000,747.51,747.63,747.23,747.26
1782959400000,747.23,747.52,747.19,747.46
1782960300000,747.47,747.6,747.41,747.53
1782961200000,747.54,747.63,747.08,747.26
1782962100000,747.3,747.31,746.89,747.1
1782963000000,747.13,747.58,747.13,747.2
1782963900000,747.13,747.48,746.99,747.48
1782964800000,747.35,747.35,746.82,746.85
1782965700000,746.79,746.96,746.62,746.87
1782966600000,746.87,746.87,746.16,746.16
1782967500000,746.2,746.86,746.04,746.84
1782968400000,746.85,747.25,746.6,747.09
1782969300000,747.1,747.36,746.95,746.95
1782970200000,746.76,746.76,746.14,746.23
1782971100000,746.23,746.37,746.08,746.19
1782972000000,746.23,746.34,745.25,745.25
1782972900000,745.26,745.76,745.26,745.31
1782973800000,745.27,745.88,745.26,745.47
1782974700000,745.36,745.38,744.65,745.05
1782975600000,744.98,745.15,744,744.2
1782976500000,744.19,744.57,744.02,744.5
1782977400000,744.52,745.55,744.43,745.55
1782978300000,745.51,745.57,745.06,745.09
1782979200000,745.027,745.218,744.278,744.351
1782980100000,745,745.715,744.353,745
1782981000000,746,746.226,745.444,745.98
1782981900000,745.89,746.4,745.855,746.4
1782982800000,745.57,746.21,745.468,745.57
1782983700000,745.59,745.747,745.489,745.59
1782984600000,745.7,746.139,745.7,746.1
1782985500000,745.843,745.905,745.585,745.639
1782986400000,745.55,745.64,745.156,745.49
1782987300000,745.348,745.75,745.291,745.675
1782988200000,746.07,746.29,745.677,746.16
1782989100000,746.057,746.229,745.88,746.224
1782990000000,746.19,746.325,745.807,746.2
1782990900000,746.08,746.314,745.85,746.28
1782991800000,746.28,746.684,746.097,746.58
1782992700000,746.73,746.826,746.285,746.73
1782993600000,746.285,747.021,746.041,747.001
1782994500000,747.12,747.454,746.86,746.86
1782995400000,748.01,749.53,747.459,749.08
1782996300000,749.02,749.152,747.74,747.96
1782997200000,748.21,748.36,747.242,747.4
1782998100000,747.27,748.027,747.27,747.35
1782999000000,747.37,750.25,747.12,749.82
1782999900000,749.78,751.22,749.545,750.78
1783000800000,750.79,751.24,749.66,750.99
1783001700000,750.98,751.19,747.63,748.05
1783002600000,748.05,749.35,746.375,746.855
1783003500000,746.89,747.68,746.02,747.62
1783004400000,747.72,747.78,744.25,746.15
1783005300000,745.97,746.33,744.35,744.89
1783006200000,744.91,746.705,744.88,745.31
1783007100000,745.27,745.71,744.07,744.635
1783008000000,744.64,744.855,743.72,744.51
1783008900000,744.37,744.61,743.38,743.54
1783009800000,743.54,743.57,742.15,743.28
1783010700000,743.22,743.33,741.85,742.166
1783011600000,742.2,742.25,740.4,741.75
1783012500000,741.71,742.12,741.14,741.54
1783013400000,741.535,742.08,740.44,740.97
1783014300000,741.1,741.14,740.05,740.25
1783015200000,740.25,742.87,740.06,742.26
1783016100000,742.37,742.73,741.4,742.73
1783017000000,742.72,743.33,742.67,743.05
1783017900000,743.03,743.5,742.52,742.97
1783018800000,742.943,743.13,741.36,742.079
1783019700000,742.03,742.61,741.46,742.32
1783020600000,742.41,743.38,742.21,743.245
1783021500000,743.3,745.57,743.03,744.83
1783022400000,744.65,745.03,744.01,744.56
1783023300000,744.62,744.69,744.1,744.16
1783024200000,744.18,744.575,744.066,744.07
1783025100000,744.32,744.51,744.09,744.46
1783026000000,744.444,744.544,744.264,744.272
1783026900000,744.27,744.454,744.26,744.38
1783027800000,744.39,744.505,744.345,744.39
1783028700000,744.505,744.728,744.505,744.684
1783029600000,744.9,745.033,744.598,745
1783030500000,745.1,745.209,744.981,745.19
1783031400000,744.987,745.625,744.906,745.619
1783032300000,745.619,745.648,745.396,745.639
1783033200000,745.64,745.673,745.068,745.069
1783034100000,745.077,745.758,745.077,745.673
1783035000000,745.679,745.837,745.451,745.451
1783035900000,745.449,745.795,745.445,745.707
1783036800000,745.707,745.707,745.707,745.707
1783296000000,746.85,749.17,746.03,749.07
1783296900000,749.19,749.52,748.19,748.19
1783297800000,748.15,748.89,747.96,748.8
1783298700000,748.97,749.19,748.66,748.82
1783299600000,748.71,748.71,748.14,748.52
1783300500000,748.44,748.51,747.47,747.75
1783301400000,747.77,748.27,747.77,747.93
1783302300000,747.85,747.86,747.13,747.48
1783303200000,747.57,747.71,747.1,747.1
1783304100000,747.11,747.24,746.89,746.89
1783305000000,746.87,746.99,746.25,746.39
1783305900000,746.35,746.63,746.25,746.61
1783306800000,746.57,746.86,746.41,746.63
1783307700000,746.63,746.8,746.46,746.71
1783308600000,746.84,746.96,746.42,746.47
1783309500000,746.47,746.55,746.02,746.55
1783310400000,746.26,746.7,746.26,746.7
1783311300000,746.89,746.98,746.82,746.96
1783312200000,746.99,747.33,746.86,747.31
1783313100000,747.23,747.4,747.16,747.39
1783314000000,747.36,747.49,747.2,747.42
1783314900000,747.54,747.61,747.11,747.11
1783315800000,747.02,747.4,746.75,747.26
1783316700000,747.15,747.34,747.07,747.26
1783317600000,747.29,747.31,747,747
1783318500000,746.91,747.33,746.9,747.33
1783319400000,747.24,747.73,747.24,747.67
1783320300000,747.66,747.71,747.47,747.71
1783321200000,747.66,747.99,747.47,747.79
1783322100000,747.88,748.11,747.26,747.75
1783323000000,747.76,748.41,747.71,748.41
1783323900000,748.32,748.46,748.25,748.43
1783324800000,748.52,748.859,745.706,748.52
1783325700000,748.13,748.453,747.898,748.36
1783326600000,748.34,748.444,748.052,748.34
1783327500000,748.33,748.544,748.251,748.33
1783328400000,748.3,748.498,748.126,748.3
1783329300000,748.28,748.51,748.151,748.51
1783330200000,748.449,748.472,748.142,748.317
1783331100000,748.725,748.765,748.01,748.725
1783332000000,748.62,748.834,748.287,748.61
1783332900000,748.64,748.755,748.471,748.64
1783333800000,748.48,748.747,748.376,748.376
1783334700000,748.22,748.499,748.181,748.27
1783335600000,748.53,748.703,748.038,748.05
1783336500000,748.23,748.451,748.163,748.19
1783337400000,748.2,748.371,748.106,748.19
1783338300000,748.09,748.388,747.774,747.84
1783339200000,747.785,748.467,747.72,748.445
1783340100000,748.46,748.619,747.842,747.85
1783341000000,748.04,748.49,747.894,748.12
1783341900000,748.36,748.402,748.088,748.31
1783342800000,748.22,748.453,747.728,748
1783343700000,747.73,748.479,747.47,748.39
1783344600000,748.31,749.425,747.445,748.67
1783345500000,748.63,749.54,748.28,748.42
1783346400000,748.53,749.45,748.01,749.4
1783347300000,749.4,749.97,748.97,749.932
1783348200000,749.945,750.15,749.09,749.66
1783349100000,749.64,750.28,749.5,750.28
1783350000000,750.29,750.41,749.83,750.08
1783350900000,750.05,750.79,749.61,750.74
1783351800000,750.755,750.95,750.393,750.807
1783352700000,750.84,750.96,750.6,750.81
1783353600000,750.86,751.1,750.66,750.99
1783354500000,750.96,751.12,750.555,750.64
1783355400000,750.58,750.75,750.41,750.72
1783356300000,750.71,751.07,750.4,750.42
1783357200000,750.48,751.53,750.41,751.25
1783358100000,751.36,751.43,750.62,750.69
1783359000000,750.68,750.74,749.65,750.095
1783359900000,750.06,750.52,749.85,750.092
1783360800000,750.175,751.12,750.107,751.04
1783361700000,751.03,751.6,751.015,751.34
1783362600000,751.35,751.52,751.01,751.225
1783363500000,751.26,752,751.2,751.925
1783364400000,751.955,752.12,751.69,751.79
1783365300000,751.795,752.4,751.67,752.25
1783366200000,752.28,752.28,751.76,752.045
1783367100000,752.04,752.22,750.83,751.26
1783368000000,751.31,751.76,751.142,751.724
1783368900000,751.75,751.89,751.505,751.53
1783369800000,751.62,751.705,751.51,751.63
1783370700000,751.67,751.764,751.46,751.69
1783371600000,751.706,751.815,751.625,751.815
1783372500000,751.815,751.831,751.785,751.82
1783373400000,751.82,751.83,751.809,751.818
1783374300000,751.8,751.825,751.789,751.81
1783375200000,751.806,751.964,751.663,751.964
1783376100000,751.965,752.114,751.897,751.905
1783377000000,751.97,752.059,751.797,751.97
1783377900000,751.919,751.919,751.355,751.477
1783378800000,751.86,751.86,751.471,751.86
1783379700000,751.641,751.641,751.256,751.376
1783380600000,751.1,751.444,751.09,751.18
1783381500000,750.7,751.091,750.541,750.58
1783382400000,750.51,751.16,750.24,750.75
1783383300000,750.79,751.7,750.74,751.11
1783384200000,751.1,751.22,750.55,750.91
1783385100000,750.91,751.09,750.69,750.74
1783386000000,750.72,750.89,750.6,750.74
1783386900000,750.73,750.73,750.28,750.36
1783387800000,750.37,750.78,750.1,750.77
1783388700000,750.78,751.06,750.53,750.53
1783389600000,750.51,750.93,750.48,750.78
1783390500000,750.82,750.82,750.45,750.45
1783391400000,750.45,750.49,750.19,750.33
1783392300000,750.35,750.35,750.04,750.12
1783393200000,750.13,750.47,750.13,750.2
1783394100000,750.11,750.17,749.7,749.72
1783395000000,749.77,749.92,749.52,749.63
1783395900000,749.62,749.69,749.29,749.69
1783396800000,749.6,749.66,749.38,749.38
1783397700000,749.35,749.41,749.15,749.29
1783398600000,749.38,749.5,748.96,749.11
1783399500000,749.12,749.17,748.88,749.08
1783400400000,749.06,749.07,748.72,748.81
1783401300000,748.77,748.83,748.49,748.5
1783402200000,748.79,749.42,748.79,749.3
1783403100000,749.29,749.7,749.1,749.52
1783404000000,749.56,749.63,748.88,748.93
1783404900000,749.06,749.35,748.99,749.27
1783405800000,749.26,749.47,749.13,749.42
1783406700000,749.48,749.63,749.26,749.57
1783407600000,749.51,749.93,749.39,749.86
1783408500000,749.96,750.17,749.95,750.08
1783409400000,750.11,750.11,749.91,750.01
1783410300000,749.9,749.96,749.37,749.4
1783411200000,749.41,750.469,749.33,749.59
1783412100000,750.003,750.34,749.956,750.294
1783413000000,750.39,750.446,750.202,750.24
1783413900000,750.286,750.345,749.982,750.032
1783414800000,750.22,750.383,749.806,750.22
1783415700000,750.384,750.457,750.173,750.184
1783416600000,750.06,750.379,749.981,750.07
1783417500000,750.35,750.411,750.19,750.35
1783418400000,750.43,750.564,750.061,750.43
1783419300000,750.26,750.474,750.063,750.35
1783420200000,750.31,750.31,750.016,750.065
1783421100000,749.71,750.129,749.563,749.6
1783422000000,749.82,749.924,749.447,749.49
1783422900000,749.573,749.993,749.573,749.806
1783423800000,749.804,749.804,749.474,749.726
1783424700000,749.8,750.109,749.57,749.79
1783425600000,750.11,750.689,750.06,750.68
1783426500000,750.19,750.597,750.139,750.58
1783427400000,750.57,750.854,750.322,750.83
1783428300000,750.26,750.769,750.138,750.25
1783429200000,749.99,750.331,749.808,750.24
1783430100000,750.14,750.486,750.086,750.23
1783431000000,750.22,750.95,749.17,750.13
1783431900000,750.16,750.17,748.26,748.831
1783432800000,748.8,749.17,746.96,747.025
1783433700000,747.01,747.71,746.08,746.7
1783434600000,746.68,747.01,745.28,745.7
1783435500000,745.79,746.93,745.704,746.52
1783436400000,746.47,746.68,745.95,746.142
1783437300000,746.06,746.34,745.765,746.34
1783438200000,746.355,746.42,745.47,746.375
1783439100000,746.41,747.42,746.342,747.36
1783440000000,747.37,748.16,747.26,748.02
1783440900000,748.06,748.95,747.85,748.82
1783441800000,748.74,749.01,748.24,748.86
1783442700000,748.85,749.12,748.5,748.96
1783443600000,748.98,749.35,748.76,748.8
1783444500000,748.808,749.15,748.43,748.85
1783445400000,748.83,749.28,748.81,749.1
1783446300000,749.12,749.152,748.67,749.13
1783447200000,749.18,749.27,748.84,749.01
1783448100000,748.97,749.29,748.89,748.98
1783449000000,749,749.05,748.415,748.695
1783449900000,748.73,748.83,747.42,747.5
1783450800000,747.5,747.67,746.55,746.84
1783451700000,746.78,747.05,746.03,746.615
1783452600000,746.68,747.265,746.38,746.52
1783453500000,746.52,747.94,746.51,747.67
1783454400000,747.7,747.72,747.29,747.48
1783455300000,747.55,747.557,747.16,747.29
1783456200000,747.43,747.58,747.353,747.55
1783457100000,747.518,747.59,747.42,747.485
1783458000000,747.487,747.527,747.197,747.2
1783458900000,746.79,747.255,746.124,746.58
1783459800000,746.27,746.337,745.94,745.94
1783460700000,746.28,746.544,746.262,746.408
1783461600000,746.59,746.946,746.122,746.82
1783462500000,746.756,746.974,746.705,746.823
1783463400000,746.79,747.044,746.751,746.79
1783464300000,746.93,747.068,746.682,747
1783465200000,746.996,747.123,746.766,746.951
1783466100000,747.29,747.464,746.942,747.29
1783467000000,747.11,747.473,746.63,747.11
1783467900000,746.36,746.863,746.137,746.24
1783468800000,746.35,747.24,745.87,747.14
1783469700000,747.19,747.97,747,747.4
1783470600000,747.54,748.29,747.22,748.28
1783471500000,748.29,748.5,748.04,748.5
1783472400000,748.53,748.64,748.05,748.58
1783473300000,748.54,748.54,747.95,747.98
1783474200000,748.02,748.12,747.48,747.82
1783475100000,747.83,748.17,747.54,747.78
1783476000000,747.65,747.65,747.16,747.16
1783476900000,747.16,747.66,747.09,747.31
1783477800000,747.29,747.31,747.07,747.27
1783478700000,747.65,747.83,747.6,747.6
1783479600000,747.78,748.09,747.72,748.01
1783480500000,748.05,748.35,747.89,748.32
1783481400000,748.35,748.49,747.91,747.91
1783482300000,747.9,747.9,747.8,747.86
1783483200000,747.83,747.83,747.5,747.5
1783484100000,747.63,747.97,747.5,747.78
1783485000000,747.73,747.73,747.28,747.45
1783485900000,747.51,747.59,747.12,747.56
1783486800000,747.55,747.75,747.48,747.48
1783487700000,747.57,747.67,747.11,747.23
1783488600000,747.15,747.17,746.68,746.78
1783489500000,746.8,746.87,746.32,746.72
1783490400000,746.69,746.74,746.43,746.47
1783491300000,746.53,746.89,746.38,746.46
1783492200000,746.38,746.45,745.87,745.89
1783493100000,745.79,746.54,745.71,746.27
1783494000000,746.17,746.17,745.62,746.1
1783494900000,745.85,746.57,745.81,746.55
1783495800000,746.55,747.04,746.44,746.64
1783496700000,746.92,746.93,746.47,746.62
1783497600000,746.57,747.004,746.15,746.21
1783498500000,746.52,747.011,742.275,742.63
1783499400000,741.4,742.258,740.369,741.73
1783500300000,741.22,741.88,740.42,741.24
1783501200000,739.82,740.728,739.439,739.55
1783502100000,739.85,740.19,739.41,740.13
1783503000000,739.94,740.814,739.877,740.125
1783503900000,739.98,740.457,739.847,739.88
1783504800000,739.94,740.262,739.41,739.64
1783505700000,740.39,740.599,739.6,740.46
1783506600000,741.19,741.294,740.24,741.19
1783507500000,741.16,741.477,740.969,741.1
1783508400000,741.17,741.37,740.67,740.91
1783509300000,740.94,741.153,740.5,740.79
1783510200000,740.65,743.12,740.612,742.47
1783511100000,742.04,742.841,741.885,742.28
1783512000000,742.24,743.66,741.844,743.49
1783512900000,743.24,743.662,742.949,743.39
1783513800000,743.75,743.853,743.305,743.63
1783514700000,743.71,744.11,742.964,743.05
1783515600000,743.1,743.931,742.965,743.86
1783516500000,743.64,743.848,742.944,743.08
1783517400000,743.145,744.72,742.66,744.37
1783518300000,744.31,744.93,743.25,744.02
1783519200000,744.09,744.67,743.07,743.211
1783520100000,743.18,744.53,742.68,743.17
1783521000000,743.07,743.685,741.96,742.44
1783521900000,742.43,742.79,740.97,741.84
1783522800000,741.95,741.995,740.97,741.145
1783523700000,741.04,741.56,739.57,740.01
1783524600000,740,741.225,739.55,740.73
1783525500000,740.73,740.99,740.03,740.7
1783526400000,740.62,742.31,740.62,742.25
1783527300000,742.35,743.43,741.99,743.1
1783528200000,743.1,744.17,742.46,743.96
1783529100000,743.8,744.74,743.59,744.71
1783530000000,744.7,744.76,744,744.35
1783530900000,744.29,745.78,744.29,745.69
1783531800000,745.72,746.08,744.85,744.94
1783532700000,744.93,744.974,743.96,744.39
1783533600000,744.375,745.5,744.01,745.31
1783534500000,745.34,745.37,744.71,744.75
1783535400000,744.64,745.29,744.29,745.05
1783536300000,745.07,745.51,744.8,745.305
1783537200000,745.36,745.68,744.81,744.88
1783538100000,744.9,745.35,744.695,745.21
1783539000000,745.19,745.37,744.83,745.34
1783539900000,745.3,746.14,744.43,745.3
1783540800000,745.28,745.44,744.5,744.73
1783541700000,744.96,744.993,744.252,744.39
1783542600000,744.31,744.433,743.515,744.26
1783543500000,744.09,744.436,744.027,744.1
1783544400000,744.159,744.168,744.066,744.066
1783545300000,744.064,744.115,744.005,744.049
1783546200000,744.23,744.39,744.049,744.39
1783547100000,744.329,744.355,744.3,744.355
1783548000000,744.71,744.839,744.352,744.54
1783548900000,744.583,744.776,744.304,744.446
1783549800000,744.42,744.716,744.265,744.42
1783550700000,744.359,744.472,744.282,744.472
1783551600000,744.78,744.84,744.474,744.79
1783552500000,744.795,744.799,744.271,744.596
1783553400000,744.59,745.004,744.377,744.84
1783554300000,745.005,745.361,744.941,745.346
1783555200000,745.25,745.99,745.25,745.99
1783556100000,745.97,745.99,745.37,745.98
1783557000000,746,746.28,745.73,745.73
1783557900000,745.77,746.16,745.18,745.81
1783558800000,745.73,746.12,745.46,745.92
1783559700000,745.92,746.3,745.71,745.91
1783560600000,746.03,746.24,745.8,746.24
1783561500000,746.16,746.35,745.54,745.59
1783562400000,745.58,746.46,745.33,746.41
1783563300000,746.47,746.87,746.35,746.5
1783564200000,746.63,746.65,745.81,745.81
1783565100000,745.79,745.82,745.4,745.49
1783566000000,745.4,745.65,745.21,745.31
1783566900000,745.31,746.1,745.13,746.1
1783567800000,746.11,746.51,746.04,746.47
1783568700000,746.49,746.59,746.43,746.45
1783569600000,746.57,746.65,746.38,746.55
1783570500000,746.54,746.64,746.16,746.19
1783571400000,746.32,747.01,746.32,747.01
1783572300000,746.91,747.28,746.85,747.24
1783573200000,747.23,747.92,746.71,747.5
1783574100000,747.51,747.6,746.66,746.74
1783575000000,746.75,747.01,746.14,746.99
1783575900000,747.05,747.81,747.05,747.81
1783576800000,747.83,747.91,747.28,747.6
1783577700000,747.81,747.91,747.64,747.64
1783578600000,747.62,747.79,747.4,747.75
1783579500000,747.65,747.72,747.44,747.44
1783580400000,747.46,747.86,747.45,747.82
1783581300000,747.94,747.96,747.62,747.85
1783582200000,747.83,748.2,747.57,748.2
1783583100000,748.26,748.35,747.8,747.89
1783584000000,745.798,748.399,745.798,747.99
1783584900000,747.98,748.314,747.691,747.972
1783585800000,747.39,747.966,747.225,747.39
1783586700000,747.32,747.403,746.866,747.33
1783587600000,747.03,747.288,746.766,747
1783588500000,746.875,746.986,746.704,746.871
1783589400000,746.851,746.966,746.139,746.176
1783590300000,746.54,746.84,746.207,746.54
1783591200000,746.63,746.926,746.63,746.75
1783592100000,746.838,747.049,746.58,746.71
1783593000000,746.66,746.764,746.35,746.69
1783593900000,746.16,746.744,745.425,745.425
1783594800000,746.385,746.503,745.79,745.905
1783595700000,746.376,746.569,746.157,746.49
1783596600000,746.56,746.827,746.357,746.52
1783597500000,747.11,747.279,746.744,746.98
1783598400000,747,747.613,746.916,747.33
1783599300000,747.47,747.738,747.233,747.66
1783600200000,747.73,748.053,747.447,747.47
1783601100000,747.37,747.441,747.062,747.12
1783602000000,747.44,747.51,747.142,747.39
1783602900000,747.3,747.66,747.21,747.26
1783603800000,747.38,748.495,745.68,748.312
1783604700000,748.47,749.19,747.81,748.58
1783605600000,748.745,749.02,747.26,747.61
1783606500000,747.53,748.19,745.58,747.85
1783607400000,747.875,748.47,747.14,747.87
1783608300000,747.924,748.88,747.27,748.73
1783609200000,748.73,749.57,748.595,749.24
1783610100000,749.17,749.96,748.97,749.79
1783611000000,749.77,750.25,749.495,750.12
1783611900000,750.13,750.25,749.79,749.86
1783612800000,749.88,750.56,749.85,750.52
1783613700000,750.48,750.82,750.4,750.66
1783614600000,750.7,750.9,750.32,750.69
1783615500000,750.7,750.74,750.23,750.43
1783616400000,750.438,751.39,750.4,751.233
1783617300000,751.22,751.77,751.22,751.76
1783618200000,751.74,751.9,751.44,751.71
1783619100000,751.71,751.96,751.18,751.6
1783620000000,751.63,751.84,751.45,751.75
1783620900000,751.74,751.865,751.24,751.395
1783621800000,751.48,751.58,751.05,751.29
1783622700000,751.31,751.34,750.89,751.05
1783623600000,751.06,751.063,750.68,750.91
1783624500000,750.88,751.45,750.85,751.099
1783625400000,751.09,751.48,750.93,751.41
1783626300000,751.41,751.64,750.84,751.63
1783627200000,751.7,751.763,751.21,751.69
1783628100000,751.69,751.72,751.221,751.32
1783629000000,751.273,751.536,751.251,751.348
1783629900000,751.27,751.38,751.14,751.27
1783630800000,751.25,751.412,751.171,751.25
1783631700000,751.14,751.285,751.055,751.1
1783632600000,751.055,751.269,751.055,751.269
1783633500000,751.264,751.264,751.076,751.187
1783634400000,751.187,751.404,751.041,751.099
1783635300000,751.13,751.19,750.948,750.99
1783636200000,750.987,751.158,750.987,751.136
1783637100000,751.138,751.245,751.107,751.222
1783638000000,751.223,751.483,751.06,751.445
1783638900000,751.48,751.684,751.396,751.48
1783639800000,751.57,751.67,751.503,751.57
1783640700000,751.52,751.651,751.238,751.52
1783641600000,752,752,750.92,751.19
1783642500000,751.21,751.22,750.6,750.75
1783643400000,750.79,750.81,750.39,750.49
1783644300000,750.53,750.85,750.32,750.85
1783645200000,750.94,750.94,750.42,750.61
1783646100000,750.58,750.85,750.51,750.75
1783647000000,750.75,750.97,750.73,750.8
1783647900000,750.79,751.17,750.76,750.86
1783648800000,750.81,750.99,750.57,750.75
1783649700000,750.77,750.79,750.57,750.66
1783650600000,750.77,751.01,750.67,750.96
1783651500000,750.95,751.4,750.95,751.4
1783652400000,751.45,751.65,751.43,751.48
1783653300000,751.47,751.54,751.23,751.24
1783654200000,751.2,751.25,751.06,751.18
1783655100000,751.1,751.19,751.05,751.17
1783656000000,751.23,751.28,751.13,751.21
1783656900000,751.21,751.22,750.91,750.93
1783657800000,750.93,750.94,750.79,750.94
1783658700000,750.86,750.95,750.59,750.6
1783659600000,750.63,750.71,750.51,750.7
1783660500000,750.67,750.81,750.62,750.62
1783661400000,750.61,750.71,750.55,750.64
1783662300000,750.74,750.76,750.45,750.46
1783663200000,750.47,750.72,750.44,750.5
1783664100000,750.5,750.5,749.99,750.05
1783665000000,750.07,750.48,749.94,750.1
1783665900000,750.19,750.37,750.16,750.24
1783666800000,750.24,750.58,750.08,750.58
1783667700000,750.59,750.73,750.45,750.61
1783668600000,750.67,750.68,750.45,750.46
1783669500000,750.33,750.33,749.84,750.09
1783670400000,750.08,751.197,749.857,750.09
1783671300000,750.54,750.749,750.36,750.54
1783672200000,750.37,750.433,750.196,750.37
1783673100000,750.38,750.51,750.291,750.38
1783674000000,750.2,750.874,749.762,750.2
1783674900000,751.02,751.082,750.868,751.02
1783675800000,750.973,751.112,750.842,750.914
1783676700000,750.917,751.047,750.917,750.991
1783677600000,751.42,751.454,750.986,751.36
1783678500000,751.36,751.504,751.19,751.48
1783679400000,751.461,751.866,751.461,751.866
1783680300000,751.73,751.879,751.6,751.73
1783681200000,751.93,752.049,751.791,751.87
1783682100000,751.96,751.99,751.539,751.6
1783683000000,751.3,751.536,750.95,751.11
1783683900000,751.264,751.426,751.102,751.129
1783684800000,751.17,752.15,750.625,751.79
1783685700000,751.58,751.82,751.422,751.63
1783686600000,751.52,752.036,751.299,751.85
1783687500000,751.8,751.992,751.607,751.73
1783688400000,751.656,751.897,751.545,751.87
1783689300000,751.81,752.189,751.8,751.92
1783690200000,752.115,753.18,751.81,752.21
1783691100000,752.25,753.24,752.135,752.925
1783692000000,752.91,753.34,752.54,752.685
1783692900000,752.684,753.14,752.12,752.706
1783693800000,752.665,753.22,748.15,752.11
1783694700000,752.08,752.6,751.09,751.23
1783695600000,751.24,752,750.66,751.88
1783696500000,751.935,753.42,751.907,753.25
1783697400000,753.28,753.33,751.38,752.06
1783698300000,752.04,752.93,751.61,752.82
1783699200000,752.89,753.29,752.813,753.17
1783700100000,753.23,753.69,753.195,753.23
1783701000000,753.28,753.65,753.04,753.61
1783701900000,753.61,754.14,753.6,754.025
1783702800000,753.98,754.02,753.49,753.81
1783703700000,753.79,754.07,753.783,754.01
1783704600000,754.02,754.4,753.88,754.12
1783705500000,754.14,754.39,753.93,753.98
1783706400000,753.995,754.61,753.93,754.29
1783707300000,754.27,754.71,754.08,754.435
1783708200000,754.42,754.62,754.32,754.49
1783709100000,754.5,754.66,754.45,754.48
1783710000000,754.51,755.15,754.46,755.11
1783710900000,755.119,755.15,754.87,754.95
1783711800000,754.955,755.23,754.795,755.02
1783712700000,755.01,755.42,754.57,754.94
1783713600000,754.9,755.23,754.65,755
1783714500000,755.09,755.39,755.01,755.33
1783715400000,755.31,755.427,755.25,755.38
1783716300000,755.39,755.628,755.37,755.38
1783717200000,755.31,755.609,755.067,755.1
1783718100000,755.067,755.109,755.006,755.062
1783719000000,755.061,755.327,755.023,755.11
1783719900000,755.11,755.124,754.981,754.986
1783720800000,754.984,755.175,754.775,754.809
1783721700000,754.8,754.95,754.714,754.77
1783722600000,754.949,754.988,754.84,754.918
1783723500000,754.919,755.025,754.919,755
1783724400000,754.96,755.045,754.892,754.96
1783725300000,755.1,755.124,754.961,755.1
1783726200000,755.05,755.14,755.05,755.09
1783727100000,755.09,755.232,754.888,754.889
1783900800000,753.47,754.32,752.5,754.17
1783901700000,754.29,754.29,753.62,753.69
1783902600000,753.59,753.61,752.63,752.92
1783903500000,753.06,753.2,752.21,752.62
1783904400000,752.6,752.69,751.99,752.27
1783905300000,752.36,752.77,752.17,752.27
1783906200000,752.25,752.77,751.9,752.31
1783907100000,752.31,752.34,751.79,752
1783908000000,752.16,752.18,751.69,751.81
1783908900000,752,752.28,751.74,752.28
1783909800000,752.16,752.16,751.87,751.91
1783910700000,751.91,751.95,751.51,751.51
1783911600000,751.55,751.55,751.25,751.39
1783912500000,751.43,751.62,751.28,751.56
1783913400000,751.52,751.57,751.28,751.39
1783914300000,751.43,751.6,751.23,751.28
1783915200000,751.26,751.26,750.89,750.96
1783916100000,750.96,751.27,750.91,751.03
1783917000000,751.01,751.07,750.56,750.6
1783917900000,750.6,750.8,750.56,750.73
1783918800000,750.71,751.35,750.53,751.32
1783919700000,751.32,751.35,750.06,750.15
1783920600000,750.12,750.78,749.63,750.56
1783921500000,750.46,750.75,750.14,750.75
1783922400000,750.8,751.01,750.41,750.52
1783923300000,750.53,751.3,750.41,751.2
1783924200000,751.27,751.45,750.85,751.22
1783925100000,751.17,751.4,751.05,751.38
1783926000000,751.39,752.03,751.11,752.03
1783926900000,751.93,751.99,751.27,751.61
1783927800000,751.58,751.7,751.23,751.64
1783928700000,751.68,751.86,751.45,751.71
1783929600000,751.79,754.357,751.79,752.18
1783930500000,752.56,752.759,752.457,752.56
1783931400000,752.44,752.649,752.273,752.34
1783932300000,752.75,752.862,752.47,752.75
1783933200000,752.6,752.778,752.4,752.58
1783934100000,753.05,753.193,752.589,753.05
1783935000000,753.191,753.264,753.021,753.162
1783935900000,753.08,753.164,752.919,753.05
1783936800000,753.053,753.119,752.71,752.798
1783937700000,752.8,753.021,752.659,752.683
1783938600000,752.82,752.82,752.604,752.82
1783939500000,752.639,752.865,752.612,752.658
1783940400000,752.72,753.28,752.67,752.67
1783941300000,752.83,752.974,752.471,752.74
1783942200000,752.95,753.114,752.743,752.83
1783943100000,752.415,752.754,752.156,752.16
1783944000000,752.44,752.646,751.68,751.89
1783944900000,752.2,752.24,751.86,751.92
1783945800000,751.73,752.07,751.58,752.01
1783946700000,752.28,752.67,752.028,752.67
1783947600000,752.85,752.85,752.438,752.47
1783948500000,752.48,752.54,752.258,752.52
1783949400000,752.46,753.87,752.42,752.985
1783950300000,753.02,753.74,751.91,753.59
1783951200000,753.69,753.9,752.29,753.27
1783952100000,753.26,753.34,750.3,753.08
1783953000000,753.12,753.3,751.25,751.51
1783953900000,751.5,752.77,751,752.73
1783954800000,752.8,753.06,751.93,752.075
1783955700000,752.05,752.54,751.905,752.375
1783956600000,752.39,752.53,751.7,751.76
1783957500000,751.73,751.78,751.11,751.225
1783958400000,751.225,751.82,750.97,751.411
1783959300000,751.42,751.45,749.95,750.23
1783960200000,750.27,750.51,748.94,750.35
1783961100000,750.44,750.65,749.25,749.95
1783962000000,749.95,750.64,749.79,750.11
1783962900000,750.08,750.36,749.53,749.8
1783963800000,749.85,750.12,749.47,749.98
1783964700000,750.02,750.25,749.2,749.23
1783965600000,749.21,750.21,749.18,749.77
1783966500000,749.72,749.79,749.06,749.235
1783967400000,749.14,750.03,748.98,749.795
1783968300000,749.88,750.05,749.47,749.56
1783969200000,749.52,749.96,749.11,749.3
1783970100000,749.28,749.43,748.22,748.38
1783971000000,748.42,749,748.01,748.95
1783971900000,748.94,749.6,748.57,749.11
1783972800000,748.91,749.103,748.68,748.7
1783973700000,748.71,748.812,747.77,748.51
1783974600000,748.45,748.456,748.191,748.33
1783975500000,748.16,748.38,748.067,748.38
1783976400000,748.3,748.473,748.245,748.3
1783977300000,748.19,748.254,748.162,748.2
1783978200000,748.2,748.25,748.2,748.2
1783979100000,748.32,748.39,748.228,748.32
1783980000000,748.8,749.06,748.399,748.57
1783980900000,748.543,748.744,748.317,748.341
1783981800000,748.35,748.531,748.282,748.504
1783982700000,748.59,748.68,747.968,747.99
1783983600000,748,748.037,747.522,747.67
1783984500000,747.625,747.933,747.587,747.617
1783985400000,747.54,747.62,747.126,747.3
1783986300000,747.23,748.203,747.093,747.67
1783987200000,748,749.01,746.97,748.45
1783988100000,748.51,748.66,746.99,747.35
1783989000000,747.57,748.36,747.2,747.41
1783989900000,747.69,748.95,747.69,748.81
1783990800000,748.88,748.94,748.48,748.48
1783991700000,748.44,748.91,748.4,748.66
1783992600000,748.41,748.41,747.81,748.2
1783993500000,748.19,748.49,747.62,747.71
1783994400000,747.87,748.39,747.56,747.6
1783995300000,747.56,747.62,746.94,747.27
1783996200000,747.33,747.93,746.97,747.8
1783997100000,747.79,747.93,747,747.09
1783998000000,746.99,747.03,746.48,746.5
1783998900000,746.47,747.05,746.24,747.05
1783999800000,747.11,747.39,746.53,746.71
1784000700000,746.6,747.49,746.6,747.49
1784001600000,747.49,747.73,746.9,747.21
1784002500000,746.98,747.95,746.98,747.94
1784003400000,747.91,748.64,747.88,748.59
1784004300000,748.7,749.11,748.69,749.11
1784005200000,749.01,749.21,748.83,749.2
1784006100000,749.24,749.9,749.12,749.89
1784007000000,749.91,750.34,749.76,749.88
1784007900000,749.89,749.97,749.72,749.79
1784008800000,749.9,750.28,749.9,750.26
1784009700000,750.32,750.44,749.58,749.75
1784010600000,749.84,749.94,749.34,749.4
1784011500000,749.35,749.35,748.91,748.91
1784012400000,748.82,749.49,748.58,749.16
1784013300000,749.22,749.34,748.78,749.06
1784014200000,748.91,749.05,748.49,748.55
1784015100000,748.48,749.26,748.27,748.82
1784016000000,748.97,749.032,748.265,748.56
1784016900000,749.11,749.35,748.709,749.08
1784017800000,749.263,749.349,748.881,748.984
1784018700000,748.66,748.985,748.278,748.66
1784019600000,748.29,749.298,748.172,748.73
1784020500000,749.203,749.296,748.407,748.407
1784021400000,748.406,748.824,748.406,748.789
1784022300000,748.784,749.052,748.661,748.712
1784023200000,748.83,748.995,748.641,748.83
1784024100000,748.79,748.81,748.566,748.71
1784025000000,748.86,749.524,748.451,748.64
1784025900000,748.67,748.9,748.38,748.53
1784026800000,748.76,748.76,747.393,748.28
1784027700000,748.32,749.303,748.261,748.94
1784028600000,749,749.171,748.332,748.43
1784029500000,748.95,748.95,748.337,748.49
1784030400000,748.565,748.565,747.551,747.787
1784031300000,747.76,749.16,747.587,749.06
1784032200000,749.4,754.16,749.042,751.83
1784033100000,751.54,751.92,750.578,751.04
1784034000000,751.03,751.38,750.761,750.78
1784034900000,750.8,751.377,750.13,750.86
1784035800000,750.9,751.51,749.47,751.32
1784036700000,751.31,751.75,750.62,751.37
1784037600000,751.34,751.46,749.79,750.45
1784038500000,750.4,751.31,748.7,750.71
1784039400000,750.72,753.33,750.56,751.09
1784040300000,751.13,751.93,750.48,751.7
1784041200000,751.75,753.04,751.29,752.53
1784042100000,752.63,752.72,751.66,752.57
1784043000000,752.67,752.87,750.81,751.57
1784043900000,751.55,751.94,750.68,751
1784044800000,751.05,751.05,750.01,750.55
1784045700000,750.54,750.89,750.01,750.78
1784046600000,750.78,751.74,750.63,751.44
1784047500000,751.56,751.82,750.95,751.82
1784048400000,751.87,752.21,751.61,751.8
1784049300000,751.79,752.61,751.58,752.3
1784050200000,752.32,752.47,751.81,752.07
1784051100000,752.05,752.31,751.81,752.29
1784052000000,752.28,752.63,751.95,752.59
1784052900000,752.605,752.75,752.31,752.45
1784053800000,752.56,752.57,751.68,751.96
1784054700000,751.97,752.33,751.87,752.16
1784055600000,752.17,752.26,751.78,752.05
1784056500000,752.1,752.46,751.95,752.2
1784057400000,752.15,752.37,751.73,752.29
1784058300000,752.27,752.52,751.79,751.86
1784059200000,751.98,752.097,751.716,752
1784060100000,751.87,751.914,751.531,751.64
1784061000000,751.64,751.864,751.53,751.72
1784061900000,751.93,752.065,751.646,752
1784062800000,752.06,752.083,751.91,751.91
1784063700000,751.96,752.003,751.857,751.96
1784064600000,751.979,752.055,751.93,751.93
1784065500000,751.93,751.98,751.881,751.954
1784066400000,751.83,751.995,751.294,751.83
1784067300000,751.82,752.114,751.349,751.96
1784068200000,752.018,752.124,752,752.014
1784069100000,751.9,752.013,751.791,751.9
1784070000000,751.847,752.162,751.737,752.141
1784070900000,752.13,752.866,752.037,752.63
1784071800000,752.99,753.158,752.859,753.14
1784072700000,753.02,753.271,752.986,753.13
1784073600000,753.094,753.43,752.85,753.3
1784074500000,753.35,753.43,753.14,753.25
1784075400000,753.24,753.24,752.28,752.34
1784076300000,752.43,753.34,752.42,753.24
1784077200000,753.23,753.23,752.61,752.87
1784078100000,752.93,753.38,752.93,753.13
1784079000000,753.14,753.4,752.87,752.87
1784079900000,752.82,753.46,752.82,753.44
1784080800000,753.42,753.56,753.28,753.34
1784081700000,753.37,753.56,753.35,753.49
1784082600000,753.51,753.69,753.48,753.65
1784083500000,753.68,753.7,753.35,753.35
1784084400000,753.41,753.41,753.24,753.28
1784085300000,753.43,753.56,753.4,753.51
1784086200000,753.49,753.68,753.49,753.56
1784087100000,753.59,753.89,753.58,753.79
1784088000000,753.77,753.82,753.66,753.74
1784088900000,753.73,753.85,753.71,753.73
1784089800000,753.7,753.8,753.67,753.68
1784090700000,753.68,753.82,753.68,753.75
1784091600000,753.86,754.36,753.34,753.48
1784092500000,753.52,753.84,753.29,753.37
1784093400000,753.39,753.75,753.32,753.61
1784094300000,753.78,753.96,753.74,753.96
1784095200000,753.98,754.02,753.77,753.87
1784096100000,753.86,754.01,753.7,754.01
1784097000000,754.08,754.08,753.69,753.69
1784097900000,753.76,753.92,753.71,753.75
1784098800000,753.75,753.84,753.49,753.78
1784099700000,753.64,753.73,752.45,752.89
1784100600000,752.76,753.24,752.76,753.16
1784101500000,753.15,753.58,753.15,753.35
1784102400000,752.94,753.491,752.791,752.965
1784103300000,753.031,753.244,752.663,753.133
1784104200000,753.48,753.495,753.04,753.13
1784105100000,753.43,753.748,753.429,753.7
1784106000000,753.702,754.098,753.702,753.999
1784106900000,754.02,754.075,753.815,754.01
1784107800000,753.855,754.01,753.745,753.991
1784108700000,753.981,753.981,753.402,753.49
1784109600000,753.53,753.615,753.394,753.56
1784110500000,753,753.663,752.75,753
1784111400000,752.93,753.19,752.835,753.08
1784112300000,753.16,753.2,752.945,753.19
1784113200000,753.146,753.344,752.991,753.025
1784114100000,753.03,753.19,753.004,753.05
1784115000000,753.19,753.329,752.826,753.26
1784115900000,753.05,753.199,752.886,753.16
1784116800000,753.037,753.13,752.535,752.638
1784117700000,752.47,752.786,752.324,752.47
1784118600000,752.31,754.229,752.31,754.03
1784119500000,753.88,754.381,753.824,754.12
1784120400000,754.16,754.452,753.655,753.73
1784121300000,753.78,754.29,753.609,754.29
1784122200000,754.23,755.57,754.162,754.37
1784123100000,754.44,754.57,753.2,754.4
1784124000000,754.52,755.31,754.388,754.81
1784124900000,754.74,755.54,753.36,754.625
1784125800000,754.65,754.86,752.84,753.505
1784126700000,753.35,753.83,752.76,753.49
1784127600000,753.53,754.12,753.01,753.15
1784128500000,753.035,753.6,752.25,753.6
1784129400000,753.66,753.84,753.07,753.125
1784130300000,753.01,753.21,752.29,752.68
1784131200000,752.67,752.79,751.15,751.23
1784132100000,751.21,751.37,750.44,750.83
1784133000000,750.97,751.19,750.24,750.9
1784133900000,750.92,752.31,750.73,751.637
1784134800000,751.7,752.4,751.6,751.795
1784135700000,751.8,752.84,751.77,752.83
1784136600000,752.83,753.45,752.804,753.305
1784137500000,753.32,754.5,753.26,754.14
1784138400000,754.165,754.755,754.159,754.57
1784139300000,754.535,754.85,754.22,754.63
1784140200000,754.63,754.93,754.02,754.03
1784141100000,754.03,754.033,753.12,753.17
1784142000000,753.14,753.9,753.05,753.71
1784142900000,753.78,753.82,753.17,753.571
1784143800000,753.635,754.2,753.1,754.11
1784144700000,754.06,754.79,753.505,754.76
1784145600000,754.73,754.92,754.339,754.47
1784146500000,754.34,754.78,754.31,754.75
1784147400000,754.53,754.728,754.49,754.63
1784148300000,754.7,754.81,754.57,754.69
1784149200000,754.58,754.835,754.551,754.771
1784150100000,754.77,754.851,754.506,754.506
1784151000000,754.527,754.684,754.527,754.684
1784151900000,754.71,754.77,754.6,754.77
1784152800000,754.59,755.182,754.578,754.85
1784153700000,754.902,754.902,754.667,754.675
1784154600000,754.679,754.767,754.555,754.609
1784155500000,754.611,754.855,754.443,754.843
1784156400000,754.844,754.95,754.789,754.876
1784157300000,754.878,755.007,754.757,755.007
1784158200000,755.008,755.169,754.871,755.044
1784159100000,755.045,755.059,754.601,754.685
1784160000000,754.54,755.73,754.54,755.68
1784160900000,755.75,755.82,754.95,754.96
1784161800000,755,755.23,754.65,754.67
1784162700000,754.67,755.08,754.55,754.61
1784163600000,754.77,754.85,754.44,754.62
1784164500000,754.45,754.46,754.14,754.32
1784165400000,754.26,754.64,754.22,754.33
1784166300000,754.39,754.93,754.38,754.58
1784167200000,754.54,754.54,754.21,754.39
1784168100000,754.39,755.07,754.38,754.95
1784169000000,754.99,755.2,754.91,754.92
1784169900000,754.99,755.4,754.99,755.36
1784170800000,755.42,755.55,755.26,755.47
1784171700000,755.43,755.45,755.13,755.19
1784172600000,755.39,755.55,755.35,755.37
1784173500000,755.36,755.51,755.24,755.51
1784174400000,755.49,755.72,755.44,755.64
1784175300000,755.64,755.64,755.3,755.3
1784176200000,755.37,755.37,755.13,755.29
1784177100000,755.25,755.36,755.16,755.33
1784178000000,755.31,755.7,755.1,755.7
1784178900000,755.7,755.99,755.69,755.89
1784179800000,755.86,756.22,754.81,755.14
1784180700000,755.05,755.05,754.68,754.86
1784181600000,754.91,755.52,754.47,755.2
1784182500000,755.22,755.32,754.85,754.94
1784183400000,754.84,754.85,754.25,754.66
1784184300000,754.58,754.97,754.45,754.97
1784185200000,754.91,754.91,754.12,754.25
1784186100000,754.09,754.43,753.96,754.18
1784187000000,754.21,754.23,753.7,753.76
1784187900000,753.69,753.79,753.17,753.37
1784188800000,753.1,754.452,752.519,753
1784189700000,752.55,753.46,752.525,753.21
1784190600000,753.4,753.726,753.147,753.4
1784191500000,753.446,754.114,753.446,754.093
1784192400000,754.39,754.464,754.095,754.39
1784193300000,754.31,754.601,754.186,754.31
1784194200000,754.29,754.37,753.978,754.29
1784195100000,753.8,754.042,753.62,753.91
1784196000000,753.61,753.86,753.356,753.57
1784196900000,753.26,753.74,753.26,753.31
1784197800000,753.61,753.745,753.331,753.52
1784198700000,753.473,753.519,753.227,753.372
1784199600000,753.376,753.38,752.779,753.177
1784200500000,753.26,753.452,752.57,752.85
1784201400000,752.74,753.099,752.644,752.95
1784202300000,752.55,752.898,751.27,752.11
1784203200000,752.29,752.951,751.98,752.02
1784204100000,752.224,752.512,751.551,751.848
1784205000000,751.82,751.97,751.258,751.43
1784205900000,751.56,752.07,751.366,751.78
1784206800000,752.56,752.707,751.806,752.54
1784207700000,752.78,752.846,752.557,752.66
1784208600000,752.78,753.52,751.11,751.25
1784209500000,751.28,752.245,750.705,751.93
1784210400000,751.78,753.6,751.7,753.355
1784211300000,753.37,754.38,753.07,754.34
1784212200000,754.34,754.48,753.785,754.366
1784213100000,754.33,754.56,753.42,754.19
1784214000000,754.225,754.353,753.08,753.31
1784214900000,753.35,754.43,752.97,753.83
1784215800000,753.58,754.39,753.27,753.68
1784216700000,753.66,754.08,753.05,753.595
1784217600000,753.595,753.602,751.99,752.03
1784218500000,752,752.526,751.47,751.99
1784219400000,751.96,752.535,751.775,751.98
1784220300000,751.97,752.96,751.63,752.845
1784221200000,752.862,752.905,752.15,752.192
1784222100000,752.2,752.86,752.05,752.705
1784223000000,752.72,752.81,751.09,751.34
1784223900000,751.36,751.88,751.08,751.355
1784224800000,751.29,751.475,750.48,750.74
1784225700000,750.757,751.71,750.47,750.907
1784226600000,750.93,750.93,749.92,750.51
1784227500000,750.33,750.93,750.13,750.24
1784228400000,750.22,750.68,749.59,749.73
1784229300000,749.745,750.01,748.86,749.125
1784230200000,749.122,749.15,748.39,748.52
1784231100000,748.44,751.05,747.89,750.8
1784232000000,750.48,750.868,749.851,749.88
1784232900000,749.9,750.38,749.766,750.07
1784233800000,749.89,750.15,749.763,750.13
1784234700000,749.96,750.092,749.858,749.96
1784235600000,750.03,750.256,749.915,750.03
1784236500000,750.05,750.065,749.985,750.05
1784237400000,750.04,750.144,750.006,750.04
1784238300000,750.1,750.287,750.1,750.28
1784239200000,750.26,750.523,750.08,750.14
1784240100000,749.83,750.124,749.785,749.83
1784241000000,749.801,749.885,749.636,749.804
1784241900000,749.51,749.806,749.483,749.6
1784242800000,749.65,749.773,749.262,749.554
1784243700000,749.08,749.555,749.004,749.17
1784244600000,749.41,749.467,748.803,749.42
1784245500000,749.301,749.373,749.009,749.116
1784246400000,749.6,749.68,748.64,748.64
1784247300000,748.75,749.08,748.36,748.36
1784248200000,748.28,748.47,748.08,748.24
1784249100000,748.17,749,748.17,748.7
1784250000000,748.6,748.98,747.96,747.96
1784250900000,748.26,748.26,747.8,748.15
1784251800000,748.13,748.13,747.25,747.33
1784252700000,747.31,747.47,746.99,747.19
1784253600000,747.26,747.32,746.83,747.01
1784254500000,746.95,746.96,746.47,746.6
1784255400000,746.58,746.66,746.28,746.6
1784256300000,746.69,746.69,746.06,746.45
1784257200000,746.45,746.9,746.32,746.86
1784258100000,746.9,747.49,746.89,747.29
1784259000000,747.32,747.32,746.31,746.39
1784259900000,746.35,746.35,745.89,745.89
1784260800000,745.86,745.86,745.22,745.26
1784261700000,745.27,745.36,744.75,744.82
1784262600000,744.79,744.88,744.4,744.85
1784263500000,744.97,745.29,744.82,744.84
1784264400000,744.81,744.96,744.59,744.77
1784265300000,744.61,744.86,744.46,744.61
1784266200000,744.63,744.84,743.77,744.21
1784267100000,744,744.52,744,744.52
1784268000000,744.67,744.91,744.42,744.84
1784268900000,744.77,745.71,744.77,745.67
1784269800000,745.71,745.75,744.84,744.94
1784270700000,744.94,744.94,744.38,744.66
1784271600000,744.67,745.01,744.46,744.78
1784272500000,744.98,745.1,744.51,744.97
1784273400000,745.15,745.28,744.69,744.86
1784274300000,744.78,744.84,744.51,744.53
1784275200000,744.605,748.392,744.103,744.15
1784276100000,743.36,744.182,743.034,743.12
1784277000000,742.66,743.648,742.636,742.8
1784277900000,742.98,743.848,742.884,742.91
1784278800000,743.51,744.044,743.221,743.51
1784279700000,743.72,744.488,743.681,743.72
1784280600000,744.489,744.489,743.813,743.823
1784281500000,743.98,744.51,743.824,744.38
1784282400000,744.5,745.146,744.226,744.77
1784283300000,744.94,745.225,744.659,745.07
1784284200000,745.39,745.646,745.043,745.39
1784285100000,745.26,745.464,745.11,745.32
1784286000000,745.18,745.644,744.748,745.12
1784286900000,744.69,745.119,744.491,744.94
1784287800000,745.129,745.328,744.851,744.887
1784288700000,744.886,745.55,744.781,745.376
1784289600000,745.04,745.406,744.4,744.48
1784290500000,744.53,744.681,744.26,744.27
1784291400000,744.32,744.466,744.065,744.32
1784292300000,744.19,744.462,743.801,743.93
1784293200000,743.938,743.944,742.845,742.845
1784294100000,742.62,743.135,741.94,741.94
1784295000000,742.1,742.65,740.81,741.05
1784295900000,741.03,744.83,740.98,744.83
1784296800000,744.8,746.8,744.71,746.33
1784297700000,746.311,747.27,746.17,746.325
1784298600000,746.345,746.78,745.6,745.87
1784299500000,745.75,746.56,744.86,745.06
1784300400000,745.16,745.21,744.12,744.29
1784301300000,744.26,745.532,743.95,745.42
1784302200000,745.43,745.885,744.48,745.485
1784303100000,745.45,747.07,744.84,746.86
1784304000000,746.88,747.11,744.94,746.3
1784304900000,746.365,746.54,745.15,745.95
1784305800000,745.89,746.43,745.55,746.35
1784306700000,746.42,747.26,746.16,746.304
1784307600000,746.36,747.12,746.29,746.545
1784308500000,746.4,747.01,745.97,746.845
1784309400000,746.88,746.98,745.52,745.59
1784310300000,745.595,745.88,744.39,744.6
1784311200000,744.59,745.11,744.09,744.12
1784312100000,744.125,744.17,743.24,743.71
1784313000000,743.75,744.31,743.09,743.28
1784313900000,743.21,744.64,743.11,744.44
1784314800000,744.39,744.444,742.72,742.778
1784315700000,742.765,743.25,742.15,743.14
1784316600000,743.19,743.63,742.61,743.49
1784317500000,743.46,744.38,742.95,743.22
1784318400000,743.22,743.24,742.06,742.39
1784319300000,742.3,742.859,742.21,742.81
1784320200000,742.93,743.103,742.804,743.1
1784321100000,743.108,743.244,742.913,743.061
1784322000000,743.057,743.115,742.775,742.89
1784322900000,742.89,743.039,742.79,742.9
1784323800000,743.015,743.299,742.961,743.241
1784324700000,743.32,743.327,743.123,743.32
1784325600000,743.18,743.278,743.061,743.18
1784326500000,743.2,743.395,743.2,743.2
1784327400000,743.32,743.57,743.22,743.33
1784328300000,743.52,743.614,743.406,743.446
1784329200000,743.445,743.505,743.131,743.166
1784330100000,743.166,743.175,743.065,743.13
1784331000000,742.72,743.134,742.72,742.72
1784331900000,742.75,742.825,742.453,742.72
1784332800000,742.462,742.499,742.462,742.499
1784505600000,743.62,745.26,743.16,745.01
1784506500000,745,745.25,744.6,744.74
1784507400000,744.72,744.72,743.91,744.05
1784508300000,744,744.26,743.8,743.87
1784509200000,744,744.74,743.94,743.94
1784510100000,743.97,744.24,743.46,743.47
1784511000000,743.45,743.62,742.96,743.02
1784511900000,743.12,743.32,742.66,743.13
1784512800000,743.16,744.19,743.16,743.55
1784513700000,743.57,743.61,743.01,743.34
1784514600000,743.34,744.47,743.34,744.26
1784515500000,744.33,744.61,744.1,744.18
1784516400000,744.1,744.39,743.74,743.9
1784517300000,743.88,744.28,743.87,743.99
1784518200000,743.99,744.33,743.96,744.33
1784519100000,744.32,744.58,744.02,744.14
1784520000000,744.16,744.18,743.74,743.74
1784520900000,743.74,744.26,743.5,744.24
1784521800000,744.38,744.84,744.29,744.84
1784522700000,744.65,745.02,744.44,744.44
1784523600000,744.59,744.59,743.41,743.9
1784524500000,743.71,743.91,743.53,743.64
1784525400000,743.57,743.6,743.28,743.28
1784526300000,743.34,743.45,743.07,743.18
1784527200000,743.31,743.46,743.11,743.17
1784528100000,743.15,743.3,742.94,743.15
1784529000000,742.98,743.36,742.78,743.17
1784529900000,743.25,743.3,742.99,743.09
1784530800000,743.39,743.79,743.39,743.47
1784531700000,743.53,744.55,743.4,744.55
1784532600000,744.54,745.43,744.54,745.17
1784533500000,745.17,745.36,744.74,745.29
1784534400000,745.35,745.563,742.943,745.45
1784535300000,745.29,745.674,745.275,745.29
1784536200000,745.05,745.338,744.846,745.04
1784537100000,744.97,745.119,744.787,745.02
1784538000000,744.7,745.085,744.69,744.85
1784538900000,744.86,745.322,744.829,745.2
1784539800000,745.16,745.59,745.15,745.15
1784540700000,745.87,746.229,745.582,746.22
1784541600000,745.78,745.78,745.355,745.56
1784542500000,745.28,745.591,745.222,745.42
1784543400000,745.65,745.671,745.305,745.46
1784544300000,745.502,745.938,745.432,745.696
1784545200000,745.7,746.417,745.651,746.22
1784546100000,746.23,746.319,745.821,745.85
1784547000000,746.13,747.909,745.884,747.44
1784547900000,747.27,747.597,746.79,747.09
1784548800000,746.73,747.067,745.66,745.96
1784549700000,746.25,746.59,745.952,746.56
1784550600000,746.6,746.65,746.035,746.17
1784551500000,746.09,746.594,745.87,746.09
1784552400000,746.27,746.645,746.22,746.305
1784553300000,746.29,747.15,746.199,747.03
1784554200000,747.05,748.69,746.819,748.55
1784555100000,748.54,748.67,745.52,745.72
1784556000000,745.62,746.34,744.77,744.86
1784556900000,744.98,745.75,744.275,745.75
1784557800000,745.66,745.95,744.79,744.93
1784558700000,744.875,745.73,743.72,744.105
1784559600000,744.12,745.49,743.81,744.8
1784560500000,744.812,745.96,744.645,745.831
1784561400000,745.88,746.03,745.29,745.93
1784562300000,745.99,746.43,745.13,746.005
1784563200000,746,746.99,745.59,746.75
1784564100000,746.805,746.87,746.16,746.47
1784565000000,746.49,746.74,744.47,745.42
1784565900000,745.41,746.19,744.75,745
1784566800000,744.94,745.17,743.87,743.91
1784567700000,743.87,744.49,743.57,744.13
1784568600000,744.128,744.53,743.65,743.751
1784569500000,743.755,744.92,743.62,744.54
1784570400000,744.64,745.2,744.54,745.05
1784571300000,745.03,745.37,744.17,744.55
1784572200000,744.49,744.508,742.57,742.57
1784573100000,742.604,743.21,742.44,742.764
1784574000000,742.79,743.2,741.72,741.73
1784574900000,741.7,742.93,741.54,742.74
1784575800000,742.78,743.35,742.36,742.99
1784576700000,743.01,743.24,741.63,742.13
1784577600000,742.22,742.86,741.739,741.89
1784578500000,741.74,741.806,741.338,741.43
1784579400000,741.96,741.96,741.526,741.83
1784580300000,741.88,742.014,741.763,742.01
1784581200000,741.988,742.069,741.79,741.833
1784582100000,741.83,741.999,741.82,741.965
1784583000000,741.965,741.968,741.905,741.905
1784583900000,741.95,742.039,741.861,741.95
1784584800000,742.06,742.109,741.031,741.39
1784585700000,741.29,741.35,741.166,741.17
1784586600000,741.219,741.295,740.986,741.219
1784587500000,741.22,741.33,741.061,741.18
1784588400000,741.37,741.926,741.139,741.75
1784589300000,741.901,742.571,741.896,742.57
1784590200000,742.557,742.686,742.428,742.516
1784591100000,741.8,742.608,741.734,741.8
1784592000000,741.59,742.154,741.21,741.5
1784592900000,741.48,742.55,741.16,742.31
1784593800000,742.51,743.11,742.46,742.96
1784594700000,742.95,743.28,742.83,743.04
1784595600000,742.9,743.54,742.7,743.53
1784596500000,743.57,743.62,743.18,743.38
1784597400000,743.37,743.52,742.85,742.95
1784598300000,742.88,743.28,742.87,742.92
1784599200000,743,743.7,742.96,742.99
1784600100000,743.03,743.39,742.6,743.15
1784601000000,743.17,743.85,743.17,743.81
1784601900000,743.73,743.86,743.57,743.86
1784602800000,743.88,744.13,743.88,744.08
1784603700000,744.08,744.49,744.03,744.49
1784604600000,744.46,744.8,744.43,744.64
1784605500000,744.75,744.95,744.75,744.93
1784606400000,744.97,745.31,744.96,745.09
1784607300000,745.07,745.16,744.99,745.09
1784608200000,745.08,745.25,745.01,745.16
1784609100000,745.06,745.22,744.99,745.09
1784610000000,745.12,745.13,744.83,744.88
1784610900000,744.86,745.33,744.67,745.24
1784611800000,745.35,745.84,745.17,745.8
1784612700000,745.76,745.91,745.57,745.74
1784613600000,745.72,745.91,745.59,745.81
1784614500000,745.76,745.87,745.52,745.66
1784615400000,745.78,746.39,745.78,746.13
1784616300000,746.04,746.15,745.91,746.01
1784617200000,746.03,746.46,745.8,745.91
1784618100000,745.84,745.85,745.32,745.35
1784619000000,745.27,745.7,745.1,745.39
1784619900000,745.35,745.45,742.151,745.45
1784620800000,745.37,745.932,742.706,745.42
1784621700000,745.98,746.095,745.826,745.95
1784622600000,746.08,746.244,745.95,746.08
1784623500000,745.91,746.175,745.859,745.91
1784624400000,746.018,746.281,746.011,746.196
1784625300000,746.196,746.452,746.004,746.004
1784626200000,745.895,746.2,745.843,745.895
1784627100000,745.994,746.352,745.88,745.978
1784628000000,746.22,746.393,745.77,746.23
1784628900000,746.05,746.29,745.996,746.03
1784629800000,746.13,746.503,745.896,746.44
1784630700000,746.16,746.36,745.741,746.11
1784631600000,745.99,746.022,745.321,745.39
1784632500000,745.647,745.647,745.03,745.18
1784633400000,745.4,745.712,745.17,745.65
1784634300000,745.52,745.572,745.113,745.39
1784635200000,745.28,745.81,745.107,745.51
1784636100000,745.33,745.536,744.816,745.01
1784637000000,744.85,744.956,744.28,744.28
1784637900000,745.02,745.402,744.654,745.29
1784638800000,745.15,745.259,744.923,745.09
1784639700000,745.19,746.15,745.088,746.15
1784640600000,746.3,746.61,744.3,744.429
1784641500000,744.515,745.36,744.23,745.325
1784642400000,745.38,745.86,744.965,745.715
1784643300000,745.66,746.99,744.78,746.855
1784644200000,746.89,747.24,745.77,746.6
1784645100000,746.61,747.25,746.29,746.74
1784646000000,746.78,747.51,745.86,747.22
1784646900000,747.26,748.01,747.155,748.01
1784647800000,747.86,747.94,747.43,747.56
1784648700000,747.57,747.96,747.48,747.48
1784649600000,747.495,748.28,747.495,748.21
1784650500000,748.25,748.755,748.222,748.66
1784651400000,748.625,748.73,748.48,748.61
1784652300000,748.625,749.04,748.41,748.72
1784653200000,748.699,748.855,748.54,748.608
1784654100000,748.61,748.65,748.24,748.335
1784655000000,748.37,748.79,748.23,748.67
1784655900000,748.67,748.94,748.44,748.58
1784656800000,748.58,748.745,748.13,748.18
1784657700000,748.17,748.41,748.055,748.22
1784658600000,748.22,748.6,747.945,748.55
1784659500000,748.53,748.62,748.23,748.36
1784660400000,748.37,748.46,748.08,748.24
1784661300000,748.259,748.47,748.19,748.265
1784662200000,748.25,748.59,748.14,748.5
1784663100000,748.5,748.65,748.135,748.155
1784664000000,748.26,748.37,747.85,748.19
1784664900000,747.99,748.172,747.835,747.89
1784665800000,747.856,748.078,747.855,747.992
1784666700000,747.96,748.019,747.852,747.91
1784667600000,747.992,748.078,747.971,747.996
1784668500000,747.995,748.205,747.995,748.165
1784669400000,748.163,748.166,748.005,748.161
1784670300000,748.162,748.269,748.135,748.148
1784671200000,748.149,748.149,747.855,748.131
1784672100000,747.86,748.226,747.826,747.86
1784673000000,747.853,747.933,747.76,747.84
1784673900000,747.828,747.828,747.581,747.774
1784674800000,747.775,747.886,747.712,747.864
1784675700000,747.865,748.08,747.759,748.01
1784676600000,747.87,748.101,747.726,747.87
1784677500000,747.775,748.107,747.775,748.068
1784678400000,747.99,748.44,747.99,748.28
1784679300000,748.21,748.29,747.84,747.84
1784680200000,748.01,748.04,747.74,747.85
1784681100000,747.86,748.01,747.56,748
1784682000000,748,748.04,747.44,747.62
1784682900000,747.61,747.71,747.29,747.35
1784683800000,747.3,747.61,747.29,747.58
1784684700000,747.6,748.21,747.55,747.93
1784685600000,747.94,747.94,747.49,747.73
1784686500000,747.76,747.98,747.7,747.98
1784687400000,747.91,747.91,747.61,747.89
1784688300000,747.94,748.11,747.82,747.99
1784689200000,747.91,748.04,747.6,747.65
1784690100000,747.66,748.24,747.65,748.19
1784691000000,748.19,748.19,747.7,747.74
1784691900000,747.82,747.83,747.23,747.32
1784692800000,747.4,747.68,747.19,747.53
1784693700000,747.61,747.74,747.61,747.69
1784694600000,747.67,747.67,747.45,747.58
1784695500000,747.57,747.66,747.39,747.66
1784696400000,747.66,747.69,747.26,747.42
1784697300000,747.31,747.49,747.2,747.38
1784698200000,747.29,747.44,747.09,747.13
1784699100000,747.08,747.5,747.04,747.41
1784700000000,747.43,747.46,747.08,747.23
1784700900000,747.09,747.13,746.27,746.37
1784701800000,746.3,746.77,746.25,746.45
1784702700000,746.28,746.43,745.95,746.19
1784703600000,746.04,746.15,745.51,746.15
1784704500000,746.15,746.52,746.04,746.38
1784705400000,746.36,746.4,745.08,745.44
1784706300000,745.57,745.65,745.2,745.46
1784707200000,745.6,747.638,745.427,745.685
1784708100000,745.525,746.172,745.52,746.141
1784709000000,746.31,746.446,746.012,746.31
1784709900000,746.011,746.42,746.011,746.363
1784710800000,746.66,746.989,746.347,746.71
1784711700000,746.81,746.929,746.59,746.59
1784712600000,746.603,746.603,746.083,746.365
1784713500000,746.365,746.457,745.91,746.391
1784714400000,746.413,746.854,746.392,746.392
1784715300000,746.77,747.088,746.316,746.92
1784716200000,746.85,747.059,746.501,746.54
1784717100000,746.62,747.004,746.488,746.87
1784718000000,746.71,746.835,746.398,746.42
1784718900000,746.29,746.547,746.13,746.13
1784719800000,746.17,746.499,745.07,745.14
1784720700000,745.54,746.158,745.459,745.61
1784721600000,745.598,745.811,745.31,745.713
1784722500000,745.27,745.744,745.1,745.3
1784723400000,745.74,746.127,745.504,746.09
1784724300000,745.58,746.029,744.63,745.29
1784725200000,745.37,745.908,745.302,745.89
1784726100000,745.758,746.677,745.73,746.674
1784727000000,746.77,747.68,746.42,747.58
1784727900000,747.58,748.76,747.41,748.76
1784728800000,748.765,749.38,748.15,748.24
1784729700000,748.26,748.44,747.08,747.27
1784730600000,747.26,747.79,746.79,746.79
1784731500000,746.815,747.98,746.72,747.975
1784732400000,747.97,749.03,747.9,748.875
1784733300000,748.895,749.66,748.54,749.42
1784734200000,749.41,749.51,748.77,748.975
1784735100000,749.06,749.77,748.986,749.74
1784736000000,749.77,749.9,749.5,749.71
1784736900000,749.72,750.03,749.68,749.84
1784737800000,749.83,750,749.66,749.73
1784738700000,749.76,749.95,749.49,749.83
1784739600000,749.81,749.94,749.25,749.31
1784740500000,749.3,749.403,748.965,749.06
1784741400000,749.06,749.4,748.86,749.13
1784742300000,749.123,749.22,748.39,748.515
1784743200000,748.505,748.71,748,748.09
1784744100000,748.02,748.56,748.02,748.45
1784745000000,748.47,748.484,748.06,748.31
1784745900000,748.275,748.6,748.12,748.43
1784746800000,748.45,748.45,747.82,747.9
1784747700000,747.83,748.19,747.66,747.99
1784748600000,747.97,747.994,747.36,747.795
1784749500000,747.79,748.31,747.41,747.5
1784750400000,747.43,748.794,747.051,748.794
1784751300000,748.814,749.034,748.33,748.524
1784752200000,748.48,748.579,748.06,748.48
1784753100000,748.19,748.546,747.926,748.25
1784754000000,747.9,748.267,747.17,747.37
1784754900000,747.37,747.56,747.154,747.48
1784755800000,746.81,747.225,746.565,746.85
1784756700000,746.561,746.905,746.361,746.84
1784757600000,746.1,747.225,746.034,746.31
1784758500000,746.05,746.358,745.86,745.94
1784759400000,745.935,745.97,745.32,745.445
1784760300000,745.45,746.12,745.392,746.08
1784761200000,745.46,745.969,745.46,745.6
1784762100000,745.51,745.844,745.486,745.7
1784763000000,745.9,746.025,745.661,745.9
1784763900000,746.45,746.648,745.991,746.45
1784764800000,746.651,747.11,746.64,746.94
1784765700000,746.88,748.23,746.83,747.88
1784766600000,747.91,748.33,747.8,748.2
1784767500000,748.21,748.66,748.12,748.57
1784768400000,748.42,748.71,748.25,748.5
1784769300000,748.47,748.54,748.14,748.19
1784770200000,748.21,748.32,747.7,747.7
1784771100000,747.71,747.97,747.61,747.67
1784772000000,747.6,747.91,747.4,747.5
1784772900000,747.4,747.46,746.77,746.82
1784773800000,746.85,747.17,746.5,746.6
1784774700000,746.67,746.93,746.51,746.88
1784775600000,746.78,746.89,745.98,746.26
1784776500000,746.15,746.31,745.9,746.25
1784777400000,746.48,746.58,746.09,746.54
1784778300000,746.58,746.71,746.44,746.51
1784779200000,746.41,746.63,745.97,746.63
1784780100000,746.69,747.11,746.49,746.99
1784781000000,746.98,747.09,746.79,746.79
1784781900000,746.77,746.97,746.41,746.6
1784782800000,746.41,746.53,746.3,746.53
1784783700000,746.35,747.09,746.26,747.09
1784784600000,747.12,747.34,746.7,746.72
1784785500000,746.72,746.72,746.01,746.15
1784786400000,746.08,746.32,746,746.26
1784787300000,746.27,746.41,746.12,746.4
1784788200000,746.34,746.34,745.86,745.86
1784789100000,745.87,746.19,745.79,745.81
1784790000000,745.75,745.76,743.72,744.32
1784790900000,744.55,745.14,744.42,744.85
1784791800000,744.56,744.57,743.65,743.66
1784792700000,743.63,744.23,743.41,744.15
1784793600000,744.02,746.274,743.769,744.41
1784794500000,745.13,745.354,744.747,745.13
1784795400000,745.137,745.253,744.685,744.685
1784796300000,744.68,745.768,744.611,745.768
1784797200000,745.769,746.271,745.363,745.363
1784798100000,745.2,745.48,745.103,745.2
1784799000000,745.178,745.185,744.843,745.137
1784799900000,745.12,745.319,744.77,744.97
1784800800000,745.04,745.129,744.689,745
1784801700000,744.704,745.225,744.704,745.065
1784802600000,745.1,746.167,745.065,745.83
1784803500000,745.94,746.039,745.781,745.83
1784804400000,745.54,745.859,744.881,745.54
1784805300000,744.81,745.357,744.213,744.24
1784806200000,744.21,744.355,742.924,743.11
1784807100000,743.01,743.92,742.946,743.78
1784808000000,743.7,743.946,743.137,743.23
1784808900000,743.23,743.459,741.78,741.78
1784809800000,742.05,742.051,740.633,740.74
1784810700000,741,741.05,740.2,740.68
1784811600000,740.51,740.697,739.43,739.77
1784812500000,739.91,739.92,739.01,739.45
1784813400000,739.29,742.55,738.48,741.97
1784814300000,741.855,741.947,739.29,739.58
1784815200000,739.59,740.91,738.89,739.77
1784816100000,739.64,740.445,738.99,739.785
1784817000000,739.73,740.58,738.595,738.86
1784817900000,738.845,739.45,738.02,738.381
1784818800000,738.41,738.47,736.46,736.64
1784819700000,736.62,737.68,735.8,735.91
1784820600000,735.9,737.62,735.24,736.685
1784821500000,736.67,737.89,736.38,737.845
1784822400000,737.845,738.825,737.56,738.623
1784823300000,738.635,739.645,738.28,739.455
1784824200000,739.45,739.71,738.96,738.96
1784825100000,738.97,738.985,737.77,738.63
1784826000000,738.43,738.91,737.78,738.58
1784826900000,738.55,739.19,738.17,738.755
1784827800000,738.75,738.784,737.27,737.69
1784828700000,737.69,738.26,737.12,737.185
1784829600000,737.04,737.36,736.81,737.01
1784830500000,737.007,737.5,736.87,737.388
1784831400000,737.46,737.66,736.61,736.81
1784832300000,736.93,737.43,736.62,737.05
1784833200000,737.12,737.36,736.48,736.65
1784834100000,736.6,737.9,736.59,737.47
1784835000000,737.465,737.68,736.26,736.335
1784835900000,736.28,738.55,735.71,738.08
1784836800000,738.46,739.391,738.33,739.16
1784837700000,739.24,739.618,739.157,739.4
1784838600000,739.35,739.658,739.173,739.24
1784839500000,739.201,739.399,739.101,739.353
1784840400000,739.44,739.505,739.053,739.25
1784841300000,738.8,739.228,738.79,738.79
1784842200000,738.85,738.935,738.665,738.7
1784843100000,738.82,738.912,738.661,738.82
1784844000000,738.55,739.019,738.235,738.38
1784844900000,738.7,738.887,738.29,738.7
1784845800000,738.6,738.886,738.557,738.754
1784846700000,739.18,739.234,738.736,739.18
1784847600000,739.229,739.243,738.71,738.812
1784848500000,738.91,738.961,738.761,738.84
1784849400000,738.77,738.905,738.433,738.77
1784850300000,738.716,739.037,738.456,738.753
1784851200000,739.34,739.6,738.51,738.86
1784852100000,738.94,739.65,738.65,739.26
1784853000000,739.06,739.65,738.87,739.6
1784853900000,739.58,739.81,739.09,739.56
1784854800000,739.61,739.8,739.38,739.38
1784855700000,739.44,739.86,739.22,739.5
1784856600000,739.5,740.01,739.35,739.81
1784857500000,739.76,739.79,739.17,739.18
1784858400000,739.2,739.41,738.99,739.3
1784859300000,739.2,739.35,738.98,739.22
1784860200000,739.06,739.06,738.45,738.46
1784861100000,738.44,738.44,738.09,738.1
1784862000000,738.17,738.4,738.06,738.32
1784862900000,738.31,738.51,738.19,738.34
1784863800000,738.34,738.41,738.01,738.02
1784864700000,738.04,738.26,737.84,737.84
1784865600000,737.92,738.19,737.72,737.9
1784866500000,737.81,738.59,737.81,738.59
1784867400000,738.57,738.57,738,738.01
1784868300000,738.11,738.49,738.02,738.45
1784869200000,738.55,738.9,738.35,738.74
1784870100000,738.63,738.99,738.59,738.86
1784871000000,738.8,738.9,738.55,738.9
1784871900000,738.92,739.13,738.39,738.39
1784872800000,738.4,738.4,737.88,737.88
1784873700000,737.97,738.78,737.88,738.26
1784874600000,738.27,738.54,737.95,737.95
1784875500000,737.88,738.45,737.62,738.45
1784876400000,738.42,739.76,738.4,739.76
1784877300000,739.68,740.38,739.59,740.28
1784878200000,740.39,740.49,739.74,739.74
1784879100000,739.85,739.98,739.74,739.9
1784880000000,739.81,739.81,738.917,739.26
1784880900000,739.321,740.005,739.261,739.989
1784881800000,739.991,740.333,739.904,740.068
1784882700000,740.072,740.115,739.789,739.895
1784883600000,739.901,740.646,739.804,740.087
1784884500000,740.21,740.636,739.984,740.21
1784885400000,740.7,740.818,740.41,740.81
1784886300000,740.7,740.829,740.552,740.7
1784887200000,740.748,740.829,740.168,740.32
1784888100000,740.28,740.399,740.11,740.12
1784889000000,740.36,740.578,740.068,740.155
1784889900000,740.16,740.292,739.991,740.05
1784890800000,740.21,740.391,739.996,740.21
1784891700000,740.25,740.353,740.01,740.01
1784892600000,740,740.17,739.71,739.71
1784893500000,739.7,740.92,739.532,740.92
1784894400000,740.56,740.85,739.926,740.56
1784895300000,740.47,740.85,740.451,740.76
1784896200000,740.56,740.91,739.693,739.73
1784897100000,739.66,739.747,739.074,739.205
1784898000000,739.25,739.261,738.857,739.25
1784898900000,739.154,739.426,738.6,738.605
1784899800000,738.505,739.62,738.42,738.83
1784900700000,738.69,739.86,737.44,737.625
1784901600000,737.55,739.9,737.34,739.54
1784902500000,739.59,739.95,738.02,739.31
1784903400000,739.18,739.287,737.85,737.85
1784904300000,737.8,740.68,737.44,740.64
1784905200000,740.61,742.17,739.59,741.99
1784906100000,741.83,743.12,741.35,742.55
1784907000000,742.56,743.215,742.05,742.36
1784907900000,742.39,743.11,742.01,742.99
1784908800000,743.03,743.72,742.66,742.98
1784909700000,742.99,743.55,742.82,743.18
1784910600000,743.17,743.221,741.63,741.7
1784911500000,741.61,741.81,740.78,741.47
1784912400000,741.42,741.57,740.32,740.94
1784913300000,740.93,741.795,740.68,741.74
1784914200000,741.75,742.14,741.08,741.1
1784915100000,741.06,741.53,740.93,741.01
1784916000000,740.965,741.265,740.48,740.58
1784916900000,740.58,740.623,739.02,739.09
1784917800000,739,739.15,737.65,737.81
1784918700000,737.88,738.72,737.864,738.39
1784919600000,738.6,738.89,737.51,737.59
1784920500000,737.604,738,737.29,737.75
1784921400000,737.747,738.65,737.66,738.29
1784922300000,738.29,739.1,737.63,738.91
1784923200000,738.67,738.92,738.25,738.65
1784924100000,738.79,739.059,738.49,738.65
1784925000000,738.11,738.515,738.01,738.5
1784925900000,738.53,738.712,738.31,738.61
1784926800000,738.19,738.753,737.95,738
1784927700000,738.068,738.65,737.955,738.63
1784928600000,738.631,739.229,738.631,739.15
1784929500000,739.144,739.144,738.852,738.89
1784930400000,738.82,738.925,738.708,738.82
1784931300000,738.753,738.765,738.688,738.765
1784932200000,738.94,739.075,738.765,738.96
1784933100000,738.835,738.978,738.562,738.562
1784934000000,738.561,738.76,738.56,738.76
1784934900000,738.59,738.76,738.571,738.59
1784935800000,738.656,738.656,738.395,738.591
1784936700000,738.31,738.599,738.255,738.31
1784937600000,738.51,738.657,738.51,738.657
1784945700000,738.23,738.23,738.23,738.23
1784952900000,738.35,738.35,738.35,738.35
1784954700000,738.35,738.55,738.35,738.55
1784955600000,738.55,738.95,738.55,738.95
1784961900000,738.4,740.2,738.4,740.2
1784964600000,738.98,739.04,738.98,739.04
1784967300000,739.06,739.06,739.06,739.06
1784974500000,739.36,739.36,739.36,739.36
1784979900000,739.38,739.38,739.38,739.38
1784984400000,739.36,739.36,739.03,739.03
1784989800000,739.03,739.03,738.8,738.8
1784991600000,739.41,739.41,739.41,739.41
1785001500000,739.43,739.53,739.05,739.53
1785020400000,739.81,739.81,739.81,739.81
1785024000000,740.13,740.2,740.13,740.2
1785024900000,740.26,740.4,740.26,740.4
1785027600000,740.65,740.65,740.65,740.65
1785035700000,740.7,740.7,740.7,740.7
1785056400000,740.7,740.7,740.7,740.7
1785058200000,740.7,740.89,740.7,740.89
1785059100000,740.75,740.75,740.75,740.75
1785060900000,740.75,740.75,740.75,740.75
1785072600000,740.95,740.95,740.95,740.95
1785077100000,741.04,741.04,741.04,741.04
1785083400000,741.23,741.23,741.23,741.23
1785091500000,741.28,741.28,741.28,741.28
1785096900000,741.41,741.41,741.41,741.41
1785105000000,741.41,741.41,741.41,741.41
1785110400000,743.9,745.24,741.88,744.94
1785111300000,744.94,744.94,743.75,744.08
1785112200000,744.14,744.25,743.55,743.6
1785113100000,743.61,743.99,743.35,743.37
1785114000000,743.41,743.72,743.12,743.17
1785114900000,743.16,743.26,742.86,743.19
1785115800000,743.21,744.03,743.21,743.57
1785116700000,743.69,743.95,743.64,743.81
1785117600000,743.95,744.11,743.75,743.97
1785118500000,744.04,744.31,743.89,744.19
1785119400000,744.05,744.34,743.84,744.27
1785120300000,744.27,744.28,743.95,744.15
1785121200000,744.26,744.41,744.04,744.39
1785122100000,744.41,744.44,744.19,744.27
1785123000000,744.19,744.27,744,744.19
1785123900000,744.21,744.23,743.99,744.05
1785124800000,744.21,744.3,744.13,744.28
1785125700000,744.37,744.46,744.14,744.26
1785126600000,744.19,744.66,744.17,744.6
1785127500000,744.66,744.75,744.56,744.61
1785128400000,744.63,745.01,744.55,744.98
1785129300000,744.98,745.13,744.92,745.06
1785130200000,745.13,745.6,745.1,745.34
1785131100000,745.3,745.59,745.3,745.48
1785132000000,745.51,746.06,745.51,745.77
1785132900000,745.81,745.92,745.5,745.64
1785133800000,745.59,745.77,745.43,745.47
1785134700000,745.43,745.48,745.18,745.34
1785135600000,745.29,745.78,745.26,745.78
1785136500000,745.74,745.8,745.42,745.53
1785137400000,745.46,745.46,745.03,745.28
1785138300000,745.27,745.35,744.75,744.75
1785139200000,745.015,745.317,739.68,744.91
1785140100000,745.315,745.639,745.129,745.599
1785141000000,745.76,746.044,745.456,746
1785141900000,746.014,746.104,745.866,746.044
1785142800000,745.83,746.043,745.775,745.83
1785143700000,745.806,746.119,745.791,745.905
1785144600000,745.906,746.35,745.832,746.325
1785145500000,746.45,746.538,746.291,746.45
1785146400000,746.22,746.429,746.005,746.22
1785147300000,746.194,746.293,746.101,746.259
1785148200000,746.26,746.374,746.086,746.29
1785149100000,746.32,746.502,746.296,746.39
1785150000000,746.27,746.324,745.833,745.882
1785150900000,745.88,746.019,745.09,745.1
1785151800000,745.34,745.6,745.167,745.42
1785152700000,745.45,745.457,745.276,745.33
1785153600000,744.91,745.617,744.65,744.65
1785154500000,744.87,745.037,744.65,744.95
1785155400000,744.89,745.34,744.811,745.34
1785156300000,745.28,745.552,745.258,745.33
1785157200000,745.42,745.597,745.147,745.55
1785158100000,745.345,745.482,744.899,744.899
1785159000000,744.9,745.51,743.44,743.44
1785159900000,743.59,744.13,741.61,741.61
1785160800000,741.625,742.085,740.48,741.07
1785161700000,740.98,741.57,738.285,738.32
1785162600000,738.315,738.55,736.555,736.741
1785163500000,736.87,739.86,736.762,739.75
1785164400000,739.73,740.29,739.1,739.41
1785165300000,739.36,739.47,737.88,738.31
1785166200000,738.236,738.24,736.33,737.352
1785167100000,737.45,737.66,736.7,737.494
1785168000000,737.5,738.64,737.41,737.46
1785168900000,737.365,739.63,736.9,738.715
1785169800000,738.68,739.34,738.1,738.35
1785170700000,738.41,738.775,736.67,737.02
1785171600000,737.03,737.09,736.06,736.68
1785172500000,736.62,736.76,735.87,736.24
1785173400000,736.21,737.24,736.19,736.77
1785174300000,736.84,737.85,736.62,737.8
1785175200000,737.816,737.96,737.49,737.75
1785176100000,737.81,737.81,737.04,737.66
1785177000000,737.64,737.64,736.63,737.45
1785177900000,737.51,739.24,737.38,739.055
1785178800000,739.06,739.57,738.48,739.05
1785179700000,739.13,739.72,739.055,739.625
1785180600000,739.62,739.84,738.85,738.97
1785181500000,738.95,739.16,738.5,739.04
1785182400000,739.19,739.473,738.693,739.04
1785183300000,739.022,739.094,738.841,739.032
1785184200000,738.98,739.8,738.977,739.44
1785185100000,739.24,739.45,739.196,739.25
1785186000000,739.441,739.465,739.302,739.454
1785186900000,739.454,739.553,739.425,739.425
1785187800000,739.425,739.49,739.381,739.475
1785188700000,739.477,739.649,739.333,739.333
1785189600000,739.34,739.651,738.848,739.02
1785190500000,738.863,739.017,738.613,738.633
1785191400000,738.635,738.985,738.635,738.715
1785192300000,738.717,738.841,738.582,738.626
1785193200000,738.68,738.825,738.183,738.68
1785194100000,738.44,738.999,738.355,738.59
1785195000000,738.997,739.019,738.66,738.683
1785195900000,738.689,739.095,738.38,738.893
1785196800000,739.26,739.4,738.07,738.33
1785197700000,738.43,738.63,737.92,738.27
1785198600000,738.35,738.73,737.74,738.54
1785199500000,738.5,738.5,737.84,738.06
1785200400000,737.78,738.13,736.78,737.09
1785201300000,737.02,738.33,737.02,738.1
1785202200000,738.07,738.58,738.01,738.27
1785203100000,738.39,738.6,737.52,737.68
1785204000000,737.72,737.73,737.23,737.39
1785204900000,737.22,737.82,737.08,737.36
1785205800000,737.21,737.32,736.97,737.01
1785206700000,737.08,737.55,736.97,737.26
1785207600000,737.37,737.43,736.71,737.1
1785208500000,737.1,738.04,737.1,737.24
1785209400000,737.25,738.45,736.9,738.27
1785210300000,738.4,738.46,738.09,738.2
1785211200000,738.28,738.28,737.31,737.33
1785212100000,737.34,737.72,737.31,737.37
1785213000000,737.26,737.42,737.1,737.25
1785213900000,737.61,737.74,736.89,736.98
1785214800000,736.99,737.41,736.93,736.93
1785215700000,737.02,737.09,736.71,736.8
1785216600000,736.69,736.69,736.15,736.49
1785217500000,736.49,736.78,736.25,736.33
1785218400000,736.37,736.6,736.14,736.6
1785219300000,736.7,736.93,736.33,736.9
1785220200000,736.83,737.2,736.69,737.06
1785221100000,736.94,737.38,736.78,737.3
1785222000000,737.43,737.95,737.24,737.95
1785222900000,737.96,738.08,737.73,737.77
1785223800000,737.76,737.99,737.68,737.78
1785224700000,737.66,737.99,737.3,737.57
1785225600000,738.718,738.718,736.855,736.857
1785226500000,737.2,738.631,736.853,737.2
1785227400000,738.59,738.895,738.16,738.59
1785228300000,738.75,739.153,738.346,738.36
1785229200000,738.51,738.792,738.363,738.61
1785230100000,738.449,738.853,738.449,738.853
1785231000000,738.53,738.855,738.482,738.53
1785231900000,738.58,738.719,738.111,738.58
1785232800000,738.2,738.405,738.075,738.2
1785233700000,738.201,738.495,738,738.489
1785234600000,738.57,738.698,737.716,737.99
1785235500000,738.38,738.513,737.936,738.4
1785236400000,738.72,738.839,737.598,737.68
1785237300000,738.39,739.16,737.651,738.07
1785238200000,738.99,738.99,737.647,738.49
1785239100000,738.24,739.478,738.034,739.47
1785240000000,739.33,739.74,739.19,739.19
1785240900000,739.31,740.02,739.19,740.01
1785241800000,740.16,740.256,739.38,739.68
1785242700000,740.39,740.69,739.826,740.02
1785243600000,739.54,740.13,739.54,739.81
1785244500000,740.29,740.438,739.16,739.24
1785245400000,739.19,739.43,736.57,737.025
1785246300000,737.07,738.17,736,736.49
1785247200000,736.49,738.225,736.275,736.59
1785248100000,736.8,737.81,736.39,737.73
1785249000000,737.74,738.62,737.15,738.28
1785249900000,738.35,739.81,737.88,738.615
1785250800000,738.63,739.7,738.02,739.41
1785251700000,739.24,741.89,739.24,741.24
1785252600000,741.18,742.1,741.01,742.07
1785253500000,742.075,742.44,741.79,742.17
1785254400000,742.215,742.34,741.495,741.595
1785255300000,741.63,742.04,741.272,741.32
1785256200000,741.19,742.125,740.915,741.925
1785257100000,741.94,742.78,741.39,742.6
1785258000000,742.48,742.75,741.17,741.34
1785258900000,741.36,742.16,741.11,741.34
1785259800000,741.275,741.9,740.665,740.78
1785260700000,740.84,741.32,740.53,741.18
1785261600000,741.22,741.49,740.42,740.42
1785262500000,740.5,740.94,740.43,740.52
1785263400000,740.62,741.12,740.52,740.78
1785264300000,740.84,741.62,740.72,741.47
1785265200000,741.465,741.95,741.34,741.46
1785266100000,741.46,741.84,741.31,741.67
1785267000000,741.695,741.71,740.95,741.295
1785267900000,741.295,741.65,740.45,740.785
1785268800000,740.81,741.041,740.15,740.89
1785269700000,740.87,741.581,740.673,741.43
1785270600000,741.44,741.514,740.85,740.9
1785271500000,741.08,741.113,740.77,741.03
1785272400000,741.05,741.104,740.88,740.931
1785273300000,740.932,741.025,740.915,741.004
1785274200000,741.004,741.153,740.895,741.09
1785275100000,741.09,741.17,740.865,740.954
1785276000000,741.27,741.59,740.72,740.8
1785276900000,740.74,741.001,740.061,740.41
1785277800000,739.92,740.494,739.427,739.46
1785278700000,739.55,739.93,739.339,739.85
1785279600000,739.39,740.694,739.221,740.18
1785280500000,740.33,741.227,740.197,741.19
1785281400000,741.17,742.423,740.974,741.71
1785282300000,742.22,743.557,742.21,743.04
1785283200000,743.53,744.13,743.256,743.78
1785284100000,743.69,744.35,743.3,743.53
1785285000000,743.62,743.68,743.05,743.53
1785285900000,743.66,743.67,742.79,742.96
1785286800000,742.83,743.13,741.45,741.52
1785287700000,741.44,742.37,741.18,742.16
1785288600000,742.02,742.08,740.99,741.08
1785289500000,741.06,741.07,739.88,739.88
1785290400000,739.83,740.79,739.65,740.63
1785291300000,740.61,740.91,740.18,740.89
1785292200000,740.96,741.16,740.69,740.98
1785293100000,740.89,740.89,740.45,740.59
1785294000000,740.61,741.08,740.12,740.38
1785294900000,740.42,740.51,739.92,739.93
1785295800000,739.87,740.08,739.48,739.77
1785296700000,739.91,739.99,738.88,739.12
1785297600000,739.05,739.15,738.68,738.76
1785298500000,738.84,739.02,738.59,738.87
1785299400000,738.79,739.03,738.3,738.3
1785300300000,738.33,739.38,738.2,739.35
1785301200000,739.37,740.38,739.21,740.34
1785302100000,740.34,740.42,739.88,740.31
1785303000000,740.15,740.61,740.01,740.48
1785303900000,740.5,740.5,740.05,740.09
1785304800000,740.11,740.15,739.49,739.77
1785305700000,739.82,740.41,739.72,740.37
1785306600000,740.6,741.69,740.6,741.69
1785307500000,741.7,742.3,741.7,742.13
1785308400000,742.14,742.55,741.8,742.2
1785309300000,742.23,742.46,742,742.27
1785310200000,742.36,742.76,742.28,742.57
1785311100000,742.41,742.49,742.11,742.47
1785312000000,742.19,743.123,741.768,741.78
1785312900000,741.8,742.005,741.231,741.8
1785313800000,741.392,742.61,741.303,742.587
1785314700000,742.579,742.825,742.256,742.274
1785315600000,742.299,742.616,742.268,742.489
1785316500000,742.24,742.543,742.218,742.24
1785317400000,742.24,742.683,742.06,742.59
1785318300000,743.1,743.414,742.56,742.92
1785319200000,742.76,743.086,742.491,742.65
1785320100000,742.54,742.818,742.419,742.54
1785321000000,742.08,742.812,742.06,742.09
1785321900000,742.332,742.338,741.921,741.985
1785322800000,742.11,742.659,741.953,742.32
1785323700000,742.65,742.71,742.384,742.63
1785324600000,742.4,742.548,742.008,742.11
1785325500000,742.03,742.542,742.021,742.24
1785326400000,742.31,742.388,741.449,741.449
1785327300000,740.99,741.517,740.074,740.35
1785328200000,740.17,740.941,739.979,740.8
1785329100000,740.91,740.978,740.574,740.62
1785330000000,740.51,740.737,739.777,740
1785330900000,739.72,740.75,739.54,740.41
1785331800000,739.96,740.37,738.81,739.69
1785332700000,739.67,740.19,736.62,737.44
1785333600000,737.42,738.29,735.11,735.37
1785334500000,735.352,736.435,734.29,734.949
1785335400000,734.95,735.83,733.79,734.195
1785336300000,734.22,735.33,733.91,734.86
1785337200000,734.81,735.625,734.52,734.75
1785338100000,734.59,735.47,734.36,734.42
1785339000000,734.39,734.96,733.73,733.998
1785339900000,734.02,734.495,733.01,733.74
1785340800000,733.77,734.01,732.01,732.04
1785341700000,732.01,733.925,731.73,733.85
1785342600000,733.825,734.31,732.91,733.21
1785343500000,733.19,734.87,733.03,734.829
1785344400000,734.88,736.61,734.74,736.61
1785345300000,736.62,737.22,735.76,735.79
1785346200000,735.76,736.325,735.285,735.755
1785347100000,735.83,736.4,735.4,736.35
1785348000000,736.356,739.47,736.356,737.269
1785348900000,737.43,738.26,736.33,737.35
1785349800000,737.415,740.98,736,740.71
1785350700000,740.72,742.68,740.46,741.95
1785351600000,742,742.56,737.95,738.91
1785352500000,738.73,739.76,734.3,735.175
1785353400000,735.26,735.72,730.89,731.18
1785354300000,731.33,732.07,729.11,729.49
1785355200000,729.56,730.04,727.25,728
1785356100000,727.99,728.773,726.974,727.45
1785357000000,727.1,729.11,727.1,728.55
1785357900000,728.51,728.816,728.04,728.74
1785358800000,728.224,728.478,727.903,727.964
1785359700000,728.01,728.221,727.696,728.01
1785360600000,728,728.079,727.057,728
1785361500000,727.11,727.781,726.81,727.34
1785362400000,728.3,731.884,727.817,731.74
1785363300000,731.77,732.034,731.28,731.86
1785364200000,731.35,731.793,731.306,731.35
1785365100000,731.9,732.017,731.247,731.3
1785366000000,731.99,732.41,731.409,731.83
1785366900000,731.75,732.433,731.75,732.318
1785367800000,732.45,732.701,732.131,732.4
1785368700000,732.64,732.668,732.071,732.56
1785369600000,732.63,733.41,731.85,733.12
1785370500000,733.09,733.11,732.17,732.49
1785371400000,732.46,732.76,731.49,731.64
1785372300000,731.76,732.38,731.66,732.23
1785373200000,732.26,733.48,732.12,732.46
1785374100000,732.47,733.33,732.42,733.29
1785375000000,733.23,733.86,733.23,733.69
1785375900000,733.75,733.93,733.49,733.57
1785376800000,733.57,733.88,733.22,733.27
1785377700000,733.26,733.54,733.14,733.14
1785378600000,733.12,733.3,732.8,733.3
1785379500000,733.22,733.37,732.41,732.42
1785380400000,732.42,732.97,731.89,732.05
1785381300000,732.01,732.11,731.72,732
1785382200000,731.79,732.42,731.56,732.04
1785383100000,732.19,732.43,731.93,732.01
1785384000000,732.07,732.13,731.66,731.68
1785384900000,731.64,732.44,731.56,732.35
1785385800000,732.37,732.45,731.57,731.59
1785386700000,731.7,732.12,731.24,731.39
1785387600000,731.4,731.44,730.88,731.06
1785388500000,731.38,731.65,731.2,731.48
1785389400000,731.47,731.88,731.32,731.88
1785390300000,731.84,732.33,731.21,731.5
1785391200000,731.3,731.49,731,731.02
1785392100000,731.03,731.17,730.64,731.17
1785393000000,730.98,730.98,730.52,730.52
1785393900000,730.49,731.04,730.49,730.86
1785394800000,731.02,732.78,730.89,732.17
1785395700000,732.16,732.22,730.94,731.18
1785396600000,730.83,731.36,730.1,731.29
1785397500000,731.32,731.32,730.5,730.5
1785398400000,730.63,732.055,730.045,731.42
1785399300000,731.44,732.439,731.317,732.17
1785400200000,732.29,732.459,731.967,732.056
1785401100000,732.053,732.245,731.539,731.863
1785402000000,732.91,732.91,731.761,732.89
1785402900000,732.62,733.088,732.537,732.94
1785403800000,732.94,733.368,732.74,733.12
1785404700000,732.91,733.03,732.084,732.91
1785405600000,732.082,732.796,731.848,732.311
1785406500000,732.98,733.403,732.32,733.2
1785407400000,733.204,733.72,733.052,733.556
1785408300000,733.59,733.796,732.996,733.14
1785409200000,733.26,733.817,733.083,733.79
1785410100000,733.9,734.271,733.57,734.17
1785411000000,734.32,734.465,734.02,734.41
1785411900000,734.42,734.715,734.121,734.6
1785412800000,734.23,735.02,734.158,735.02
1785413700000,735.002,735.005,734.232,734.438
1785414600000,734.457,735.09,733.965,734.124
1785415500000,734.23,734.585,733.928,734.47
1785416400000,734.42,735.438,734.42,734.81
1785417300000,735.18,736.03,734.734,736.03
1785418200000,736.05,736.76,734.665,736.395
1785419100000,736.419,738.66,736.365,738.61
1785420000000,738.61,738.995,737.44,737.985
1785420900000,738.02,739.2,737.395,738.58
1785421800000,738.65,739.08,737.7,737.85
1785422700000,737.82,738.15,735.635,736.235
1785423600000,736.23,736.81,734.86,734.87
1785424500000,734.924,736.15,734.615,734.888
1785425400000,734.82,736.97,734.73,736.64
1785426300000,736.71,737.62,736.39,737.1
1785427200000,737.1,738.985,736.89,738.83
1785428100000,738.825,739.185,738.545,738.778
1785429000000,738.77,739.055,737.78,738.02
1785429900000,738.02,739.165,738.006,738.98
1785430800000,738.99,740.08,738.972,739.71
1785431700000,739.723,740.25,739.64,739.755
1785432600000,739.757,740.12,739.18,739.912
1785433500000,739.92,740.38,739.67,739.78
1785434400000,739.8,740.31,739.705,740.22
1785435300000,740.275,740.43,740.07,740.39
1785436200000,740.4,740.57,740.03,740.34
1785437100000,740.336,740.83,740.32,740.778
1785438000000,740.74,742.28,740.74,742.09
1785438900000,742.06,742.45,741.74,741.79
1785439800000,741.78,741.99,741.43,741.8
1785440700000,741.53,742.09,741.33,741.69
1785441600000,741.563,743.57,741.46,743.28
1785442500000,743.45,743.671,743.207,743.49
1785443400000,743.66,743.803,742.228,742.48
1785444300000,742.51,742.66,741.787,742
1785445200000,742.026,742.085,741.916,742.037
1785446100000,742.038,742.379,741.655,741.655
1785447000000,741.65,742.167,741.525,741.65
1785447900000,742.083,742.307,741.962,742.111
1785448800000,741.91,742.513,741.454,741.53
1785449700000,742.51,742.562,741.891,742.51
1785450600000,742.024,742.769,741.816,742.764
1785451500000,742.769,743.02,742.75,743.014
1785452400000,743.01,743.422,742.779,742.821
1785453300000,742.82,742.91,742.609,742.835
1785454200000,742.97,743.273,742.751,742.96
1785455100000,743.48,743.69,743.086,743.6
1785456000000,743.06,744.44,743.06,744.41
1785456900000,744.5,744.6,744.13,744.22
1785457800000,744.2,744.53,744.17,744.43
1785458700000,744.38,744.43,743.94,744.33
1785459600000,744.49,744.99,744.49,744.79
1785460500000,744.8,745.2,744.74,745.01
1785461400000,744.98,745.02,744.47,744.47
1785462300000,744.48,744.53,744.21,744.5
1785463200000,744.58,744.62,744.27,744.28
1785464100000,744.26,744.26,743.93,744.09
1785465000000,743.97,744.18,743.68,743.9
1785465900000,744.03,744.13,743.82,744.08
1785466800000,744.05,744.12,743.69,743.91
1785467700000,743.94,744.52,743.94,744.52
1785468600000,744.52,744.65,744.41,744.46
1785469500000,744.55,744.58,744.24,744.51
1785470400000,744.31,744.61,744.06,744.58
1785471300000,744.58,745.13,744.58,745.13
1785472200000,745.04,745.54,745.04,745.54
1785473100000,745.52,745.74,745.46,745.67
1785474000000,745.69,745.73,745.55,745.6
1785474900000,745.6,745.83,745.52,745.75
1785475800000,745.78,745.78,745.44,745.51
1785476700000,745.49,745.79,745.4,745.61
1785477600000,745.65,745.91,745.65,745.87
1785478500000,745.92,745.93,745.48,745.6
1785479400000,745.61,745.61,744.28,744.37
1785480300000,744.35,744.66,744.01,744.46
1785481200000,744.43,745.53,744.14,745.28
1785482100000,745.33,745.68,744.95,745.32
1785483000000,745.31,745.49,745.14,745.49
1785483900000,745.59,745.62,745.19,745.55
1785484800000,745.53,745.777,743.691,745.34
1785485700000,746,746.048,745.619,745.99
1785486600000,745.72,746.004,745.522,745.72
1785487500000,745.85,746.138,745.597,746.08
1785488400000,745.99,746.525,745.938,746.51
1785489300000,746.3,746.444,745.951,746.28
1785490200000,745.94,745.986,745.222,745.32
1785491100000,745.3,745.57,745.193,745.3
1785492000000,745.48,745.586,745.028,745.47
1785492900000,745.69,745.98,745.476,745.69
1785493800000,745.71,745.814,745.245,745.81
1785494700000,745.28,745.71,745.28,745.28
1785495600000,745.43,745.888,745.387,745.78
1785496500000,745.04,745.472,744.77,744.77
1785497400000,744.69,744.812,744.306,744.37
1785498300000,744.5,744.792,744.408,744.66
1785499200000,744.03,744.716,743.811,744.01
1785500100000,743.8,744.038,743.499,743.89
1785501000000,743.66,744.011,742.861,743.14
1785501900000,743,743.452,742.86,743.05
1785502800000,743.17,743.91,742.98,743.76
1785503700000,743.8,744.57,743.791,744.57
1785504600000,744.67,746.29,742.86,743.07
1785505500000,743.23,743.57,741.57,741.95
1785506400000,741.9,742.375,737.96,738.44
1785507300000,738.47,740.53,737.69,740.42
1785508200000,740.57,741.645,740.14,741.62
1785509100000,741.574,742.92,741.45,742.547
1785510000000,742.55,742.795,741.13,742.185
1785510900000,742.18,743.075,740.09,740.275
1785511800000,740.28,742.345,739.815,741.77
1785512700000,741.777,743.32,741.13,743.11
1785513600000,743.07,743.627,742.5,743.55
1785514500000,743.535,744.42,742.825,744.38
1785515400000,744.41,745.02,744.135,744.18
1785516300000,744.191,745.01,743.99,744.658
1785517200000,744.63,745.3,744.555,745.23
1785518100000,745.22,746.39,745.13,746.28
1785519000000,746.3,746.5,745.63,745.85
1785519900000,745.85,746.061,745.215,745.437
1785520800000,745.415,746.01,745.32,745.67
1785521700000,745.7,746.43,745.64,746.04
1785522600000,746.055,746.285,745.67,746.09
1785523500000,746.069,746.54,745.93,746.158
1785524400000,746.155,746.57,745.795,746.33
1785525300000,746.325,747.915,746.28,747.48
1785526200000,747.49,748.115,746.89,748.08
1785527100000,748.095,748.88,746.37,746.79
1785528000000,747.25,747.33,746.574,747.08
1785528900000,746.96,747.017,746.572,746.79
1785529800000,746.66,746.889,746.567,746.71
1785530700000,746.71,746.8,744.947,745.16
1785531600000,745.09,745.469,744.997,745.1
1785532500000,745.01,745.039,744.7,744.7
1785533400000,744.881,744.919,744.62,744.705
1785534300000,744.71,744.742,744.533,744.72
1785535200000,744.746,744.775,744.327,744.375
1785536100000,744,744.389,744,744
1785537000000,744.188,744.719,744.18,744.529
1785537900000,744.529,744.614,744.31,744.31
1785538800000,744.59,744.59,744.285,744.59
1785539700000,744.475,744.62,744.45,744.6
1785540600000,744.6,744.64,744.471,744.539
1785541500000,744.541,744.63,744.255,744.255
1785542400000,744.245,744.353,744.245,744.353
1785544200000,744.66,744.66,744.66,744.66
1785575700000,744.66,744.66,744.66,744.66
1785589200000,744.57,744.57,744.57,744.57
1785594600000,744.57,744.57,744.57,744.57
1785600900000,744.86,744.86,744.86,744.86
1785609000000,744.91,744.91,744.91,744.91
1785637800000,745,745,745,745
1785641400000,744.95,745.28,744.95,745.28
1785642300000,745.74,746.7,745.74,746.7
1785643200000,747.16,747.16,747.16,747.16
1785648600000,747.2,747.2,747.2,747.2
1785678300000,746.89,746.89,746.89,746.89
1785712500000,747.25,747.25,747.25,747.25
1785715200000,749.64,750.35,748.9,750.34
1785716100000,750.33,750.5,749.42,749.63
1785717000000,749.56,750.23,749.53,749.95
1785717900000,749.93,750.31,749.75,750.22
1785718800000,750.24,750.5,750.03,750.1
1785719700000,750.08,750.42,749.91,750.4
1785720600000,750.38,750.58,750.15,750.56
1785721500000,750.52,750.77,750.51,750.75
1785722400000,750.69,750.84,750.57,750.82
1785723300000,750.77,751.01,750.59,750.59
1785724200000,750.58,750.87,750.55,750.72
1785725100000,750.76,750.96,750.71,750.87
1785726000000,750.97,751.03,750.94,751.01
1785726900000,751,751.06,750.74,750.79
1785727800000,750.7,751.08,750.69,751.06
1785728700000,751.06,751.3,750.99,751.09
1785729600000,751.04,751.17,750.99,751.09
1785730500000,751.13,751.31,751.13,751.3
1785731400000,751.32,751.37,751.27,751.36
1785732300000,751.35,751.52,751.15,751.16
1785733200000,751.21,751.41,751.1,751.26
1785734100000,751.16,751.24,751.06,751.2
1785735000000,751.2,751.26,751.09,751.11
1785735900000,751.18,751.2,750.95,751.17
1785736800000,751.21,751.42,751.07,751.35
1785737700000,751.24,751.24,750.79,750.86
1785738600000,750.9,751.06,750.7,750.7
1785739500000,750.69,750.81,750.5,750.55
1785740400000,750.56,750.91,750.25,750.87
1785741300000,750.89,751,750.18,750.55
1785742200000,750.58,750.81,750.19,750.23
1785743100000,750.32,750.83,750.3,750.78
1785744000000,745.428,750.771,745.428,750.386
1785744900000,750.388,750.392,749.662,749.831
1785745800000,749.7,750.557,749.677,750.46
1785746700000,750.294,750.739,750.128,750.739
1785747600000,750.88,750.88,750.268,750.88
1785748500000,750.468,750.719,750.403,750.456
1785749400000,750.63,750.764,750.414,750.63
1785750300000,750.48,750.689,750.261,750.618
1785751200000,750.61,750.846,750.453,750.78
1785752100000,750.744,750.867,750.608,750.856
1785753000000,750.91,751.1,750.731,751.1
1785753900000,751.05,751.147,750.95,751.06
1785754800000,751.15,751.15,750.601,750.78
1785755700000,750.87,751.211,750.83,750.95
1785756600000,751.031,751.55,750.919,751.223
1785757500000,751.03,751.269,750.454,750.59
1785758400000,750.58,750.609,750.197,750.33
1785759300000,750.62,750.712,750.287,750.31
1785760200000,750.72,751.364,750.68,751.11
1785761100000,751.364,751.44,751.07,751.174
1785762000000,751.13,751.288,751.012,751.19
1785762900000,751.19,751.366,749.39,749.39
1785763800000,749.63,751.91,749.18,751.58
1785764700000,751.71,753.63,751.37,753.62
1785765600000,753.46,754.035,753.12,753.89
1785766500000,753.83,754.77,753.83,754.5
1785767400000,754.52,755.17,754.32,754.89
1785768300000,754.901,755.39,754.715,755.349
1785769200000,755.354,755.41,754.8,755.021
1785770100000,755.025,755.7,755.025,755.12
1785771000000,755.13,755.82,755.1,755.64
1785771900000,755.66,756.21,755.643,755.96
1785772800000,755.971,756.14,755.77,755.99
1785773700000,755.985,756.59,755.97,756.567
1785774600000,756.545,756.62,756.215,756.49
1785775500000,756.47,756.495,756.02,756.2
1785776400000,756.23,756.595,756,756.525
1785777300000,756.517,757.155,756.495,757.085
1785778200000,757.062,757.45,757.015,757.312
1785779100000,757.32,757.78,757.312,757.67
1785780000000,757.645,758.335,757.635,758.03
1785780900000,758.025,758.32,757.48,757.59
1785781800000,757.58,758.1,757.34,758.087
1785782700000,758.09,758.29,757.755,757.96
1785783600000,757.95,758.58,757.945,758.18
1785784500000,758.23,758.54,758.172,758.33
1785785400000,758.35,758.505,757.87,758.06
1785786300000,757.785,757.99,757.43,757.72
1785787200000,757.643,758.12,757.367,757.984
1785788100000,758.2,758.451,757.986,758.21
1785789000000,758.17,758.49,758.12,758.48
1785789900000,758.09,758.387,757.935,757.97
1785790800000,757.96,758.1,757.921,757.96
1785791700000,758.06,758.095,758.001,758.08
1785792600000,757.99,758.025,757.865,757.99
1785793500000,757.865,757.97,757.865,757.95
1785794400000,757.95,758.348,757.845,758.038
1785795300000,758.039,758.308,758.039,758.218
1785796200000,758.33,758.465,758.172,758.33
1785797100000,758.454,758.454,758.268,758.338
1785798000000,758.336,758.363,758.179,758.243
1785798900000,758.27,758.423,758.244,758.27
1785799800000,758.25,758.409,758.101,758.14
1785800700000,758.3,758.374,758.108,758.26
1785801600000,758.11,758.62,758.11,758.3
1785802500000,758.28,758.31,757.99,758.04
1785803400000,758.02,758.4,757.87,758.35
1785804300000,758.36,758.46,758.08,758.16
1785805200000,758.09,758.43,757.84,758.25
1785806100000,758.42,758.54,758.14,758.54
1785807000000,758.55,758.89,758.51,758.89
1785807900000,758.88,759.65,758.87,759.59
1785808800000,759.51,759.6,758.9,759.01
1785809700000,759.01,759.13,758.83,758.96
1785810600000,758.91,759.28,758.9,759.25
1785811500000,759.29,759.32,759.11,759.17
1785812400000,759.17,759.32,758.75,758.76
1785813300000,758.81,759.3,758.8,759.19
1785814200000,759.21,759.44,759.11,759.11
1785815100000,759.16,759.39,759.09,759.35
1785816000000,759.36,759.39,759.07,759.19
1785816900000,759.19,759.49,759.19,759.46
1785817800000,759.44,759.5,759.37,759.44
1785818700000,759.43,759.54,759.36,759.36
1785819600000,759.38,759.41,759.15,759.27
1785820500000,759.26,759.51,759.21,759.47
1785821400000,759.42,759.79,759.42,759.62
1785822300000,759.62,759.7,759.56,759.7
1785823200000,759.69,759.89,759.62,759.86
1785824100000,759.88,759.88,759.63,759.63
1785825000000,759.62,759.72,759.23,759.29
1785825900000,759.34,759.36,759.2,759.36
1785826800000,759.35,759.64,759.07,759.16
1785827700000,759.24,759.51,759.22,759.46
1785828600000,759.45,759.7,759.11,759.19
1785829500000,759.2,759.63,759.12,759.21
1785830400000,759.33,759.411,758.504,759.33
1785831300000,759.273,759.499,759.144,759.241
1785832200000,759,759.243,758.662,759
1785833100000,758.72,758.749,758.478,758.603
1785834000000,758.24,758.618,758.167,758.23
1785834900000,758.19,758.338,758.128,758.27
1785835800000,758.306,758.745,758.306,758.681
1785836700000,758.7,758.738,758.401,758.55
1785837600000,758.624,758.83,758.567,758.744
1785838500000,758.7,758.745,758.536,758.58
1785839400000,758.52,759.294,758.52,759.255
1785840300000,759.535,759.626,759.115,759.28
1785841200000,759.29,759.388,759.098,759.29
1785842100000,759.3,759.77,759.223,759.77
1785843000000,759.61,760.4,759.464,760.37
1785843900000,760.27,760.626,760.159,760.28
1785844800000,760.37,760.52,760.081,760.34
1785845700000,760.12,760.432,760.067,760.4
1785846600000,760.33,760.44,760.173,760.3
1785847500000,760.428,760.428,760.034,760.058
1785848400000,760.08,760.327,759.895,760.28
1785849300000,760.27,761.46,760.226,760.88
1785850200000,760.63,762.2,760.54,761.77
1785851100000,762.11,763.46,761.779,763.37
1785852000000,763.27,764.85,763.1,764.84
1785852900000,764.85,765.38,764.16,764.5
1785853800000,764.49,765.81,764.12,765.81
1785854700000,765.77,766.41,765.6,766.33
1785855600000,766.34,767.14,766.18,766.934
1785856500000,766.932,767.855,766.91,767.343
1785857400000,767.335,768.34,767.17,768.265
1785858300000,768.295,768.9,768.224,768.45
1785859200000,768.431,768.92,768.15,768.27
1785860100000,768.27,769.34,768.25,769.205
1785861000000,769.209,770.01,769.02,769.975
1785861900000,770,770.33,769.98,770.275
1785862800000,770.275,771.295,770.155,771.145
1785863700000,771.203,771.585,770.95,771.252
1785864600000,771.28,772.34,770.96,772.33
1785865500000,772.35,773.08,771.56,771.56
1785866400000,771.56,772.23,771.09,772.22
1785867300000,772.2,772.42,772,772.335
1785868200000,772.328,772.46,771.43,771.71
1785869100000,771.724,772.26,771.724,772.067
1785870000000,772.07,773.02,772.07,772.889
1785870900000,772.91,773.13,772.12,772.28
1785871800000,772.235,773.315,772.15,773.26
1785872700000,773.225,773.41,770.96,771.22
1785873600000,771.195,772.898,771.132,772.287
1785874500000,772.08,772.273,771.099,771.55
1785875400000,771.5,772.069,771.378,772.03
1785876300000,772.1,772.284,771.898,772.2
1785877200000,772.01,772.184,771.969,772.01
1785878100000,772,772.141,771.901,772.135
1785879000000,772.12,772.221,772.036,772.13
1785879900000,772.17,772.235,772.055,772.13
1785880800000,772.22,772.594,771.946,772.5
1785881700000,772.62,772.874,772.527,772.61
1785882600000,772.783,773.028,772.555,772.555
1785883500000,772.566,772.821,772.539,772.821
1785884400000,772.85,773.019,772.662,772.85
1785885300000,772.966,772.99,772.702,772.703
1785886200000,772.46,772.746,772.395,772.65
1785887100000,772.647,772.839,772.546,772.631
1785888000000,772.59,772.94,772.43,772.94
1785888900000,772.88,773.27,772.76,773.26
1785889800000,773.23,773.47,772.93,772.93
1785890700000,772.92,773.3,772.77,773.3
1785891600000,773.23,773.26,772.81,773.19
1785892500000,773.08,773.08,772.67,772.77
1785893400000,772.78,773.25,772.74,773.17
1785894300000,773.15,773.41,773.15,773.3
1785895200000,773.38,773.58,773.23,773.49
1785896100000,773.5,773.6,773.28,773.4
1785897000000,773.38,773.51,773.3,773.51
1785897900000,773.5,773.76,773.5,773.58
1785898800000,773.55,774.07,773.55,773.99
1785899700000,773.98,774.1,773.71,773.71
1785900600000,773.63,774.04,773.58,774.04
1785901500000,774.03,774.13,773.87,774.13
1785902400000,774.13,774.2,773.97,774
1785903300000,773.94,774,773.67,773.82
1785904200000,773.83,774.09,773.79,774.03
1785905100000,774.02,774.18,773.85,774.12
1785906000000,774.04,774.4,773.99,774.39
1785906900000,774.38,774.51,774.33,774.37
1785907800000,774.4,774.48,774.25,774.46
1785908700000,774.52,774.84,774.48,774.78
1785909600000,774.78,774.88,774.62,774.8
1785910500000,774.8,774.8,774.13,774.14
1785911400000,774.27,774.5,774.26,774.27
1785912300000,774.33,774.69,774.26,774.69
1785913200000,774.69,774.79,774.18,774.29
1785914100000,774.25,774.35,773.97,773.97
1785915000000,773.98,774.07,773.7,773.96
1785915900000,773.96,774.15,773.87,774.15
1785916800000,774.11,774.5,772.822,773.73
1785917700000,773.636,773.782,773.143,773.397
1785918600000,773.15,773.402,772.99,773.02
1785919500000,773.16,773.34,772.95,773.17
1785920400000,773.281,773.604,773.185,773.486
1785921300000,773.555,773.744,773.293,773.555
1785922200000,773.86,774.036,773.733,773.86
1785923100000,773.71,773.915,773.606,773.71
1785924000000,773.8,773.849,773.634,773.77
1785924900000,773.79,774.199,773.727,774.183
1785925800000,774.13,774.342,774.062,774.12
1785926700000,774.24,774.66,774.138,774.6
1785927600000,774.6,774.74,774.41,774.5
1785928500000,774.61,774.789,774.3,774.31
1785929400000,774.352,774.66,774.18,774.374
1785930300000,774.29,774.675,774.12,774.67
1785931200000,774.67,775.08,774.63,775.08
1785932100000,774.96,775.377,774.86,775.21
1785933000000,775.21,775.244,774.527,774.94
1785933900000,775.096,775.168,774.77,774.845
1785934800000,774.843,775.667,774.843,775.458
1785935700000,775.49,775.84,775.219,775.84
1785936600000,775.86,776.82,775.26,776.46
1785937500000,776.52,776.7,774.41,776.69
1785938400000,776.66,776.66,775,776.19
1785939300000,774.826,774.826,774.826,774.826
1785940200000,774.71,775.02,773.63,774.07
1785941100000,774.01,774.82,772.68,773.46
1785942000000,773.525,773.96,773.02,773.045
1785942900000,773.08,773.111,771.15,771.72
1785943800000,771.69,772.53,771.69,771.968
1785944700000,771.975,771.982,770.34,770.692
1785945600000,770.6,770.99,769.91,770.44
1785946500000,770.44,772.09,770.23,772.075
1785947400000,772.1,772.215,771.21,771.605
1785948300000,771.636,772.16,771.333,771.846
1785949200000,771.847,772.12,771.055,771.545
1785950100000,771.43,771.79,771.01,771.33
1785951000000,771.33,772.015,771.08,771.71
1785951900000,771.7,771.96,771.368,771.54
1785952800000,771.552,772.25,771.54,771.81
1785953700000,771.806,772.13,771.685,771.902
1785954600000,771.94,771.94,771.21,771.57
1785955500000,771.6,771.95,771.36,771.395
1785956400000,771.375,771.835,771.275,771.74
1785957300000,771.75,771.97,771.66,771.803
1785958200000,771.8,771.88,771.245,771.505
1785959100000,771.48,771.69,769.53,769.75
1785960000000,769.74,770.98,769.658,770.98
1785960900000,770.84,770.936,770.447,770.68
1785961800000,770.65,771.041,770.633,770.99
1785962700000,771.029,771.085,770.766,770.805
1785963600000,770.803,770.928,770.56,770.56
1785964500000,770.56,770.732,770.516,770.611
1785965400000,770.66,770.66,770.507,770.52
1785966300000,770.506,770.58,770.375,770.49
1785967200000,770.79,770.977,770.514,770.79
1785968100000,771.24,771.64,770.735,771.24
1785969000000,771.616,771.964,771.571,771.786
1785969900000,771.67,771.96,771.342,771.67
1785970800000,771.43,771.54,771.242,771.43
1785971700000,771.537,771.68,771.441,771.495
1785972600000,771.493,771.577,771.13,771.233
1785973500000,771.231,771.231,770.99,771.098
1785974400000,771,771.64,770.72,770.89
1785975300000,770.98,771.22,770.69,770.81
1785976200000,770.87,771.12,770.77,770.92
1785977100000,770.99,771.05,770.69,770.7
1785978000000,770.73,770.73,770.27,770.34
1785978900000,770.41,770.41,769.81,769.97
1785979800000,769.96,770.41,769.96,770.07
1785980700000,770.09,770.6,770.07,770.49
1785981600000,770.46,771.33,770.46,771.01
1785982500000,771.08,771.31,771.01,771.06
1785983400000,771.03,771.67,770.87,771.64
1785984300000,771.68,771.73,771.39,771.44
1785985200000,771.52,771.7,771.46,771.47
1785986100000,771.45,771.45,771,771.04
1785987000000,771.04,771.21,770.95,771.09
1785987900000,771.15,771.33,771.05,771.28
1785988800000,771.34,771.34,770.95,771.12
1785989700000,771.22,771.47,771.15,771.36
1785990600000,771.5,771.51,771.01,771.01
1785991500000,771.03,771.27,771.02,771.25
1785992400000,771.25,771.51,771.17,771.3
1785993300000,771.3,771.47,771.18,771.31
1785994200000,771.26,771.37,771.13,771.23
1785995100000,771.35,771.47,771.07,771.47
1785996000000,771.47,771.47,770.59,770.59
1785996900000,770.63,771.14,770.39,771.14
1785997800000,771.07,771.07,770.53,770.67
1785998700000,770.74,770.92,770.62,770.92
1785999600000,771.03,771.44,770.77,771.33
1786000500000,771.36,771.4,771.01,771.09
1786001400000,771.06,771.06,770.53,770.62
1786002300000,770.59,770.86,770.48,770.73
1786003200000,770.48,771.057,770.112,770.45
1786004100000,770.79,771.015,770.216,770.79
1786005000000,771.33,771.33,771.017,771.19
1786005900000,771.14,771.525,771.006,771.46
1786006800000,771.455,771.455,770.579,770.598
1786007700000,770.597,771.139,770.591,771.032
1786008600000,771.034,771.191,770.891,771.117
1786009500000,771.2,771.699,771.116,771.66
1786010400000,771.63,771.674,771.316,771.63
1786011300000,771.4,771.589,771.244,771.4
1786012200000,771.42,771.539,770.964,771.095
1786013100000,771.04,771.154,770.9,771.04
1786014000000,771.143,771.143,770.076,770.539
1786014900000,770.88,771.2,770.546,770.88
1786015800000,771.205,771.515,771.172,771.223
1786016700000,771.18,771.29,770.461,770.57
1786017600000,770.6,770.967,770.361,770.45
1786018500000,770.86,770.985,770.236,770.86
1786019400000,771.01,771.122,770.598,771.05
1786020300000,770.68,770.924,770.303,770.42
1786021200000,770.43,770.454,769.829,769.945
1786022100000,769.95,770.394,769.87,770.18
1786023000000,770.22,770.885,769.07,770.486
1786023900000,770.51,771.51,770.489,770.885
1786024800000,771.03,771.76,770.655,771.52
1786025700000,771.535,771.81,770.09,770.43
1786026600000,770.355,770.97,769.65,770.171
1786027500000,770.745,770.995,770.7,770.995
1786028400000,771,771.205,769.94,769.96
1786029300000,769.96,770.1,768.63,769.24
1786030200000,769.25,769.384,768.32,768.32
1786031100000,768.373,769.78,767.99,768.125
1786032000000,768.089,768.53,767.755,767.97
1786032900000,767.98,768.485,767.5,768.24
1786033800000,768.26,768.89,768.08,768.08
1786034700000,768.11,769.04,767.94,768.94
1786035600000,768.972,769.17,768.1,768.172
1786036500000,768.167,768.42,767.84,767.853
1786037400000,767.83,768.28,767.72,768.08
1786038300000,768.14,768.65,767.95,768.65
1786039200000,768.66,769.24,768.52,769.18
1786040100000,769.179,769.71,768.6,769.411
1786041000000,769.435,769.47,768.56,768.77
1786041900000,768.77,769.16,768.73,768.92
1786042800000,768.97,769.78,768.958,769.32
1786043700000,769.33,769.49,768.61,768.65
1786044600000,768.64,768.99,768.09,768.27
1786045500000,768.31,768.875,767.7,768.63
1786046400000,768.53,769.073,768.517,768.84
1786047300000,768.9,768.903,767.922,768.12
1786048200000,768.15,768.175,767.911,768.16
1786049100000,768.06,768.257,768.017,768.188
1786050000000,768.16,768.335,768.135,768.16
1786050900000,768.28,768.31,768.125,768.302
1786051800000,768.14,768.296,768.003,768.14
1786052700000,768.119,768.336,768.119,768.335
1786053600000,768.335,768.977,768.047,768.971
1786054500000,768.971,769.042,768.648,768.66
1786055400000,768.6,768.673,768.354,768.6
1786056300000,768.63,768.82,768.575,768.63
1786057200000,768.807,768.834,768.67,768.69
1786058100000,768.69,769.008,768.69,768.808
1786059000000,768.809,768.974,768.77,768.972
1786059900000,769.07,769.094,768.87,769.06
1786060800000,768.7,769.51,768.7,769.1
1786061700000,769.05,769.05,768.27,768.3
1786062600000,768.31,769.15,768.31,768.77
1786063500000,768.82,768.98,768.34,768.83
1786064400000,768.91,769,768.37,768.44
1786065300000,768.38,768.64,768.06,768.58
1786066200000,768.79,769.16,768.23,768.54
1786067100000,768.56,768.73,768.34,768.5
1786068000000,768.51,768.78,768.22,768.56
1786068900000,768.63,768.69,768.49,768.49
1786069800000,768.43,768.43,767.98,768.3
1786070700000,768.24,768.62,768.22,768.5
1786071600000,768.56,768.66,768.45,768.47
1786072500000,768.54,768.54,768.2,768.41
1786073400000,768.39,768.51,768.28,768.29
1786074300000,768.26,768.4,768.16,768.17
1786075200000,768.23,768.25,768.07,768.07
1786076100000,768.05,768.48,767.81,768.39
1786077000000,768.35,768.57,768.24,768.29
1786077900000,768.21,768.4,768.18,768.38
1786078800000,768.43,768.97,768.39,768.74
1786079700000,768.66,768.81,768.63,768.7
1786080600000,768.7,768.7,768.47,768.56
1786081500000,768.56,768.63,768.51,768.55
1786082400000,768.52,769.06,768.43,769.06
1786083300000,769.07,769.25,768.92,769.23
1786084200000,769.23,769.23,768.77,768.77
1786085100000,768.74,769.07,768.72,769.07
1786086000000,769.11,769.48,768.89,769.48
1786086900000,769.4,769.42,769.25,769.42
1786087800000,769.4,769.52,769.23,769.42
1786088700000,769.34,769.4,769.14,769.33
1786089600000,769.45,769.898,769.037,769.88
1786090500000,769.57,769.917,769.5,769.57
1786091400000,769.648,769.979,769.48,769.659
1786092300000,769.658,769.819,769.621,769.819
1786093200000,769.82,770.059,769.735,769.987
1786094100000,769.986,770.119,769.787,769.972
1786095000000,769.971,770.124,769.915,769.977
1786095900000,769.976,770.097,769.845,769.882
1786096800000,769.95,769.99,769.841,769.95
1786097700000,769.833,769.964,769.691,769.964
1786098600000,769.966,770.156,769.927,770.156
1786099500000,769.98,770.173,769.796,769.92
1786100400000,770.11,770.442,769.925,770.4
1786101300000,770.36,770.739,770.281,770.66
1786102200000,770.7,770.93,770.603,770.88
1786103100000,770.78,770.876,770.142,770.79
1786104000000,770.164,770.76,770.076,770.585
1786104900000,770.59,771.1,770.36,770.37
1786105800000,771.42,772.8,770.847,772.49
1786106700000,772.72,773.1,772.453,772.7
1786107600000,772.71,772.738,771.26,771.26
1786108500000,771.374,771.46,770.675,770.788
1786109400000,770.99,772.06,770.655,771.98
1786110300000,771.99,772.35,770.46,771.026
1786111200000,771.105,771.6,769.61,769.87
1786112100000,769.87,773.28,769.715,773.135
1786113000000,773.17,773.35,771.72,771.93
1786113900000,771.816,772.97,771.816,772.814
1786114800000,772.823,773.36,772.4,773.076
1786115700000,773.09,773.89,772.775,773.65
1786116600000,773.73,773.91,772.91,773.16
1786117500000,773.17,773.62,772.85,773.05
1786118400000,773.019,773.365,772.76,773.04
1786119300000,772.98,773.29,771.34,771.633
1786120200000,771.735,772.63,771.06,772.57
1786121100000,772.65,772.87,771.965,771.965
1786122000000,771.98,772.38,771.77,772.07
1786122900000,772.053,772.39,771.785,772.106
1786123800000,772.105,772.387,771.73,772.181
1786124700000,772.17,772.46,772,772.27
1786125600000,772.165,772.28,771.455,771.55
1786126500000,771.57,771.82,771.44,771.46
1786127400000,771.46,771.64,770.9,770.95
1786128300000,770.951,771.78,770.915,771.528
1786129200000,771.71,773.05,771.556,772.88
1786130100000,772.915,773.42,772.82,773.07
1786131000000,773.08,773.095,772.52,772.56
1786131900000,772.589,773.78,772.54,773.21
1786132800000,773.17,773.34,772.696,772.863
1786133700000,772.83,772.93,772.55,772.55
1786134600000,772.75,772.955,772.589,772.87
1786135500000,772.83,773.104,772.788,772.99
1786136400000,773.038,773.075,772.97,773.008
1786137300000,773.009,773.009,772.985,772.99
1786138200000,772.988,772.988,772.94,772.965
1786139100000,772.965,772.974,772.926,772.941
1786140000000,773.07,773.08,772.94,773.07
1786140900000,773.005,773.139,773.005,773.094
1786141800000,773.095,773.215,773.052,773.215
1786142700000,772.93,773.23,772.847,772.93
1786143600000,772.996,773.095,772.911,773.095
1786144500000,773.095,773.228,773.055,773.129
1786145400000,773.13,773.179,773.1,773.159
1786146300000,773.159,773.39,773.159,773.374
1786154400000,773.54,773.54,773.54,773.54
1786161600000,774.07,774.07,773.39,773.39
1786165200000,773.39,773.39,773.39,773.39
1786166100000,773.53,773.53,773.38,773.38
1786172400000,773.24,773.36,773.24,773.36
1786177800000,773.21,773.21,773.21,773.21
1786178700000,773.21,773.21,773.21,773.21
1786192200000,773.21,773.36,773.11,773.11
1786193100000,773.07,773.18,773.07,773.18
1786194000000,773.06,773.06,773.06,773.06
1786197600000,773.18,773.18,773.18,773.18
1786200300000,773.06,773.06,773.06,773.06
1786203000000,773.03,773.03,773.03,773.03
1786208400000,773.18,773.18,773.03,773.03
1786210200000,773.18,773.18,773.18,773.18
1786211100000,773.18,773.18,773.18,773.18
1786225500000,773.18,773.18,773.18,773.18
1786226400000,773.18,773.22,773.18,773.22
1786228200000,773.22,773.22,772.99,772.99
1786248900000,772.97,772.97,772.97,772.97
1786257000000,773.22,773.22,773.22,773.22
1786264200000,773.24,773.24,773.24,773.24
1786270500000,773.24,773.24,773.24,773.24
1786276800000,773.22,773.22,772.93,772.93
1786280400000,772.8,772.8,772.8,772.8
1786284000000,772.8,772.8,772.75,772.75
1786284900000,773.24,773.42,773.24,773.42
1786291200000,773.4,773.4,773.4,773.4
1786296600000,773.4,773.4,773.4,773.4
1786305600000,773.25,773.25,773.25,773.25
1786306500000,772.77,772.88,772.77,772.88
1786313700000,772.75,772.75,772.75,772.75
1786316400000,772.88,772.88,772.33,772.33
1786320000000,772.01,773.14,771.8,773.04
1786320900000,773.03,773.03,772.4,772.49
1786321800000,772.47,772.66,772.23,772.23
1786322700000,772.29,772.6,772.27,772.36
1786323600000,772.43,773.01,772.32,772.99
1786324500000,773.02,773.35,773,773.3
1786325400000,773.24,773.36,772.94,773.25
1786326300000,773.3,773.44,773.3,773.4
1786327200000,773.43,773.48,773.28,773.28
1786328100000,773.26,773.31,773.11,773.31
1786329000000,773.3,773.52,773.21,773.51
1786329900000,773.52,773.59,773.47,773.55
1786330800000,773.54,773.56,773.43,773.46
1786331700000,773.46,773.63,773.41,773.62
1786332600000,773.57,773.86,773.54,773.84
1786333500000,773.85,773.91,773.63,773.71
1786334400000,773.72,773.88,773.57,773.83
1786335300000,773.9,774.04,773.9,773.98
1786336200000,773.99,773.99,773.73,773.88
1786337100000,773.99,774.21,773.95,773.95
1786338000000,774.08,774.35,774.08,774.29
1786338900000,774.3,774.35,774.22,774.23
1786339800000,774.24,774.31,774.16,774.24
1786340700000,774.25,774.46,774.2,774.4
1786341600000,774.38,774.58,774.38,774.51
1786342500000,774.52,774.55,773.82,773.88
1786343400000,773.83,774.03,773.8,773.87
1786344300000,773.88,774.12,773.88,774.09
1786345200000,774.05,774.2,773.71,773.83
1786346100000,773.84,774.52,773.83,774.52
1786347000000,774.49,774.71,774.46,774.66
1786347900000,774.73,774.89,774.38,774.48
1786348800000,774.585,774.663,773.568,774.44
1786349700000,774.5,774.597,774.258,774.27
1786350600000,774.413,774.635,774.36,774.418
1786351500000,774.417,774.524,774.306,774.507
1786352400000,774.509,774.56,774.416,774.52
1786353300000,774.56,774.624,774.402,774.56
1786354200000,774.52,774.68,774.214,774.52
1786355100000,774.26,774.329,774.237,774.3
1786356000000,774.249,774.4,774.009,774.035
1786356900000,774.034,774.405,774.025,774.366
1786357800000,774.34,774.369,773.829,774.21
1786358700000,773.86,774.091,773.755,773.86
1786359600000,773.76,773.934,773.191,773.22
1786360500000,773.336,773.886,773.331,773.882
1786361400000,773.95,774.008,773.74,773.74
1786362300000,773.56,773.783,773.41,773.44
1786363200000,773.68,773.866,773.435,773.85
1786364100000,773.38,773.459,772.978,773.21
1786365000000,773.09,773.189,772.64,772.82
1786365900000,772.55,772.868,772.502,772.58
1786366800000,772.8,773.015,772.637,772.86
1786367700000,773.04,773.04,772.375,772.48
1786368600000,772.6,773.63,772.52,772.67
1786369500000,772.67,773.51,772.49,773.48
1786370400000,773.48,774.27,773.39,774.215
1786371300000,774.27,774.47,773.77,774.385
1786372200000,774.365,774.7,774.18,774.568
1786373100000,774.574,775.02,773.51,773.52
1786374000000,773.57,774.03,773.3,773.8
1786374900000,773.8,774.18,773.42,773.75
1786375800000,773.74,773.84,773.18,773.77
1786376700000,773.781,774.38,773.495,774.326
1786377600000,774.327,774.435,773.79,773.79
1786378500000,773.74,773.915,773.34,773.36
1786379400000,773.37,773.49,771.91,772.155
1786380300000,772.16,772.95,771.97,772.95
1786381200000,772.939,773.24,772.525,773.101
1786382100000,773.13,773.27,772.88,773.11
1786383000000,773.115,773.26,772.62,772.66
1786383900000,772.635,772.81,772.5,772.735
1786384800000,772.72,773.06,772.63,772.66
1786385700000,772.666,772.76,772.49,772.534
1786386600000,772.53,772.91,772.315,772.895
1786387500000,772.89,773.32,772.74,773.19
1786388400000,773.22,773.4,773.055,773.29
1786389300000,773.29,773.44,772.87,772.95
1786390200000,772.917,773.29,772.72,773.112
1786391100000,773.09,773.23,772.31,773.07
1786392000000,773.07,773.07,772.8,772.82
1786392900000,772.81,772.969,772.628,772.82
1786393800000,772.92,772.95,772.813,772.92
1786394700000,772.947,773.113,772.933,773.036
1786395600000,773.036,773.063,772.901,773
1786396500000,773.01,773.05,772.971,773.01
1786397400000,773.043,773.157,773.043,773.142
1786398300000,772.89,773.145,772.89,772.89
1786399200000,773.29,773.337,773.035,773.04
1786400100000,772.74,773.094,772.695,772.79
1786401000000,772.66,772.758,772.46,772.51
1786401900000,772.553,772.66,772.525,772.655
1786402800000,772.656,772.696,772.541,772.564
1786403700000,772.566,772.57,772.252,772.27
1786404600000,772.27,772.489,772.227,772.475
1786405500000,772.46,772.597,772.033,772.46
1786406400000,772.392,773.08,772.13,773.08
1786407300000,772.91,773.25,772.75,773.17
1786408200000,773.16,773.38,773.09,773.35
1786409100000,773.38,773.48,773.3,773.4
1786410000000,773.32,773.9,773.15,773.81
1786410900000,773.85,774.01,773.61,773.84
1786411800000,773.86,773.88,773.68,773.74
1786412700000,773.76,773.97,773.67,773.67
1786413600000,773.68,773.78,773.62,773.67
1786414500000,773.71,773.87,773.7,773.86
1786415400000,773.84,773.99,773.84,773.96
1786416300000,773.96,773.99,773.79,773.8
1786417200000,773.81,774,773.81,773.94
1786418100000,773.93,774.25,773.91,774.21
1786419000000,774.23,774.27,774.07,774.17
1786419900000,774.06,774.19,774.04,774.04
1786420800000,774.04,774.19,774,774.12
1786421700000,774.16,774.24,774.05,774.24
1786422600000,774.18,774.31,774.09,774.09
1786423500000,774.1,774.18,774.05,774.1
1786424400000,774.09,774.19,774.01,774.19
1786425300000,774.2,774.21,773.87,773.96
1786426200000,773.8,773.99,773.72,773.86
1786427100000,773.88,773.91,773.43,773.5
1786428000000,773.49,773.79,773.46,773.77
1786428900000,773.7,773.72,772.91,772.91
1786429800000,772.81,773.22,772.51,773.15
1786430700000,773.15,773.17,772.71,772.71
1786431600000,773.04,773.13,772.67,772.9
1786432500000,772.78,772.92,772.53,772.84
1786433400000,772.92,773.15,772.86,772.87
1786434300000,772.93,773.04,772.79,773.01
1786435200000,773.24,773.394,772.511,773.24
1786436100000,772.49,772.84,772.454,772.49
1786437000000,772.713,772.99,772.536,772.99
1786437900000,772.992,773.051,772.84,772.899
1786438800000,773,773,772.585,773
1786439700000,772.786,773.166,772.786,773.058
1786440600000,773.062,773.405,773.062,773.246
1786441500000,773.2,773.344,773.141,773.2
1786442400000,773.18,773.204,773.002,773.002
1786443300000,773.14,774.102,772.95,773.33
1786444200000,773.96,773.966,773.641,773.81
1786445100000,773.816,773.994,773.816,773.848
1786446000000,773.862,774.911,773.862,774.73
1786446900000,774.41,774.764,774.102,774.26
1786447800000,774.17,774.268,774,774.09
1786448700000,774.3,774.412,774.098,774.22
1786449600000,774.4,774.577,774.191,774.49
1786450500000,774.59,774.833,773.953,773.97
1786451400000,774.16,774.451,774.008,774.321
1786452300000,774.37,774.37,774.085,774.17
1786453200000,774.15,774.51,774.079,774.08
1786454100000,774.154,774.633,774,774.53
1786455000000,774.54,774.54,772.89,773.36
1786455900000,773.33,773.64,772.58,773.64
1786456800000,773.61,774.05,773.53,773.755
1786457700000,773.715,773.94,773.35,773.885
1786458600000,773.894,773.9,773.22,773.369
1786459500000,773.37,774.04,773.364,773.64
1786460400000,773.66,773.79,772.57,772.67
1786461300000,772.65,772.85,772.195,772.42
1786462200000,772.441,772.541,771.775,772.142
1786463100000,772.148,772.235,771.785,772.031
1786464000000,772.06,772.39,771.92,771.96
1786464900000,771.97,772.435,771.38,771.84
1786465800000,771.8,772.01,771.45,771.57
1786466700000,771.59,771.59,771.04,771.135
1786467600000,771.131,771.21,770.3,770.353
1786468500000,770.36,771.01,770.334,770.85
1786469400000,770.84,771.29,770.73,771.26
1786470300000,771.25,771.35,771.12,771.245
1786471200000,771.18,771.234,770.66,770.845
1786472100000,770.84,770.905,769.415,769.505
1786473000000,769.535,770.225,769.535,769.78
1786473900000,769.785,770.46,769.785,770.1
1786474800000,770.08,770.37,769.86,770.22
1786475700000,770.25,770.68,770.16,770.59
1786476600000,770.611,771.1,770.6,770.725
1786477500000,770.68,770.708,769.8,770.41
1786478400000,770.61,770.735,770.21,770.46
1786479300000,770.78,771.125,770.654,770.74
1786480200000,771.13,771.19,771.01,771.05
1786481100000,771.09,771.09,770.73,770.779
1786482000000,770.78,771.028,770.762,770.874
1786482900000,770.873,770.911,770.829,770.881
1786483800000,770.881,770.881,770.78,770.809
1786484700000,770.809,770.862,770.72,770.771
1786485600000,770.85,770.952,770.61,770.95
1786486500000,770.95,770.969,770.849,770.93
1786487400000,770.89,770.9,770.615,770.79
1786488300000,770.585,770.78,770.527,770.71
1786489200000,770.711,770.801,770.641,770.685
1786490100000,770.683,770.826,770.676,770.821
1786491000000,770.63,770.82,770.63,770.63
1786491900000,770.71,770.98,770.647,770.9
1786492800000,770.88,770.976,770.42,770.73
1786493700000,770.75,771,770.64,770.89
1786494600000,770.79,770.92,770.67,770.76
1786495500000,770.75,770.82,770.59,770.78
1786496400000,770.75,770.9,770.63,770.77
1786497300000,770.75,770.75,770.45,770.59
1786498200000,770.6,770.71,770.47,770.71
1786499100000,770.72,770.79,770.42,770.5
1786500000000,770.61,770.69,770.5,770.66
1786500900000,770.67,770.84,770.62,770.79
1786501800000,770.82,770.97,770.81,770.91
1786502700000,770.92,771.09,770.91,771.09
1786503600000,771.13,771.2,771.07,771.17
1786504500000,771.13,771.15,771,771.12
1786505400000,771.1,771.1,770.96,770.96
1786506300000,771.04,771.09,770.98,771
1786507200000,771.09,771.15,771.03,771.09
1786508100000,771.11,771.18,771,771.16
1786509000000,771.14,771.15,770.99,771.09
1786509900000,771.06,771.32,771.01,771.31
1786510800000,771.27,771.28,771.07,771.07
1786511700000,771.01,771.07,770.86,771.02
1786512600000,771.08,771.25,771.08,771.1
1786513500000,771.1,771.29,771.1,771.25
1786514400000,771.27,771.31,771,771.01
1786515300000,771.06,771.18,770.98,771.18
1786516200000,771.17,771.38,771.16,771.17
1786517100000,771.2,771.46,771.2,771.45
1786518000000,771.49,771.7,771.45,771.54
1786518900000,771.58,771.58,771.28,771.41
1786519800000,771.37,771.6,771.35,771.6
1786520700000,771.4,771.47,771.27,771.32
1786521600000,771.54,771.77,770.97,771.77
1786522500000,771.688,771.8,771.64,771.708
1786523400000,771.62,771.717,771.365,771.62
1786524300000,771.56,771.874,771.53,771.82
1786525200000,771.94,772.035,771.771,771.94
1786526100000,771.998,772.817,771.976,772.328
1786527000000,772.326,772.549,772.325,772.455
1786527900000,772.455,772.56,772.026,772.155
1786528800000,772.152,772.466,772.152,772.426
1786529700000,772.46,772.486,772.34,772.34
1786530600000,772.344,772.503,772.29,772.468
1786531500000,772,772.474,771.967,772.09
1786532400000,772.12,772.45,772.12,772.42
1786533300000,772.05,772.209,772.01,772.01
1786534200000,772.2,772.384,772.088,772.21
1786535100000,772.37,772.67,772.34,772.6
1786536000000,772.58,772.84,772.396,772.5
1786536900000,772.53,773.417,772.39,773.07
1786537800000,773.69,774.174,771.73,773.92
1786538700000,773.871,773.985,773.519,773.985
1786539600000,773.988,774.21,773.881,774.063
1786540500000,774.17,774.7,774.061,774.67
1786541400000,774.71,774.85,772.475,772.81
1786542300000,772.85,773.66,772.085,772.64
1786543200000,772.61,772.79,771.89,772.4
1786544100000,772.386,773.315,772.25,772.709
1786545000000,772.79,773.1,771.29,773.04
1786545900000,773.04,773.19,771.81,772.32
1786546800000,772.235,772.41,771.72,772.16
1786547700000,772.1,772.31,771.72,772.31
1786548600000,772.317,772.45,771.575,771.798
1786549500000,771.799,772.148,771.77,772.03
1786550400000,772.025,772.605,771.97,772.49
1786551300000,772.54,772.65,772.35,772.46
1786552200000,772.42,772.9,772.18,772.72
1786553100000,772.713,773.19,772.58,772.922
1786554000000,772.921,773.295,772.8,773.003
1786554900000,773,773.015,772.625,772.76
1786555800000,772.79,772.98,772.715,772.865
1786556700000,772.85,772.98,772.64,772.825
1786557600000,772.85,773.205,772.78,773.12
1786558500000,773.124,773.3,772.97,773.089
1786559400000,773.11,773.64,773.089,773.51
1786560300000,773.525,773.612,773.06,773.06
1786561200000,773.03,773.365,773.01,773.075
1786562100000,773.06,773.211,772.8,772.975
1786563000000,772.964,773.03,772.56,772.826
1786563900000,772.86,773.01,772,772.55
1786564800000,772.56,773.258,772.51,772.71
1786565700000,772.72,772.826,772.258,772.3
1786566600000,772.32,772.385,772.28,772.34
1786567500000,772.342,772.369,772.217,772.232
1786568400000,772.22,772.34,772.21,772.22
1786569300000,772.34,772.554,772.335,772.5
1786570200000,772.5,772.548,772.5,772.535
1786571100000,772.51,772.59,772.51,772.54
1786572000000,772.567,772.64,772.367,772.451
1786572900000,772.41,772.49,772.297,772.35
1786573800000,772.386,772.386,772.207,772.335
1786574700000,772.335,772.402,772.328,772.35
1786575600000,772.348,772.623,772.34,772.613
1786576500000,772.614,772.655,772.54,772.564
1786577400000,772.58,772.595,772.433,772.58
1786578300000,772.28,772.545,772.251,772.28
1786579200000,772.347,772.9,772.347,772.62
1786580100000,772.7,772.89,772.5,772.51
1786581000000,772.53,772.66,772.36,772.51
1786581900000,772.47,772.65,772.43,772.46
1786582800000,772.63,772.63,772.22,772.24
1786583700000,772.24,772.29,772.06,772.11
1786584600000,772.22,772.41,772.17,772.33
1786585500000,772.33,772.67,772.28,772.61
1786586400000,772.63,772.8,772.61,772.78
1786587300000,772.81,772.87,772.65,772.65
1786588200000,772.65,772.95,772.46,772.93
1786589100000,772.93,772.94,772.84,772.9
1786590000000,772.84,772.92,772.8,772.92
1786590900000,772.91,772.97,772.85,772.96
1786591800000,772.94,773.01,772.89,773.01
1786592700000,773.02,773.11,773.02,773.05
1786593600000,773.08,773.24,772.99,773
1786594500000,772.97,773.11,772.84,773.11
1786595400000,773.08,773.2,773.05,773.08
1786596300000,773.09,773.29,773.09,773.19
1786597200000,773.14,773.53,773.14,773.52
1786598100000,773.51,773.55,773.43,773.55
1786599000000,773.55,773.61,773.39,773.39
1786599900000,773.46,773.5,773.25,773.25
1786600800000,773.3,773.44,773.15,773.38
1786601700000,773.39,773.52,773.35,773.41
1786602600000,773.41,773.46,773.05,773.05
1786603500000,773.04,773.3,773.01,773.29
1786604400000,773.4,773.46,772.96,773.04
1786605300000,773.08,773.31,772.95,773.29
1786606200000,773.32,773.5,773.26,773.5
1786607100000,773.51,773.58,773.35,773.37
1786608000000,773.22,773.55,772.514,773.34
1786608900000,773.522,773.758,773.303,773.72
1786609800000,773.721,773.759,773.6,773.743
1786610700000,773.744,773.86,773.67,773.747
1786611600000,773.57,773.819,773.549,773.57
1786612500000,773.38,773.739,773.375,773.68
1786613400000,773.607,773.866,773.601,773.86
1786614300000,773.86,773.995,773.846,773.995
1786615200000,773.91,773.998,773.865,773.91
1786616100000,773.906,774.018,773.87,773.884
1786617000000,773.97,774.009,773.889,773.97
1786617900000,774.08,774.117,773.951,774.03
1786618800000,774.05,774.141,773.946,774.027
1786619700000,773.83,774.034,773.83,773.95
1786620600000,774.02,774.354,773.921,774.26
1786621500000,774.38,774.421,773.946,774.15
1786622400000,773.87,773.976,773.677,773.7
1786623300000,773.801,773.801,773.45,773.783
1786624200000,774.43,774.51,773.416,773.87
1786625100000,774,774.364,773.943,774.32
1786626000000,774.44,774.68,774.363,774.62
1786626900000,774.57,774.89,774.565,774.89
1786627800000,774.854,776.445,774.14,775.663
1786628700000,775.76,777.68,775.64,777.63
1786629600000,777.6,778.55,777.525,778.515
1786630500000,778.52,779.25,778.08,779.185
1786631400000,779.206,779.38,778.575,778.611
1786632300000,778.602,778.602,777.39,777.816
1786633200000,777.775,778.2,776.97,777.11
1786634100000,777.1,777.26,775.955,776.24
1786635000000,776.175,776.37,775.65,775.955
1786635900000,775.91,776.12,775.4,775.48
1786636800000,775.451,776.275,775.451,775.697
1786637700000,775.755,776.515,775.63,776.51
1786638600000,776.52,776.71,776.205,776.45
1786639500000,776.48,776.8,776.441,776.71
1786640400000,776.71,777.36,776.706,777.18
1786641300000,777.177,777.45,777.1,777.105
1786642200000,777.12,777.23,776.62,776.62
1786643100000,776.62,776.94,776.62,776.735
1786644000000,776.74,777.13,776.66,777.095
1786644900000,777.11,777.16,776.67,776.97
1786645800000,776.985,777.7,776.985,777.63
1786646700000,777.64,777.925,777.615,777.75
1786647600000,777.75,778.43,777.71,777.95
1786648500000,777.93,778.35,777.79,778.02
1786649400000,778.01,778.25,777.7,777.71
1786650300000,777.71,777.935,777.35,777.82
1786651200000,777.81,777.98,777.35,777.75
1786652100000,777.75,777.771,777.5,777.56
1786653000000,777.58,777.869,777.55,777.78
1786653900000,778.02,778.027,777.86,778.02
1786654800000,777.985,778.017,777.921,778
1786655700000,778,778.04,777.926,777.984
1786656600000,777.98,777.99,777.925,777.975
1786657500000,777.975,778.039,777.94,777.98
1786658400000,777.983,778.17,777.926,777.95
1786659300000,777.949,778.095,777.866,777.957
1786660200000,777.98,778.011,777.951,777.98
1786661100000,778.008,778.014,777.899,777.938
1786662000000,777.937,778.238,777.907,778.233
1786662900000,778.234,778.25,778.035,778.11
1786663800000,778.106,778.165,778.051,778.152
1786664700000,778.15,778.157,778.061,778.15
1786665600000,778.35,778.6,778.087,778.36
1786666500000,778.35,778.35,778.17,778.21
1786667400000,778.18,778.27,778.12,778.15
1786668300000,778.11,778.2,778.09,778.19
1786669200000,778.16,778.16,777.8,777.8
1786670100000,777.81,778.02,777.77,778.02
1786671000000,777.99,778.2,777.96,778.15
1786671900000,778.14,778.22,778.06,778.1
1786672800000,778.11,778.37,778.11,778.37
1786673700000,778.37,778.39,778.26,778.34
1786674600000,778.35,778.44,778.33,778.4
1786675500000,778.41,778.41,778.19,778.23
1786676400000,778.25,778.35,778.22,778.33
1786677300000,778.34,778.52,778.34,778.48
1786678200000,778.49,778.49,778.3,778.3
1786679100000,778.32,778.34,778.2,778.22
1786680000000,778.19,778.27,778.15,778.27
1786680900000,778.28,778.31,778.21,778.23
1786681800000,778.2,778.2,778,778.18
1786682700000,778.17,778.17,778.04,778.04
1786683600000,778.12,778.13,777.93,778.11
1786684500000,778.08,778.15,777.99,778.15
1786685400000,778.12,778.22,778.07,778.2
1786686300000,778.2,778.35,778.17,778.24
1786687200000,778.26,778.27,777.9,777.92
1786688100000,777.9,777.96,777.9,777.96
1786689000000,777.97,777.97,777.85,777.88
1786689900000,777.88,777.99,777.87,777.96
1786690800000,777.96,778.06,777.8,777.8
1786691700000,777.84,777.93,777.84,777.93
1786692600000,777.92,778.09,777.92,778.09
1786693500000,778.13,778.24,778.08,778.13
1786694400000,778.29,778.329,778.001,778.29
1786695300000,778.13,778.357,778.065,778.357
1786696200000,778.361,778.595,778.361,778.485
1786697100000,778.485,778.63,778.412,778.412
1786698000000,778.41,778.41,778.257,778.369
1786698900000,778.46,778.55,778.295,778.46
1786699800000,778.406,778.406,778.197,778.279
1786700700000,778.279,778.523,778.276,778.523
1786701600000,778.72,778.72,778.521,778.72
1786702500000,778.49,778.635,778.43,778.49
1786703400000,778.456,778.581,778.375,778.439
1786704300000,778.44,778.624,778.44,778.624
1786705200000,778.65,778.718,778.511,778.59
1786706100000,778.54,778.54,778.428,778.54
1786707000000,778.66,778.736,778.479,778.62
1786707900000,778.78,778.828,778.607,778.67
1786708800000,778.693,778.726,777.93,778.463
1786709700000,778.31,778.563,778.283,778.35
1786710600000,778.69,778.883,778.564,778.59
1786711500000,778.66,778.866,778.638,778.79
1786712400000,778.6,778.795,778.398,778.52
1786713300000,778.395,778.692,778.39,778.612
1786714200000,778.54,778.596,777.68,778.385
1786715100000,778.39,778.6,777.87,778.42
1786716000000,778.265,778.78,778.2,778.3
1786716900000,778.28,778.348,777.13,777.395
1786717800000,777.371,777.43,776.825,777.133
1786718700000,777.18,777.44,776.75,776.75
1786719600000,776.76,777.11,776.43,776.5
1786720500000,776.455,776.68,775.85,776.3
1786721400000,776.3,776.47,775.85,776.05
1786722300000,776.034,776.37,775.82,776.22
1786723200000,776.255,776.58,776.09,776.54
1786724100000,776.575,776.83,776.43,776.695
1786725000000,776.685,776.735,776.14,776.14
1786725900000,776.14,776.215,775.66,775.73
1786726800000,775.714,776.11,775.64,776.02
1786727700000,776.03,776.125,775.655,775.76
1786728600000,775.78,775.96,775.44,775.62
1786729500000,775.65,775.905,775.477,775.87
1786730400000,775.82,776.3,775.74,776.19
1786731300000,776.171,776.33,775.905,775.958
1786732200000,775.935,776.27,775.83,776.21
1786733100000,776.22,776.5,776.03,776.17
1786734000000,776.19,776.22,775.905,776.06
1786734900000,776.05,776.34,775.87,776.18
1786735800000,776.168,776.31,776.04,776.153
1786736700000,776.13,776.41,775.93,776.29
1786737600000,776.32,776.324,775.79,775.91
1786738500000,775.91,775.925,775.772,775.78
1786739400000,776.06,776.074,775.822,775.99
1786740300000,776.006,776.04,775.943,776.034
1786741200000,775.95,776.075,775.95,775.95
1786742100000,775.995,776.02,775.97,776
1786743000000,776,776.083,775.945,775.945
1786743900000,775.945,776.085,775.945,776.05
1786744800000,776.05,776.075,776.045,776.066
1786745700000,776.066,776.125,776.065,776.125
1786746600000,776.125,776.175,776.125,776.125
1786747500000,776.12,776.19,776.101,776.12
1786748400000,776.145,776.175,776.145,776.175
1786749300000,776.175,776.205,776.15,776.176
1786750200000,776.178,776.235,776.176,776.22
1786751100000,776.22,776.269,776.032,776.033
1786752000000,776.035,776.049,776.035,776.049
1786752900000,777.02,777.02,774.86,774.86
1786758300000,777.02,777.02,774.86,774.86
1786760100000,777.55,777.55,777.55,777.55
1786762800000,777.55,777.55,777.55,777.55
1786763700000,777.43,777.43,776.86,776.86
1786767300000,777.18,777.59,776.86,777.25
1786770900000,776.95,776.95,776.79,776.79
1786772700000,777.04,777.04,777.04,777.04
1786773600000,777.25,777.94,776.75,777.21
1786774500000,777.21,777.21,777.21,777.21
1786777200000,777.21,777.79,777.21,777.79
1786779000000,777.79,777.79,776.78,777.79
1786787100000,777.94,777.99,776.76,777.12
1786789800000,777.99,778.01,776.88,778.01
1786790700000,777.74,777.74,777.74,777.74
1786791600000,778.01,778.01,777.04,777.04
1786798800000,776.78,778.17,776.78,778.17
1786799700000,778.19,778.19,778.19,778.19
1786801500000,777.71,777.71,777.71,777.71
1786802400000,778.19,778.27,777.43,777.43
1786805100000,777.48,777.48,777.48,777.48
1786813200000,777.47,777.47,777.47,777.47
1786824900000,777.48,777.48,777.48,777.48
1786845600000,777.48,777.48,777.48,777.48
1786846500000,777.43,777.43,777.43,777.43
1786851900000,777.43,777.43,777.21,777.21
1786858200000,777.48,778.11,777.48,778.11
1786860900000,778.27,778.27,778.27,778.27
1786864500000,777.88,777.88,777.88,777.88
1786866300000,778.28,778.28,778.28,778.28
1786869000000,778.34,778.34,778.11,778.11
1786871700000,778.11,778.11,778.11,778.11
1786873500000,778.34,778.34,778.34,778.34
1786883400000,778.11,778.11,778.11,778.11
1786889700000,778.34,778.34,778.34,778.34
1786896900000,778.43,779.45,778.43,779.45
1786908600000,778.91,778.91,778.91,778.91
1786914900000,779.43,779.43,778.9,778.9
1786916700000,779.43,779.43,779.43,779.43
1786924800000,777,777.19,776.46,777.09
1786925700000,777.09,777.1,776.65,776.8
1786926600000,776.73,776.85,776.65,776.84
1786927500000,776.78,776.94,776.78,776.94
1786928400000,776.99,777.08,776.89,776.95
1786929300000,776.94,777.17,776.89,777.15
1786930200000,777.14,777.18,776.69,776.81
1786931100000,776.76,776.8,776.59,776.61
1786932000000,776.6,776.64,776.5,776.59
1786932900000,776.57,776.79,776.57,776.73
1786933800000,776.8,776.8,776.7,776.8
1786934700000,776.78,776.81,776.71,776.71
1786935600000,776.71,776.79,776.69,776.73
1786936500000,776.8,776.91,776.8,776.87
1786937400000,776.88,776.93,776.78,776.91
1786938300000,776.99,777.08,776.97,777.08
1786939200000,777.09,777.19,777.09,777.19
1786940100000,777.15,777.19,777.11,777.11
1786941000000,777.08,777.12,776.99,777.11
1786941900000,777.11,777.19,777.05,777.08
1786942800000,777.09,777.21,777.07,777.19
1786943700000,777.16,777.2,777.05,777.18
1786944600000,777.21,777.46,777.19,777.44
1786945500000,777.44,777.54,777.4,777.52
1786946400000,777.56,777.74,777.56,777.66
1786947300000,777.66,777.66,777.46,777.59
1786948200000,777.7,777.8,777.62,777.68
1786949100000,777.71,777.85,777.62,777.8
1786950000000,777.79,777.92,777.4,777.42
1786950900000,777.43,777.47,777.17,777.45
1786951800000,777.44,777.75,777.44,777.71
1786952700000,777.72,777.85,777.65,777.73
1786953600000,777.525,777.762,776.325,777.525
1786954500000,777.424,777.498,777.355,777.446
1786955400000,777.45,777.535,777.283,777.283
1786956300000,777.35,777.475,777.228,777.29
1786957200000,777.467,777.632,777.416,777.595
1786958100000,777.598,777.607,777.397,777.397
1786959000000,777.37,777.394,777.25,777.36
1786959900000,777.52,777.528,777.28,777.52
1786960800000,777.315,777.479,777.315,777.479
1786961700000,777.4,778.128,777.11,777.99
1786962600000,778.143,778.15,777.371,777.546
1786963500000,777.49,777.544,777.447,777.49
1786964400000,777.44,777.628,777.351,777.4
1786965300000,777.41,777.421,777.166,777.22
1786966200000,777.33,777.484,777.305,777.378
1786967100000,777.31,777.408,777.135,777.21
1786968000000,777.18,777.227,776.816,776.88
1786968900000,777.19,777.29,776.41,776.72
1786969800000,776.63,776.79,776.15,776.17
1786970700000,776.25,776.34,776.015,776.18
1786971600000,776.2,776.49,776.199,776.47
1786972500000,776.57,776.62,776.228,776.31
1786973400000,776.29,776.74,775.345,775.6
1786974300000,775.555,776.005,775.19,775.26
1786975200000,775.264,775.73,775.03,775.653
1786976100000,775.59,775.655,775.01,775.47
1786977000000,775.475,775.575,774.95,775.155
1786977900000,775.22,775.47,774.89,775.28
1786978800000,775.248,775.6,775.16,775.348
1786979700000,775.33,775.86,775.315,775.76
1786980600000,775.72,775.78,774.7,775.105
1786981500000,775.085,775.44,775.01,775.33
1786982400000,775.33,775.46,775.07,775.39
1786983300000,775.386,775.61,775.21,775.28
1786984200000,775.312,775.4,774.93,774.93
1786985100000,774.95,775.06,774.62,774.66
1786986000000,774.68,774.78,774.31,774.31
1786986900000,774.29,774.455,773.46,773.6
1786987800000,773.58,773.84,773.11,773.78
1786988700000,773.72,773.835,773.34,773.41
1786989600000,773.45,773.74,773.27,773.69
1786990500000,773.725,773.81,773.38,773.61
1786991400000,773.585,773.7,773.24,773.6
1786992300000,773.595,773.82,773.495,773.535
1786993200000,773.54,773.568,773.145,773.23
1786994100000,773.22,773.51,773.12,773.14
1786995000000,773.13,773.155,772.745,773.005
1786995900000,772.99,773.35,772.5,772.62
1786996800000,772.64,772.8,772.24,772.63
1786997700000,772.57,772.614,772.378,772.5
1786998600000,772.4,772.472,772.28,772.35
1786999500000,772.34,772.495,772.236,772.34
1787000400000,772.383,772.504,772.38,772.476
1787001300000,772.478,772.55,772.471,772.524
1787002200000,772.52,772.523,772.395,772.52
1787003100000,772.505,772.591,772.441,772.535
1787004000000,772.66,772.688,772.465,772.66
1787004900000,772.21,772.469,772.186,772.33
1787005800000,772.444,772.444,772.326,772.345
1787006700000,772.345,772.488,772.345,772.455
1787007600000,772.3,772.459,772.26,772.37
1787008500000,772.3,772.405,772.265,772.3
1787009400000,772.391,772.668,772.391,772.601
1787010300000,772.4,772.676,772.35,772.4
1787011200000,772.41,772.98,772.41,772.89
1787012100000,772.9,773,772.7,772.7
1787013000000,772.68,772.78,772.61,772.65
1787013900000,772.74,772.82,772.59,772.67
1787014800000,772.7,772.75,772.52,772.72
1787015700000,772.69,772.71,772.53,772.58
1787016600000,772.56,772.64,772.14,772.22
1787017500000,772.18,772.24,771.51,772.07
1787018400000,772.08,772.13,771.4,771.5
1787019300000,771.42,771.48,770.82,770.92
1787020200000,770.89,771.25,770.7,770.7
1787021100000,770.69,770.94,770.34,770.84
1787022000000,770.88,770.95,770.65,770.67
1787022900000,770.69,770.71,770.21,770.46
1787023800000,770.25,770.56,770.08,770.49
1787024700000,770.48,770.6,770.34,770.35
1787025600000,770.38,770.39,770.12,770.27
1787026500000,770.22,770.38,769.97,770.37
1787027400000,770.4,770.42,770.12,770.17
1787028300000,770.15,770.41,770.12,770.33
1787029200000,770.31,770.31,769.71,769.8
1787030100000,769.83,770,769.81,769.82
1787031000000,769.81,769.83,769.58,769.64
1787031900000,769.67,769.8,769.49,769.49
1787032800000,769.42,769.57,768.72,769.52
1787033700000,769.54,769.76,769.27,769.56
1787034600000,769.55,769.76,769.43,769.71
1787035500000,769.7,770.13,769.68,770.13
1787036400000,770.04,770.14,769.74,769.81
1787037300000,769.69,769.84,769.55,769.55
1787038200000,769.59,769.6,769.05,769.1
1787039100000,769.08,769.2,768.59,768.59
1787040000000,767.915,771.991,767.865,768.21
1787040900000,768.57,768.792,768.316,768.66
1787041800000,768.647,769.169,768.561,769.089
1787042700000,768.87,769.09,768.618,768.87
1787043600000,768.85,769.129,768.73,768.87
1787044500000,768.779,768.779,768.391,768.65
1787045400000,768.75,768.858,768.317,768.62
1787046300000,768.78,769.015,768.365,768.9
1787047200000,769.09,769.195,768.901,768.98
1787048100000,769.005,769.105,768.839,769.076
1787049000000,769.16,769.31,768.957,769.12
1787049900000,769.04,769.392,768.951,769.19
1787050800000,769.18,769.596,769.148,769.41
1787051700000,769.56,769.647,769.466,769.53
1787052600000,769.549,769.69,769.258,769.614
1787053500000,769.72,769.837,769.41,769.59
1787054400000,769.47,769.857,769.309,769.35
1787055300000,769.44,769.873,769.277,769.31
1787056200000,769.21,769.369,768.94,769.01
1787057100000,768.995,769.59,768.968,769.581
1787058000000,769.66,769.66,769.06,769.06
1787058900000,769.02,769.207,768.467,768.68
1787059800000,768.7,769.51,767.92,768.76
1787060700000,768.73,769.06,768.13,768.495
1787061600000,768.469,769.26,767.64,768.086
1787062500000,768.12,769.06,767.99,768.66
1787063400000,768.705,769.26,768.4,768.4
1787064300000,768.38,768.815,767.735,767.91
1787065200000,767.874,768.315,767.45,767.704
1787066100000,767.706,768.02,767.37,767.853
1787067000000,767.865,768.255,767.59,768.069
1787067900000,768.14,768.61,768.067,768.36
1787068800000,768.34,768.73,768.23,768.56
1787069700000,768.569,768.86,768.15,768.216
1787070600000,768.214,768.576,768.085,768.34
1787071500000,768.344,768.88,768.207,768.63
1787072400000,768.615,768.8,768.38,768.63
1787073300000,768.63,768.63,768.09,768.31
1787074200000,768.29,768.39,768.01,768.12
1787075100000,768.107,768.185,767.63,767.63
1787076000000,767.63,768.095,767.45,768.039
1787076900000,768.06,768.57,768.044,768.33
1787077800000,768.365,768.43,768.08,768.13
1787078700000,768.08,768.19,767.68,767.76
1787079600000,767.727,767.92,767.58,767.628
1787080500000,767.628,768.16,767.61,768.05
1787081400000,768.02,768.2,767.73,767.91
1787082300000,767.86,767.96,766.935,767.355
1787083200000,767.36,767.494,767.152,767.41
1787084100000,767.44,767.46,767.19,767.23
1787085000000,767.397,767.54,767.365,767.445
1787085900000,767.33,767.454,767.135,767.24
1787086800000,767.296,767.35,767.235,767.235
1787087700000,767.235,767.359,767.14,767.186
1787088600000,767.184,767.255,767.171,767.204
1787089500000,767.26,767.344,767.18,767.26
1787090400000,767.36,767.57,767.262,767.57
1787091300000,767.36,767.709,767.177,767.38
1787092200000,767.14,767.218,766.971,767.15
1787093100000,767.043,767.05,766.74,766.754
1787094000000,766.87,767.077,766.696,766.99
1787094900000,767,767.36,766.906,767.02
1787095800000,767.14,767.19,767.071,767.14
1787096700000,767.09,767.375,767.045,767.22
1787097600000,767.062,767.16,766.29,766.49
1787098500000,766.36,767.17,766.3,767.17
1787099400000,767.17,767.66,767.15,767.46
1787100300000,767.56,767.63,767.13,767.13
1787101200000,767.13,767.55,767.04,767.45
1787102100000,767.46,767.71,767.25,767.57
1787103000000,767.61,767.61,767.14,767.14
1787103900000,767.14,767.29,767.05,767.18
1787104800000,767.23,767.25,766.69,766.72
1787105700000,766.76,767.19,766.73,767.01
1787106600000,767,767,766.71,766.82
1787107500000,766.81,767.12,766.81,766.97
1787108400000,767,767.11,766.79,766.93
1787109300000,766.93,767.07,766.83,766.9
1787110200000,766.9,767.22,766.88,766.89
1787111100000,766.87,766.92,766.66,766.71
1787112000000,766.75,766.76,766.54,766.61
1787112900000,766.59,766.92,766.57,766.92
1787113800000,766.81,766.81,766.48,766.48
1787114700000,766.46,766.52,766.01,766.49
1787115600000,766.49,766.87,766.33,766.35
1787116500000,766.35,766.46,766.01,766.46
1787117400000,766.49,766.49,765.96,765.99
1787118300000,766.07,766.1,765.86,766
1787119200000,766.12,766.12,765.87,765.95
1787120100000,765.97,766.83,765.96,766.55
1787121000000,766.54,766.77,766.46,766.62
1787121900000,766.81,767.53,766.81,767.53
1787122800000,767.51,767.53,767,767.53
1787123700000,767.44,767.62,767.27,767.62
1787124600000,767.65,767.92,767.42,767.42
1787125500000,767.68,767.91,767.53,767.91
1787126400000,767.87,768.118,767.064,767.87
1787127300000,767.94,768.234,767.879,768.17
1787128200000,768.149,768.174,767.966,768.069
1787129100000,768.07,768.139,767.835,767.85
1787130000000,767.75,768.093,767.717,767.74
1787130900000,767.718,767.718,767.485,767.496
1787131800000,767.495,767.661,767.405,767.435
1787132700000,767.39,767.532,767.261,767.51
1787133600000,767.364,767.474,767.117,767.395
1787134500000,767.26,767.395,767.044,767.26
1787135400000,767.33,767.63,767.265,767.42
1787136300000,767.47,767.669,767.39,767.47
1787137200000,767.9,767.992,767.395,767.9
1787138100000,767.88,767.916,767.698,767.87
1787139000000,767.79,767.826,767.432,767.683
1787139900000,767.684,767.847,767.587,767.847
1787140800000,767.845,767.92,767.579,767.84
1787141700000,767.99,768.088,767.726,767.95
1787142600000,767.81,770.099,767.571,770
1787143500000,770.49,771.78,770.075,770.99
1787144400000,770.77,770.953,770.102,770.93
1787145300000,770.912,771.069,770.434,770.434
1787146200000,770.35,770.59,769.28,770.127
1787147100000,770.13,770.6,768.14,770.035
1787148000000,770.082,770.26,768.75,768.75
1787148900000,768.871,770.12,768.74,769.988
1787149800000,769.988,771.33,769.84,771.062
1787150700000,771.062,772.23,770.68,772.16
1787151600000,772.195,772.465,771.495,771.799
1787152500000,771.815,771.82,770.91,771.054
1787153400000,771.065,771.19,770.1,770.472
1787154300000,770.477,770.86,770.095,770.61
1787155200000,770.6,771.65,770.42,771.587
1787156100000,771.579,771.99,770.695,770.7
1787157000000,770.64,770.74,770.24,770.405
1787157900000,770.385,770.44,769.505,769.7
1787158800000,769.737,770.23,769.51,769.858
1787159700000,769.852,769.92,769.04,769.562
1787160600000,769.563,769.76,769.16,769.59
1787161500000,769.586,769.89,769.4,769.523
1787162400000,769.53,770.56,768.95,769.44
1787163300000,769.475,769.605,769.075,769.57
1787164200000,769.575,770.045,769.572,769.81
1787165100000,769.783,769.87,769.47,769.523
1787166000000,769.525,769.99,769.43,769.721
1787166900000,769.719,770.02,769.575,769.621
1787167800000,769.67,770.365,768.99,769.015
1787168700000,768.93,769.09,768.2,769.06
1787169600000,769.09,769.22,768.663,768.94
1787170500000,768.84,768.949,768.648,768.86
1787171400000,768.95,769.03,768.78,768.922
1787172300000,769.09,769.123,768.908,769.09
1787173200000,769.08,769.11,769,769.07
1787174100000,769.04,769.045,769,769.045
1787175000000,769.042,769.095,769.028,769.07
1787175900000,769.07,769.18,769.07,769.18
1787176800000,769.7,770.23,769.192,770.23
1787177700000,770.1,770.142,769.839,770.01
1787178600000,769.98,770.16,769.811,769.98
1787179500000,770.09,770.258,770.07,770.225
1787180400000,770.48,770.56,770.073,770.48
1787181300000,770.23,770.319,770.085,770.23
1787182200000,770.161,770.343,770.074,770.331
1787183100000,770.26,770.325,770.025,770.26
1787184000000,769.7,770.02,769.53,769.96
1787184900000,770.05,770.31,770,770.02
1787185800000,770,770.28,769.85,770.13
1787186700000,770.16,770.36,770.08,770.27
1787187600000,770.26,770.49,770.03,770.17
1787188500000,770.27,770.44,769.95,769.95
1787189400000,770.08,770.28,769.9,770.28
1787190300000,770.34,770.34,769.83,770
1787191200000,770.03,770.4,770.01,770.23
1787192100000,770.26,770.26,769.73,769.81
1787193000000,769.87,770.16,769.66,770.07
1787193900000,770.08,770.08,769.73,769.88
1787194800000,769.92,770.17,769.75,769.96
1787195700000,770.15,770.32,770.07,770.07
1787196600000,770.05,770.05,769.83,769.91
1787197500000,769.98,770.18,769.98,770.04
1787198400000,770.05,770.36,770.05,770.36
1787199300000,770.37,770.41,770.19,770.31
1787200200000,770.22,770.23,769.93,770.16
1787201100000,770.16,770.23,770.03,770.08
1787202000000,770.07,770.07,769.64,769.64
1787202900000,769.66,770.18,769.66,769.89
1787203800000,769.86,769.92,769.7,769.92
1787204700000,769.81,769.81,769.58,769.62
1787205600000,769.71,770.41,769.71,770.21
1787206500000,770.21,770.21,769.93,770.15
1787207400000,770.16,770.55,770.16,770.47
1787208300000,770.47,770.63,770.32,770.4
1787209200000,770.31,770.31,769.71,769.78
1787210100000,769.75,769.8,769.27,769.51
1787211000000,769.4,769.57,769.13,769.33
1787211900000,769.42,769.69,769.21,769.22
1787212800000,768.97,769.88,768.619,768.97
1787213700000,768.775,769.051,768.321,768.418
1787214600000,768,768.574,767.853,768
1787215500000,768.275,768.275,767.734,767.981
1787216400000,767.981,768.818,767.947,768.558
1787217300000,768.557,768.774,768.443,768.664
1787218200000,768.649,768.649,768.324,768.645
1787219100000,768.645,768.798,768.356,768.553
1787220000000,768.552,768.963,768.375,768.962
1787220900000,768.78,768.997,768.68,768.83
1787221800000,768.92,769.01,768.589,768.93
1787222700000,768.96,769.126,768.666,768.92
1787223600000,769.09,769.362,768.241,768.41
1787224500000,768.51,768.724,767.582,767.71
1787225400000,767.62,767.992,767.39,767.39
1787226300000,767.2,767.535,766.47,766.5
1787227200000,766.36,766.557,764.705,764.75
1787228100000,764.872,765.37,764.731,764.899
1787229000000,764.895,764.968,764.259,764.968
1787229900000,764.97,765.82,764.943,765.82
1787230800000,766.03,766.25,765.583,765.81
1787231700000,765.5,765.95,765.427,765.95
1787232600000,765.96,767.705,765.88,767.34
1787233500000,767.35,767.48,766.15,766.501
1787234400000,766.507,766.91,765.89,765.983
1787235300000,766.01,766.92,765.39,766.22
1787236200000,766.21,767.265,765.99,767.17
1787237100000,767.181,767.47,766.47,767.16
1787238000000,767.165,768.11,766.09,766.795
1787238900000,766.74,767.017,765.96,766.693
1787239800000,766.702,766.84,765.369,765.369
1787240700000,765.366,766.04,765.25,765.784
1787241600000,765.85,766.08,765.46,765.51
1787242500000,765.49,766.08,765.47,765.755
1787243400000,765.73,766.64,765.37,766.63
1787244300000,766.64,766.64,766.05,766.461
1787245200000,766.454,766.454,765.49,765.518
1787246100000,765.519,765.55,764.71,764.765
1787247000000,764.765,764.875,764.22,764.47
1787247900000,764.46,764.99,764.4,764.53
1787248800000,764.49,764.544,763.35,763.575
1787249700000,763.56,763.95,763.2,763.54
1787250600000,763.565,763.62,763.25,763.548
1787251500000,763.55,763.85,763.27,763.288
1787252400000,763.24,763.725,763.17,763.546
1787253300000,763.52,763.81,763.24,763.48
1787254200000,763.51,763.65,762.96,763.04
1787255100000,763.095,763.42,762.03,762.63
1787256000000,762.355,762.883,762.318,762.343
1787256900000,762.3,762.624,762.037,762.56
1787257800000,762.6,762.93,762.419,762.79
1787258700000,762.82,762.98,762.781,762.92
1787259600000,762.953,762.986,762.91,762.97
1787260500000,762.97,763.035,762.97,763.01
1787261400000,763.01,763.18,763.01,763.167
1787262300000,763.19,763.23,763.146,763.23
1787263200000,763.26,763.292,762.608,763.26
1787264100000,762.63,762.823,762.63,762.769
1787265000000,762.767,762.932,762.651,762.927
1787265900000,762.926,763.15,762.902,763.144
1787266800000,763.143,763.143,763.021,763.046
1787267700000,763.048,763.125,762.963,762.982
1787268600000,763.03,763.07,762.81,762.81
1787269500000,763.015,763.015,762.672,762.865
1787270400000,762.56,763.75,762.56,763.73
1787271300000,763.73,763.73,763.02,763.14
1787272200000,763.1,763.42,763.04,763.17
1787273100000,763.27,763.34,762.92,762.92
1787274000000,763,763.1,762.63,762.94
1787274900000,762.93,763.23,762.85,763.05
1787275800000,763.03,763.2,762.81,763.2
1787276700000,763.1,763.39,762.94,763.08
1787277600000,763.26,763.41,763.23,763.41
1787278500000,763.41,763.74,763.4,763.62
1787279400000,763.65,763.71,763.51,763.51
1787280300000,763.52,763.74,763.5,763.6
1787281200000,763.6,763.61,763.24,763.29
1787282100000,763.28,763.36,763.14,763.34
1787283000000,763.35,763.53,763.31,763.31
1787283900000,763.29,763.4,763.16,763.29
1787284800000,763.3,763.49,763.3,763.39
1787285700000,763.4,763.4,763.1,763.13
1787286600000,763.09,763.13,762.91,763.01
1787287500000,763.05,763.41,763.05,763.36
1787288400000,763.34,763.48,763.34,763.42
1787289300000,763.47,763.52,763.22,763.22
1787290200000,763.21,763.46,763.16,763.3
1787291100000,763.22,763.31,763.05,763.31
1787292000000,763.3,763.46,763.22,763.42
1787292900000,763.49,763.5,763.38,763.49
1787293800000,763.49,763.96,763.46,763.5
1787294700000,763.49,763.78,763.38,763.78
1787295600000,763.76,764.27,763.59,764.21
1787296500000,764.2,764.37,764.09,764.1
1787297400000,764.1,764.65,764.06,764.36
1787298300000,764.35,764.59,764.32,764.51
1787299200000,764.77,764.794,762.846,764.41
1787300100000,764.447,764.854,764.345,764.805
1787301000000,764.84,765.109,764.798,765.09
1787301900000,765.27,765.294,765.027,765.21
1787302800000,765.18,765.22,764.698,765.18
1787303700000,764.99,765.121,764.971,764.985
1787304600000,764.973,765.262,764.897,765.227
1787305500000,765.226,765.308,765.09,765.245
1787306400000,765.37,765.636,765.045,765.62
1787307300000,765.135,765.293,765.031,765.292
1787308200000,765.293,765.325,765.13,765.133
1787309100000,765.28,765.299,765.126,765.18
1787310000000,765.21,765.38,764.911,765.325
1787310900000,765.35,766.207,765.176,766.06
1787311800000,766.1,766.307,765.8,766.2
1787312700000,766.232,766.267,765.78,765.952
1787313600000,765.96,766.067,765.758,765.86
1787314500000,765.84,766.455,765.784,766.42
1787315400000,766.64,766.803,766.241,766.77
1787316300000,766.84,766.84,766.421,766.47
1787317200000,766.482,766.596,765.544,765.578
1787318100000,765.67,765.96,764.986,765.96
1787319000000,766.04,766.11,764.635,765.16
1787319900000,765.16,765.41,764.18,764.58
1787320800000,764.605,765.51,764.53,764.73
1787321700000,764.709,765.2,764.5,764.64
1787322600000,764.78,764.88,764.21,764.63
1787323500000,764.61,765.82,764.55,765.805
1787324400000,765.795,766.4,765.695,765.71
1787325300000,765.715,766.01,765.46,765.932
1787326200000,765.937,767.43,765.85,767.278
1787327100000,767.315,767.85,766.93,767.2
1787328000000,767.21,767.33,766.29,766.335
1787328900000,766.215,766.99,765.875,766.445
1787329800000,766.5,766.57,766.02,766.372
1787330700000,766.38,766.405,765.81,766.332
1787331600000,766.425,766.52,766.1,766.14
1787332500000,766.2,766.3,765.695,765.82
1787333400000,765.83,765.9,765.47,765.665
1787334300000,765.625,765.88,765.454,765.454
1787335200000,765.45,765.73,765.275,765.342
1787336100000,765.33,765.59,765.27,765.285
1787337000000,765.275,765.52,765.05,765.4
1787337900000,765.405,766.21,765.33,766.21
1787338800000,766.178,766.37,765.89,766.04
1787339700000,766.032,766.225,765.86,766.088
1787340600000,766.06,766.485,765.965,766.47
1787341500000,766.43,766.79,765.37,765.68
1787342400000,765.58,765.65,765.37,765.58
1787343300000,765.54,765.621,765.247,765.32
1787344200000,765.251,765.49,765.245,765.463
1787345100000,765.45,765.465,765.211,765.26
1787346000000,765.34,765.425,765.262,765.34
1787346900000,765.389,765.755,765.389,765.755
1787347800000,765.94,766.12,765.621,766.06
1787348700000,766.11,766.48,766.11,766.364
1787349600000,766.58,766.761,766.355,766.62
1787350500000,766.78,767.159,766.675,767.01
1787351400000,767.26,767.337,766.763,767.26
1787352300000,767.2,767.35,767.05,767.35
1787353200000,766.98,767.203,766.921,766.99
1787354100000,766.84,767.035,766.727,766.84
1787355000000,766.775,766.92,766.775,766.78
1787355900000,766.78,766.947,766.743,766.947
1787356800000,766.948,767.28,766.5,767.25
1787357700000,767.25,767.25,766.77,766.77
1787359500000,767.35,767.48,767.35,767.48
1787361300000,767.56,767.56,767.56,767.56
1787363100000,767.38,767.38,767.38,767.38
1787364900000,767.58,767.58,767.58,767.58
1787365800000,767.58,767.92,766.92,767.3
1787366700000,767.84,768.12,767.24,767.92
1787367600000,767.88,767.88,767.88,767.88
1787373900000,768.41,768.41,768.41,768.41
1787374800000,768.31,768.58,767.61,767.87
1787375700000,767.87,767.87,767.87,767.87
1787379300000,768.32,768.32,768.32,768.32
1787385600000,768.51,768.51,768.51,768.51
1787387400000,768.51,768.51,767.61,767.61
1787393700000,768.51,768.51,767.95,767.95
1787395500000,768.51,768.51,767.6,767.6
1787396400000,767.96,767.96,767.96,767.96
1787404500000,767.96,767.96,767.96,767.96
1787406300000,767.96,767.96,767.47,767.47
1787407200000,767.96,767.96,767.96,767.96
1787409900000,767.96,767.96,767.96,767.96
1787412600000,767.96,767.96,767.45,767.45
1787415300000,767.96,767.96,767.54,767.54
1787419800000,767.96,767.96,767.45,767.45
1787420700000,767.96,767.96,767.45,767.86
1787422500000,767.93,767.93,767.43,767.43
1787426100000,767.9,767.9,767.37,767.37
1787427900000,767.9,767.91,767.35,767.35
1787428800000,767.9,767.91,767.07,767.49
1787429700000,767.76,767.93,767.2,767.54
1787430600000,767.93,767.96,767.04,767.04
1787446800000,767.04,767.04,767.04,767.04
1787452200000,767.96,767.96,767.96,767.96
1787470200000,767.96,767.96,767.96,767.96
1787493600000,767.96,767.96,767.96,767.96
1787498100000,767.96,767.96,767.96,767.96
1787499000000,767.96,767.96,767.96,767.96
1787501700000,767.96,767.96,767,767
1787512500000,767.96,767.96,766.21,767.44
1787523300000,767.78,767.78,767.18,767.18
1787529600000,766.99,766.99,766.29,766.39
1787530500000,766.35,766.35,765.12,765.44
1787531400000,765.38,765.56,765.29,765.41
1787532300000,765.41,766.34,765.34,766.25
1787533200000,766.48,766.78,766.19,766.68
1787534100000,766.68,766.79,766.3,766.3
1787535000000,766.29,766.41,766.09,766.25
1787535900000,766.23,766.44,765.61,765.61
1787536800000,765.59,766.01,765.3,766.01
1787537700000,766.08,766.19,765.94,766.05
1787538600000,766.09,766.21,766.01,766.21
1787539500000,766.19,766.27,765.88,765.96
1787540400000,766.16,766.17,765.42,765.47
1787541300000,765.45,765.58,765.4,765.47
1787542200000,765.41,765.42,765.09,765.09
1787543100000,765.1,765.26,764.81,764.87
1787544000000,764.89,765.03,764.81,764.97
1787544900000,765.04,765.04,764.69,764.69
1787545800000,764.95,764.96,764.68,764.88
1787546700000,764.9,764.95,764.54,764.57
1787547600000,764.58,765.05,764.57,765.05
1787548500000,764.94,764.94,764.64,764.64
1787549400000,764.62,764.7,764.14,764.49
1787550300000,764.45,764.45,764.12,764.27
1787551200000,764.22,764.36,763.79,763.98
1787552100000,763.9,764.03,763.47,763.93
1787553000000,763.91,764.05,763.66,763.72
1787553900000,763.75,764.11,763.66,763.96
1787554800000,763.86,764.39,763.8,764.39
1787555700000,764.39,764.4,764.03,764.03
1787556600000,764.04,764.47,763.91,763.91
1787557500000,763.99,763.99,763.64,763.67
1787558400000,766.949,766.949,763.548,764.161
1787559300000,763.99,764.499,763.99,763.99
1787560200000,764.73,764.845,764.268,764.72
1787561100000,764.806,764.945,764.691,764.691
1787562000000,764.681,764.974,764.507,764.809
1787562900000,764.804,764.804,764.38,764.423
1787563800000,764.423,764.745,764.422,764.605
1787564700000,764.608,764.8,764.556,764.616
1787565600000,764.54,764.726,764.277,764.54
1787566500000,764.21,764.519,764.149,764.27
1787567400000,764.164,764.521,763.966,763.974
1787568300000,763.975,764.033,763.561,763.611
1787569200000,763.63,763.671,763.092,763.31
1787570100000,763.76,763.79,763.34,763.58
1787571000000,763.74,765.22,763.572,764.75
1787571900000,764.44,764.695,764.248,764.51
1787572800000,764.53,764.547,764.178,764.29
1787573700000,764.36,764.69,764.202,764.69
1787574600000,764.47,764.68,763.54,764.35
1787575500000,764.196,764.51,764.184,764.384
1787576400000,764.384,764.55,764.28,764.336
1787577300000,764.49,764.709,764.211,764.37
1787578200000,764.74,764.8,762.19,762.19
1787579100000,762.18,763.65,762.08,763.38
1787580000000,763.4,763.93,762.5,762.974
1787580900000,762.98,763.49,762.665,762.9
1787581800000,762.925,764.09,762.77,763.765
1787582700000,763.685,763.94,763.42,763.68
1787583600000,763.652,763.815,762.72,762.753
1787584500000,762.751,763.99,762.4,763.735
1787585400000,763.73,764.42,763.41,764.24
1787586300000,764.315,764.74,764.19,764.53
1787587200000,764.515,765.11,764.43,764.66
1787588100000,764.639,765.193,764.62,764.906
1787589000000,764.935,764.99,764.19,764.32
1787589900000,764.28,764.44,764.13,764.2
1787590800000,764.185,764.75,763.885,764.505
1787591700000,764.477,764.58,763.35,763.41
1787592600000,763.412,763.55,763.1,763.127
1787593500000,763.124,763.48,763.05,763.299
1787594400000,763.3,764.25,763.29,764.25
1787595300000,764.26,764.84,764.13,764.825
1787596200000,764.81,765.12,764.12,764.32
1787597100000,764.345,764.41,764.01,764.015
1787598000000,763.95,764.21,763.8,764.21
1787598900000,764.085,764.23,763.92,763.975
1787599800000,763.965,764.245,763.56,763.63
1787600700000,763.657,763.95,763.37,763.46
1787601600000,763.547,763.887,763.37,763.712
1787602500000,763.706,763.706,763.265,763.28
1787603400000,763.46,763.73,763.272,763.73
1787604300000,763.68,764.05,763.61,764.05
1787605200000,763.93,764.027,763.91,763.93
1787606100000,763.973,764.034,763.973,764.01
1787607000000,764.01,764.05,764.01,764.05
1787607900000,764.05,764.084,764.041,764.041
1787608800000,764.09,764.264,763.981,764.09
1787609700000,764.003,764.092,763.997,764.044
1787610600000,764.042,764.058,763.932,763.961
1787611500000,763.96,764.029,763.941,764.029
1787612400000,764.09,764.09,763.994,764.09
1787613300000,764.05,764.104,763.845,764.05
1787614200000,763.55,763.848,763.415,763.48
1787615100000,763.5,763.673,763.452,763.5
1787616000000,763.646,763.69,763.06,763.16
1787616900000,763.13,763.46,762.72,763.46
1787617800000,763.46,764.03,763.46,763.98
1787618700000,764.06,764.2,764.03,764.11
1787619600000,764.06,764.15,763.93,764.13
1787620500000,764.03,764.15,763.77,763.86
1787621400000,763.91,764.31,763.91,764.11
1787622300000,764.11,764.26,764.01,764.01
1787623200000,764.05,764.17,763.51,763.58
1787624100000,763.64,763.92,763.51,763.84
1787625000000,763.83,764.2,763.82,763.9
1787625900000,763.84,763.84,763.37,763.44
1787626800000,763.55,764.33,763.55,764.17
1787627700000,764.16,764.4,764.16,764.4
1787628600000,764.38,764.5,764.26,764.31
1787629500000,764.25,764.25,764.05,764.1
1787630400000,764.15,764.46,764.14,764.35
1787631300000,764.51,764.52,764.39,764.47
1787632200000,764.47,764.57,764.38,764.49
1787633100000,764.51,764.53,764.24,764.26
1787634000000,764.35,764.63,764.35,764.46
1787634900000,764.5,764.62,764.5,764.58
1787635800000,764.58,764.69,764.45,764.51
1787636700000,764.43,764.69,764.42,764.68
1787637600000,764.75,764.93,764.69,764.8
1787638500000,764.81,765.58,764.7,765.15
1787639400000,765.16,765.32,765.13,765.32
1787640300000,765.48,765.55,765.18,765.55
1787641200000,765.58,765.87,765.41,765.41
1787642100000,765.45,765.6,764.94,764.94
1787643000000,765.11,765.26,765.03,765.26
1787643900000,765.23,765.24,764.83,764.98
1787644800000,765.02,765.132,763.646,765.05
1787645700000,764.825,766.497,764.82,765.76
1787646600000,765.766,766.1,765.588,765.857
1787647500000,766.08,766.379,765.858,766.08
1787648400000,766.34,766.696,766.156,766.34
1787649300000,766.583,766.68,766.422,766.553
1787650200000,766.77,767.488,766.537,767.33
1787651100000,767.183,767.99,767.115,767.613
1787652000000,767.34,767.609,767.159,767.34
1787652900000,767.28,767.424,766.987,767.24
1787653800000,766.91,767.077,766.696,766.89
1787654700000,766.85,766.939,766.676,766.84
1787655600000,766.853,766.856,766.238,766.456
1787656500000,766.53,766.639,766.336,766.63
1787657400000,766.56,766.93,766.531,766.93
1787658300000,767.1,767.33,766.826,767.03
1787659200000,767.11,767.182,766.806,767.14
1787660100000,767.08,767.378,767.027,767.19
1787661000000,766.99,767.181,766.18,766.5
1787661900000,766.62,766.64,766.325,766.49
1787662800000,766.44,766.65,766.214,766.65
1787663700000,766.497,766.675,766.245,766.245
1787664600000,766.17,766.73,765.86,766.14
1787665500000,766.16,766.71,765.52,765.7
1787666400000,765.645,765.78,765.09,765.195
1787667300000,765.165,765.635,764.7,764.7
1787668200000,764.719,765.05,763.1,764.304
1787669100000,764.26,764.83,764.025,764.715
1787670000000,764.715,764.78,764.3,764.57
1787670900000,764.585,765.39,764.523,765.34
1787671800000,765.339,765.84,764.915,765.192
1787672700000,765.19,765.595,764.61,765.466
1787673600000,765.45,765.86,765.335,765.51
1787674500000,765.535,765.77,765.4,765.76
1787675400000,765.74,765.96,765.53,765.55
1787676300000,765.565,765.865,765.356,765.76
1787677200000,765.766,765.82,764.955,765.288
1787678100000,765.28,765.41,764.66,764.81
1787679000000,764.83,765.035,764.76,764.85
1787679900000,764.88,765.155,764.84,765.055
1787680800000,765.042,765.08,764.81,764.815
1787681700000,764.811,765,764.72,764.96
1787682600000,764.97,765.57,764.97,765.55
1787683500000,765.58,765.87,765.54,765.645
1787684400000,765.67,765.84,765.105,765.125
1787685300000,765.105,765.195,764.86,765.19
1787686200000,765.171,765.63,765.025,765.407
1787687100000,765.38,766.2,765.24,765.8
1787688000000,765.86,766.02,765.4,765.89
1787688900000,765.89,766.259,765.85,766.1
1787689800000,766.19,766.213,765.89,766.13
1787690700000,765.89,765.899,765.711,765.833
1787691600000,765.79,765.905,765.747,765.78
1787692500000,766,766,765.865,766
1787693400000,765.898,765.935,765.88,765.91
1787694300000,766,766.06,765.882,766
1787695200000,765.82,766.065,765.81,765.896
1787696100000,765.898,766.019,765.803,766.003
1787697000000,765.95,766.058,765.941,765.95
1787697900000,766.004,766.01,765.924,765.964
1787698800000,765.965,765.973,765.854,765.87
1787699700000,765.87,765.87,765.507,765.507
1787700600000,765.42,765.506,765.195,765.32
1787701500000,765.13,765.193,764.826,764.9
1787702400000,764.77,765.15,764.77,764.94
1787703300000,764.91,765.31,764.78,764.87
1787704200000,764.87,764.89,764.45,764.6
1787705100000,764.54,764.67,764.16,764.16
1787706000000,764.22,764.58,764.22,764.5
1787706900000,764.44,764.56,764.12,764.16
1787707800000,764.11,764.24,763.9,764.13
1787708700000,764.11,764.24,763.99,764.23
1787709600000,764.26,764.3,764.02,764.29
1787710500000,764.3,764.66,764.3,764.65
1787711400000,764.65,765.26,764.64,765.26
1787712300000,765.2,765.5,765.2,765.39
1787713200000,765.36,765.6,765.31,765.6
1787714100000,765.52,765.54,765.34,765.34
1787715000000,765.33,765.63,765.25,765.57
1787715900000,765.62,765.97,765.62,765.8
1787716800000,765.77,765.88,765.75,765.76
1787717700000,765.81,765.88,765.75,765.79
1787718600000,765.82,765.82,765.59,765.59
1787719500000,765.54,765.54,765.02,765.12
1787720400000,765.14,765.52,765.14,765.39
1787721300000,765.32,765.33,765.23,765.28
1787722200000,765.5,765.52,765.3,765.3
1787723100000,765.34,765.34,765.2,765.31
1787724000000,765.28,765.39,764.84,765.14
1787724900000,764.99,765.13,764.87,765.09
1787725800000,765.06,765.64,765.06,765.64
1787726700000,765.67,765.84,765.4,765.6
1787727600000,765.48,765.67,765.01,765.53
1787728500000,765.59,765.59,765.09,765.11
1787729400000,765.2,765.21,764.87,765.18
1787730300000,765.09,765.42,765.04,765.42
1787731200000,764.936,765.78,764.936,765.348
1787732100000,765.1,765.649,765.09,765.09
1787733000000,765.651,765.862,765.44,765.81
1787733900000,765.81,765.81,765.381,765.624
1787734800000,765.57,765.743,765.431,765.57
1787735700000,765.442,765.471,765.132,765.247
1787736600000,765.248,765.549,765.248,765.417
1787737500000,765.416,765.715,765.416,765.699
1787738400000,765.697,765.697,765.223,765.223
1787739300000,765.21,765.41,765.191,765.21
1787740200000,765.189,765.759,765.02,765.539
1787741100000,765.59,765.63,765.42,765.59
1787742000000,765.47,765.819,765.45,765.78
1787742900000,765.89,766.16,765.601,766.14
1787743800000,765.28,765.929,765.224,765.4
1787744700000,765.419,765.61,765.127,765.554
1787745600000,765.57,765.582,765.355,765.57
1787746500000,765.42,766.37,765.322,766.37
1787747400000,765.94,766.412,764.853,764.98
1787748300000,765.07,765.182,764.53,764.9
1787749200000,764.782,764.995,764.522,764.967
1787750100000,764.9,764.973,764.674,764.75
1787751000000,764.73,766.58,764.67,766.29
1787751900000,766.31,766.89,765.65,766.89
1787752800000,766.73,766.95,766.09,766.18
1787753700000,766.168,766.35,764.83,765.107
1787754600000,765.01,765.6,764.92,765.39
1787755500000,765.395,765.935,765.09,765.86
1787756400000,765.88,766.46,765.852,766.295
1787757300000,766.277,766.277,765.58,765.85
1787758200000,765.871,766.13,765.185,766.062
1787759100000,766.08,766.28,765.3,765.34
1787760000000,765.28,765.435,764.89,765.055
1787760900000,765.04,765.135,764.76,764.8
1787761800000,764.798,764.95,763.93,763.996
1787762700000,763.999,764.8,763.96,764.71
1787763600000,764.6,765.13,764.58,765.13
1787764500000,765.19,765.72,765.12,765.67
1787765400000,765.64,765.84,765.47,765.73
1787766300000,765.68,765.85,765.46,765.67
1787767200000,765.68,765.84,765.397,765.402
1787768100000,765.42,765.98,765.345,765.55
1787769000000,765.54,765.885,765.525,765.88
1787769900000,765.89,766.635,765.853,766.49
1787770800000,766.53,767.33,766.47,766.96
1787771700000,766.943,767.265,766.815,766.901
1787772600000,766.9,766.91,766.6,766.7
1787773500000,766.7,767.18,765.48,765.94
1787774400000,765.98,767.099,765.791,767.02
1787775300000,767.21,767.314,765.9,766.43
1787776200000,766.515,766.591,766.12,766.401
1787777100000,766.4,767.659,766.385,767.55
1787778000000,768.14,769.286,767.557,769
1787778900000,769.29,769.969,769.134,769.94
1787779800000,769.79,770.194,769.587,770.01
1787780700000,770.11,770.35,769.915,770.015
1787781600000,769.01,770.213,769.01,769.76
1787782500000,770.45,770.61,769.906,770.61
1787783400000,770.53,770.853,770.498,770.83
1787784300000,770.82,770.865,770.368,770.47
1787785200000,770.423,770.445,770.21,770.265
1787786100000,770.3,770.327,770.136,770.3
1787787000000,770.26,770.3,770.175,770.21
1787787900000,770.18,770.675,770.18,770.24
1787788800000,770.76,770.76,769.99,770
1787789700000,770,770.04,769.78,770
1787790600000,769.95,769.95,768.95,768.97
1787791500000,768.99,768.99,768.35,768.54
1787792400000,768.51,768.95,768.36,768.61
1787793300000,768.63,769.2,768.59,769.11
1787794200000,769.12,769.48,768.83,768.83
1787795100000,768.88,769.49,768.87,769.41
1787796000000,769.33,769.58,769.25,769.57
1787796900000,769.57,769.58,769.38,769.47
1787797800000,769.56,769.68,769.54,769.61
1787798700000,769.6,769.82,769.59,769.7
1787799600000,769.64,769.73,769.4,769.44
1787800500000,769.57,769.93,769.56,769.93
1787801400000,769.86,769.86,769.67,769.67
1787802300000,769.63,769.71,769.39,769.42
1787803200000,769.53,769.57,769.37,769.49
1787804100000,769.46,769.58,769.29,769.29
1787805000000,769.31,769.32,768.81,768.99
1787805900000,768.98,769.07,768.78,768.82
1787806800000,768.94,768.94,768.41,768.48
1787807700000,768.44,768.5,768.15,768.29
1787808600000,768.23,768.33,767.88,767.88
1787809500000,767.94,768.17,767.91,768.04
1787810400000,768,768.08,767.6,767.81
1787811300000,768.05,768.18,768.04,768.07
1787812200000,768.21,768.47,768.17,768.47
1787813100000,768.5,768.63,768.36,768.61
1787814000000,768.54,768.94,768.28,768.92
1787814900000,768.92,768.95,768.69,768.79
1787815800000,769,769.02,768.5,768.56
1787816700000,768.59,769.06,768.55,768.87
1787817600000,769.23,770.636,768.975,770.02
1787818500000,769.79,770.256,769.559,770.18
1787819400000,769.9,770.259,769.711,769.87
1787820300000,769.809,770.179,769.596,769.681
1787821200000,769.54,769.702,769,769
1787822100000,768.996,769.438,768.757,769.302
1787823000000,769.54,769.662,769.299,769.56
1787823900000,769.62,769.654,769.231,769.62
1787824800000,769.267,769.267,768.939,769.076
1787825700000,769.16,769.2,768.83,768.86
1787826600000,768.83,769.11,768.687,769.103
1787827500000,769.19,769.253,768.805,769.22
1787828400000,769.29,769.777,769.039,769.25
1787829300000,769.62,769.746,769.101,769.13
1787830200000,769.16,769.172,768.65,768.97
1787831100000,768.49,769.078,768.382,768.68
1787832000000,769.04,769.462,768.986,769.46
1787832900000,769.41,769.41,769.01,769.04
1787833800000,768.98,769.111,768.05,768.76
1787834700000,768.052,768.218,767.974,768.01
1787835600000,768.08,768.392,767.928,768.23
1787836500000,768.17,768.54,768.09,768.42
1787837400000,768.5,769.18,767.15,769.18
1787838300000,769.235,769.69,767.635,768.32
1787839200000,768.416,769.07,768.09,768.661
1787840100000,768.7,769.875,768.664,769.68
1787841000000,769.72,770.01,769.14,769.62
1787841900000,769.61,770.415,769.38,770.315
1787842800000,770.337,770.83,770.22,770.817
1787843700000,770.819,771.085,770.235,770.281
1787844600000,770.284,770.615,769.61,769.659
1787845500000,769.55,770.86,769.39,770.68
1787846400000,770.615,770.97,770.435,770.61
1787847300000,770.598,770.9,770.35,770.883
1787848200000,770.89,771.765,770.82,771.667
1787849100000,771.745,772.02,771.605,772.02
1787850000000,772.03,772.35,771.774,772.13
1787850900000,772.23,772.28,771.71,771.71
1787851800000,771.74,772.06,771.63,771.651
1787852700000,771.649,771.665,771.09,771.23
1787853600000,771.23,771.37,770,770.251
1787854500000,770.26,770.458,769.27,769.45
1787855400000,769.5,770.11,769.418,769.93
1787856300000,769.89,770.05,769.185,769.69
1787857200000,769.687,770.24,769.52,769.9
1787858100000,769.925,770.27,769.76,769.97
1787859000000,769.955,770.68,769.87,770.585
1787859900000,770.63,771.37,770.4,771.09
1787860800000,771.176,771.176,770.37,770.423
1787861700000,770.42,770.494,770.09,770.202
1787862600000,770.203,770.31,770.135,770.247
1787863500000,770.249,770.309,770.066,770.205
1787864400000,770.208,770.395,770.208,770.315
1787865300000,770.315,770.434,770.315,770.352
1787866200000,770.353,770.42,770.32,770.345
1787867100000,770.345,770.38,770.271,770.327
1787868000000,769.99,770.344,769.801,770
1787868900000,770.044,770.294,770.018,770.249
1787869800000,770.251,770.306,770.165,770.196
1787870700000,770.194,770.219,770.085,770.147
1787871600000,770.19,770.19,769.896,770
1787872500000,769.954,769.965,769.882,769.882
1787873400000,769.88,769.899,769.8,769.83
1787874300000,769.833,769.833,769.636,769.786
1787875200000,770.18,770.7,769.788,770.7
1787876100000,770.67,770.67,770.37,770.62
1787877000000,770.67,770.77,770.54,770.74
1787877900000,770.69,770.83,770.65,770.71
1787878800000,770.73,771.11,770.71,771.06
1787879700000,771.05,771.12,770.89,770.94
1787880600000,770.93,771.07,770.86,770.93
1787881500000,771.02,771.38,770.93,771.37
1787882400000,771.46,771.77,771.46,771.67
1787883300000,771.67,771.8,771.65,771.67
1787884200000,771.61,771.61,771.17,771.17
1787885100000,771.18,771.2,771.01,771.2
1787886000000,771.23,771.74,771.21,771.69
1787886900000,771.62,771.85,771.59,771.81
1787887800000,771.76,771.77,771.04,771.04
1787888700000,771.05,771.33,770.99,771.3
1787889600000,771.28,771.31,770.96,771.13
1787890500000,771.14,771.19,771.08,771.12
1787891400000,771.1,771.1,770.91,770.97
1787892300000,770.97,770.99,770.87,770.9
1787893200000,770.92,770.92,770.68,770.71
1787894100000,770.74,770.74,770.58,770.58
1787895000000,770.56,770.66,770.37,770.49
1787895900000,770.51,770.51,770.31,770.33
1787896800000,770.31,770.6,770.26,770.52
1787897700000,770.54,770.81,770.49,770.49
1787898600000,770.59,771.01,770.59,771.01
1787899500000,771.09,771.38,771.09,771.38
1787900400000,771.5,771.5,771,771.24
1787901300000,771.18,771.32,771.08,771.29
1787902200000,771.4,771.4,771.05,771.05
1787903100000,771.28,771.3,771.06,771.14
1787904000000,771,771.214,769.795,771
1787904900000,770.949,771.134,770.814,771.07
1787905800000,771.47,771.593,771.035,771.47
1787906700000,771.408,771.408,770.971,771.139
1787907600000,771.14,771.153,770.943,770.97
1787908500000,770.969,771.124,770.773,771.054
1787909400000,771.052,771.065,770.895,770.896
1787910300000,771.04,771.166,770.898,771.04
1787911200000,770.9,771.01,770.848,770.9
1787912100000,770.93,771.088,770.867,771.061
1787913000000,771.061,771.135,770.841,770.841
1787913900000,770.839,771.07,770.781,771.064
1787914800000,771.13,771.19,770.841,771.02
1787915700000,771.09,771.388,771.043,771.24
1787916600000,771.34,771.45,771.022,771.14
1787917500000,771.025,771.217,771.007,771.098
1787918400000,771.11,771.76,771.067,771.69
1787919300000,771.8,772.142,771.726,772.01
1787920200000,771.5,772.104,771.491,772.09
1787921100000,772.11,772.23,772.008,772.23
1787922000000,772.102,772.54,772.002,772.075
1787922900000,772.1,772.112,771.44,771.78
1787923800000,771.74,772.79,771.47,772.62
1787924700000,772.57,772.87,771.63,771.68
1787925600000,771.74,773.1,769.77,770.22
1787926500000,770.141,772.23,770.13,771.217
1787927400000,771.3,773.55,770.96,773.39
1787928300000,773.44,774.99,773.2,774.93
1787929200000,774.94,775.29,773.84,774.21
1787930100000,774.197,775.185,774.197,774.922
1787931000000,774.932,774.99,772.69,772.792
1787931900000,772.84,773.01,770.85,771.09
1787932800000,771.095,771.62,770.5,770.98
1787933700000,770.97,771.141,769.16,769.61
1787934600000,769.61,770.62,769.578,769.617
1787935500000,769.68,770.619,769.623,769.743
1787936400000,769.615,769.734,768.38,769.31
1787937300000,769.36,769.365,768.595,768.82
1787938200000,768.866,769.49,768.65,769.024
1787939100000,769.029,769.73,768.955,769.535
1787940000000,769.55,769.771,769.205,769.24
1787940900000,769.22,769.51,768.89,769.06
1787941800000,769.04,769.533,769.02,769.29
1787942700000,769.26,769.295,768.3,768.685
1787943600000,768.683,769.37,768.48,769.227
1787944500000,769.228,769.59,769,769.505
1787945400000,769.51,769.78,769.14,769.61
1787946300000,769.6,769.89,769.01,769.36
1787947200000,769.24,769.47,769.03,769.17
1787948100000,769.18,769.187,769.06,769.14
1787949000000,769.111,769.468,769.038,769.46
1787949900000,769.46,769.622,769.406,769.49
1787950800000,769.37,769.669,769.31,769.36
1787951700000,769.26,769.309,769.051,769.26
1787952600000,769.17,769.295,769.105,769.295
1787953500000,769.295,769.42,769.295,769.4
1787954400000,769.4,769.495,769.315,769.425
1787955300000,769.425,769.425,769.275,769.275
1787956200000,769.275,769.305,769.275,769.305
1787957100000,769.305,769.415,769.3,769.315
1787958000000,769.315,769.33,769.295,769.319
1787958900000,769.28,769.344,769.265,769.28
1787959800000,769.295,769.334,769.257,769.334
1787960700000,769.334,769.429,769.256,769.421
1787961600000,769.419,769.419,767.31,767.31
1787969700000,771.09,771.09,769.19,769.19
1787983200000,770.76,770.76,769.37,770.11
1787994000000,770.73,770.73,769.9,769.9
1787997600000,769.77,769.77,769.05,769.05
1787999400000,769.48,769.48,769.05,769.05
1788000300000,769.48,769.48,769.03,769.03
1788003000000,769.03,769.03,769.03,769.03
1788005700000,769.48,769.48,769.48,769.48
1788017400000,768.9,768.9,768.9,768.9
1788018300000,768.77,769.5,768.77,769.01
1788019200000,769.38,769.52,768.58,768.58
1788020100000,769.05,769.15,768.51,768.51
1788024600000,768.64,768.64,768.64,768.64
1788033600000,768.64,768.64,768.32,768.32
1788034500000,768.64,770.76,768.64,770.76
1788052500000,770.21,770.67,770.04,770.04
1788061500000,770.37,770.49,770,770
1788063300000,770.55,770.55,770.55,770.55
1788064200000,770,770,770,770
1788076800000,770.31,770.31,770.31,770.31
1788102000000,770.31,770.31,770.31,770.31
1788111900000,770.41,770.41,770.09,770.09
1788113700000,770.5,770.5,770.5,770.5
1788114600000,770.09,770.09,770.09,770.09
1788122700000,770.09,770.09,768.31,768.31
1788133500000,768.8,768.8,768.74,768.74
1788134400000,766.31,766.64,765.64,766.58
1788135300000,766.58,767.12,766.58,767.09
1788136200000,767.09,767.57,767.05,767.33
1788137100000,767.36,767.36,766.81,766.92
1788138000000,766.84,766.84,765.87,766.33
1788138900000,766.37,766.44,765.92,766.16
1788139800000,766.14,766.3,765.94,766.19
1788140700000,766,766.25,765.94,766.21
1788141600000,766,766.81,766,766.79
1788142500000,766.68,766.69,765.94,766.31
1788143400000,766.25,766.25,765.62,765.79
1788144300000,765.79,766.36,765.68,766.36
1788145200000,766.41,766.75,766.39,766.62
1788146100000,766.61,766.67,766.48,766.5
1788147000000,766.5,766.58,766.33,766.39
1788147900000,766.39,766.49,766.33,766.49
1788148800000,766.5,766.5,766.31,766.45
1788149700000,766.41,766.48,766.36,766.44
1788150600000,766.45,766.8,766.29,766.79
1788151500000,766.82,767.35,766.58,767.33
1788152400000,767.16,767.74,767.14,767.74
1788153300000,767.75,768.17,767.66,768.03
1788154200000,768.03,768.03,767.23,767.57
1788155100000,767.56,767.67,767.41,767.6
1788156000000,767.64,767.94,767.5,767.94
1788156900000,768,768.1,767.9,768.06
1788157800000,768.03,768.23,767.95,768.1
1788158700000,768.1,768.34,768.1,768.3
1788159600000,768.3,768.3,768.01,768.08
1788160500000,768.22,768.23,767.99,768.1
1788161400000,768.12,768.25,767.99,767.99
1788162300000,768.1,769.411,767.93,768.12
1788163200000,768.03,769.411,768.03,768.53
1788164100000,768.304,768.434,768.141,768.428
1788165000000,768.429,768.459,768.227,768.227
1788165900000,768.247,768.589,768.247,768.381
1788166800000,768.388,768.59,768.276,768.574
1788167700000,768.587,768.74,768.521,768.575
1788168600000,768.566,768.566,768.188,768.211
1788169500000,768,768.213,767.905,768
1788170400000,767.923,768.109,767.74,768.049
1788171300000,768.047,768.11,767.84,768.11
1788172200000,768.096,768.096,767.906,768.033
1788173100000,768.034,768.269,767.964,768.164
1788174000000,768.09,768.229,767.9,767.9
1788174900000,767.94,768.286,767.885,767.94
1788175800000,768.03,768.254,767.48,767.51
1788176700000,767.36,767.62,767.261,767.57
1788177600000,767.45,767.958,766.79,767.63
1788178500000,767.85,768.044,766.78,767.2
1788179400000,767.057,767.293,766.367,766.489
1788180300000,766.48,766.658,766.355,766.51
1788181200000,766.68,767.019,766.478,767.01
1788182100000,767.14,767.357,766.945,767.32
1788183000000,767.34,767.61,765.755,765.82
1788183900000,765.86,766.69,765.49,766.21
1788184800000,766.24,766.285,765.35,765.81
1788185700000,765.82,766.04,764.73,764.94
1788186600000,764.885,766.06,764.8,765.79
1788187500000,765.82,766.39,765.38,765.95
1788188400000,765.93,766.47,765.56,765.75
1788189300000,765.74,766.15,765.39,765.91
1788190200000,765.95,765.958,765.42,765.845
1788191100000,765.86,766.35,765.32,765.36
1788192000000,765.384,765.75,764.98,765.717
1788192900000,765.705,765.93,765.28,765.91
1788193800000,765.905,765.93,765.2,765.435
1788194700000,765.43,765.97,765.43,765.88
1788195600000,765.77,765.92,765.54,765.86
1788196500000,765.925,766.05,765.395,765.47
1788197400000,765.44,766.23,765.2,766.23
1788198300000,766.26,766.81,766.15,766.5
1788199200000,766.49,766.74,766.22,766.73
1788200100000,766.71,766.79,766.3,766.31
1788201000000,766.303,766.42,765.07,765.354
1788201900000,765.36,765.88,765.215,765.69
1788202800000,765.72,766.21,765.685,766.18
1788203700000,766.2,766.75,765.985,766.67
1788204600000,766.605,767.18,766.19,767.04
1788205500000,767.25,767.995,766.58,766.79
1788206400000,767.15,767.61,766.9,767.31
1788207300000,767.32,767.41,767.24,767.26
1788208200000,767.35,767.51,767.288,767.51
1788209100000,767.33,767.444,767.252,767.38
1788210000000,767.301,767.44,767.282,767.44
1788210900000,767.44,767.444,767.386,767.39
1788211800000,767.43,767.435,767.386,767.42
1788212700000,767.45,767.45,767.37,767.37
1788213600000,767.45,767.45,767.241,767.45
1788214500000,767.4,767.424,767.291,767.349
1788215400000,767.42,767.434,767.31,767.31
1788216300000,767.24,767.4,767.236,767.24
1788217200000,767.32,767.445,767.293,767.32
1788218100000,767.39,767.454,767.27,767.454
1788219000000,767.455,767.68,767.406,767.603
1788219900000,767.604,767.619,767.423,767.537
1788220800000,767.68,768.03,766.57,767.63
1788221700000,767.63,768.05,767.57,767.85
1788222600000,767.86,767.96,767.64,767.77
1788223500000,767.81,767.81,767.71,767.71
1788224400000,767.8,767.83,767.49,767.67
1788225300000,767.73,767.73,767.23,767.25
1788226200000,767.2,767.75,767.12,767.66
1788227100000,767.68,767.7,767.49,767.61
1788228000000,767.6,767.62,767.12,767.12
1788228900000,767.15,767.15,766.84,766.89
1788229800000,766.99,767.15,766.67,766.67
1788230700000,766.73,767.31,766.64,767.24
1788231600000,767.26,767.26,766.96,766.96
1788232500000,766.95,767,766.88,766.88
1788233400000,766.88,767.02,766.81,766.96
1788234300000,766.91,767.04,766.89,766.93
1788235200000,766.98,767.09,766.88,766.93
1788236100000,766.91,767.05,766.82,766.88
1788237000000,766.88,766.96,766.68,766.69
1788237900000,766.7,766.92,766.48,766.56
1788238800000,766.54,766.62,766.41,766.48
1788239700000,766.49,766.79,766.31,766.79
1788240600000,766.71,767.62,766.71,767.56
1788241500000,767.56,767.87,767.43,767.8
1788242400000,767.82,767.82,767.3,767.31
1788243300000,767.25,767.27,766.95,766.95
1788244200000,766.96,767.28,766.9,767.26
1788245100000,767.08,767.22,767.04,767.07
1788246000000,767.01,767.76,767,767.76
1788246900000,767.71,767.71,767.37,767.57
1788247800000,767.53,767.53,766.4,766.4
1788248700000,766.35,767.536,766.02,766.36
1788249600000,766.14,767.338,764.773,765.335
1788250500000,764.984,765.072,763.784,763.823
1788251400000,763.6,764.149,763.249,763.43
1788252300000,763.57,763.831,763.204,763.32
1788253200000,763.11,763.23,762.546,762.63
1788254100000,762.69,762.71,762.21,762.23
1788255000000,762.47,762.617,762.303,762.42
1788255900000,762.86,762.899,762.571,762.86
1788256800000,762.656,762.919,762.432,762.852
1788257700000,762.76,763.483,762.656,763.345
1788258600000,763.46,763.71,763.251,763.65
1788259500000,763.18,763.46,762.77,763.46
1788260400000,762.83,762.968,762.592,762.86
1788261300000,762.95,763.129,762.789,763.09
1788262200000,763.14,763.607,763.013,763.54
1788263100000,763.25,763.444,762.464,762.59
1788264000000,762.37,762.583,762.19,762.36
1788264900000,762.69,762.78,762.2,762.64
1788265800000,762.38,762.609,761.842,762.17
1788266700000,762.26,762.424,762.017,762.06
1788267600000,762,762.049,761.51,761.77
1788268500000,761.77,762.153,761.632,762.04
1788269400000,762.02,762.327,761.2,761.991
1788270300000,761.982,762.47,761.465,762.042
1788271200000,762.08,763.06,761.77,763.03
1788272100000,762.975,764.01,762.975,763.76
1788273000000,763.77,764.56,763.742,764.15
1788273900000,764.12,764.345,763.37,763.475
1788274800000,763.538,763.64,762.68,763.02
1788275700000,762.94,763.6,762.865,763.59
1788276600000,763.62,764.23,763.445,764.23
1788277500000,764.19,764.67,764.12,764.265
1788278400000,764.29,764.34,763.52,763.53
1788279300000,763.525,763.62,762.29,762.54
1788280200000,762.59,762.62,761.62,761.72
1788281100000,761.69,762.385,761.63,762.3
1788282000000,762.26,762.287,761.5,761.99
1788282900000,761.92,762.15,760.86,761.67
1788283800000,761.677,762.22,761.645,762.078
1788284700000,762.074,762.14,761.46,761.82
1788285600000,761.8,762.025,761.31,761.36
1788286500000,761.41,761.82,761.075,761.22
1788287400000,761.22,761.235,759.71,759.73
1788288300000,759.725,760.9,759.48,760.72
1788289200000,760.66,761.47,760.64,761.44
1788290100000,761.49,761.57,761.07,761.38
1788291000000,761.37,761.39,760.74,761.04
1788291900000,761.03,761.76,760.59,761.64
1788292800000,761.67,761.91,761.361,761.741
1788293700000,761.72,762.16,761.69,761.961
1788294600000,761.88,762.096,761.812,762.06
1788295500000,761.91,762.06,761.892,762.06
1788296400000,761.99,762.06,761.88,762.04
1788297300000,761.91,761.985,761.798,761.9
1788298200000,761.84,761.886,761.8,761.84
1788299100000,761.89,761.91,761.82,761.9
1788300000000,761.65,762.032,761.443,761.65
1788300900000,761.53,761.643,761.475,761.53
1788301800000,761.578,761.67,761.548,761.615
1788302700000,761.86,761.946,761.61,761.86
1788303600000,761.79,761.864,761.776,761.79
1788304500000,761.74,761.848,761.698,761.74
1788305400000,761.813,761.895,761.796,761.883
1788306300000,761.889,761.96,761.85,761.902
1788307200000,762.01,762.02,761.56,761.81
1788308100000,761.84,762.4,761.74,761.74
1788309000000,761.75,762.01,761.6,761.86
1788309900000,761.87,761.96,761.39,761.39
1788310800000,761.35,761.63,761.13,761.21
1788311700000,761.2,761.6,761.17,761.46
1788312600000,761.31,761.51,760.94,761.07
1788313500000,761.08,761.08,760.65,761.01
1788314400000,761,761.04,760.73,761.02
1788315300000,761.06,761.51,761.03,761.4
1788316200000,761.36,761.37,761.21,761.37
1788317100000,761.47,761.5,761.32,761.44
1788318000000,761.48,761.52,761.12,761.48
1788318900000,761.45,761.45,761.19,761.19
1788319800000,761.17,761.19,760.97,760.97
1788320700000,761.03,761.03,760.8,760.87
1788321600000,760.84,760.9,760.64,760.68
1788322500000,760.9,760.99,760.83,760.86
1788323400000,760.94,760.94,760.8,760.83
1788324300000,760.82,760.92,760.82,760.87
1788325200000,760.91,761.09,760.69,761.06
1788326100000,761.02,761.41,761.02,761.38
1788327000000,761.44,761.58,761.1,761.42
1788327900000,761.48,761.52,760.99,761.13
1788328800000,761.13,761.2,760.76,760.93
1788329700000,760.93,760.93,760.54,760.64
1788330600000,760.55,761.62,760.51,761.44
1788331500000,761.2,761.45,761.07,761.45
1788332400000,761.33,762.06,761.32,761.85
1788333300000,761.69,761.95,761.36,761.52
1788334200000,761.71,761.71,761.24,761.33
1788335100000,761.28,761.42,760.99,761.42
1788336000000,761.01,761.76,761.01,761.03
1788336900000,761.34,761.508,760.922,761.34
1788337800000,761.044,761.25,760.761,760.761
1788338700000,760.76,760.793,759.746,759.997
1788339600000,759.998,760.619,759.845,759.845
1788340500000,759.75,760.192,759.733,759.75
1788341400000,759.933,759.954,759.56,759.678
1788342300000,759.82,759.945,759.681,759.91
1788343200000,759.932,759.985,759.52,759.943
1788344100000,759.949,760.171,759.855,760.059
1788345000000,760.04,760.059,759.671,760.05
1788345900000,759.717,759.998,759.591,759.998
1788346800000,759.66,760.871,759.287,760.13
1788347700000,760.53,761.156,760.385,761.15
1788348600000,761.004,761.536,760.927,761.173
1788349500000,761.24,761.959,761.11,761.74
1788350400000,762.05,762.479,761.928,762.33
1788351300000,762.91,763.143,762.282,762.37
1788352200000,762.26,762.421,761.828,762
1788353100000,761.903,761.903,761.368,761.402
1788354000000,761.403,761.914,761.403,761.747
1788354900000,761.746,762.83,761.704,762.4085
1788355800000,762.45,762.83,761.7201,762.81
1788356700000,762.8,763.0651,761.96,763.065
1788357600000,763.0379,764.29,762.8102,764.25
1788358500000,764.255,765.585,759.885,765.277
1788359400000,765.25,766.31,764.96,766.28
1788360300000,766.3,766.3,765.18,765.31
1788361200000,765.34,765.76,765.15,765.52
1788362100000,765.53,766.4,765.45,766.295
1788363000000,766.315,766.43,765.65,765.67
1788363900000,765.64,765.95,764.97,765.91
1788364800000,765.92,765.93,765.55,765.7
1788365700000,765.68,765.689,764.68,764.8
1788366600000,764.85,765.28,764.69,764.69
1788367500000,764.795,765.23,764.7,764.94
1788368400000,765.01,765.462,764.61,764.94
1788369300000,764.92,764.95,764.46,764.69
1788370200000,764.75,764.94,764.36,764.81
1788371100000,764.93,765.27,764.745,765.17
1788372000000,765.19,765.41,764.755,765.19
1788372900000,765.16,766.06,765.16,765.29
1788373800000,765.308,765.525,764.66,764.71
1788374700000,764.72,765,764.6,764.78
1788375600000,764.8,765.455,764.68,765.38
1788376500000,765.395,765.495,765.06,765.42
1788377400000,765.465,765.48,765.05,765.345
1788378300000,765.38,765.47,764.74,765.12
1788379200000,765.13,765.55,764.975,765.45
1788380100000,765.34,765.403,764.16,764.5
1788381000000,764.48,764.574,764.346,764.45
1788381900000,764.3,764.582,764.281,764.34
1788382800000,764.349,764.545,764.305,764.32
1788383700000,765.01,765.195,764.204,765.01
1788384600000,764.881,765.065,764.86,764.92
1788385500000,764.92,765.02,764.706,764.879
1788386400000,764.66,765.047,764.547,764.7
1788387300000,765.03,765.281,764.916,765.03
1788388200000,765.12,765.215,765.082,765.12
1788389100000,765.145,765.145,764.911,764.932
1788390000000,764.933,765.078,764.881,764.881
1788390900000,764.8,765.008,764.8,764.8
1788391800000,765.11,765.11,764.975,765.07
1788392700000,765.21,765.429,765.107,765.38
1788393600000,765.17,765.376,764.98,764.99
1788394500000,765.01,765.01,764.61,764.77
1788395400000,764.73,764.8,764.62,764.72
1788396300000,764.73,764.79,764.66,764.7
1788397200000,764.64,765.11,764.64,765.07
1788398100000,765.12,765.31,764.78,765.01
1788399000000,765.04,765.36,765,765.05
1788399900000,764.9,765.12,764.65,764.65
1788400800000,764.6,765.3,764.6,765.17
1788401700000,765.26,765.34,765.13,765.21
1788402600000,765.29,765.4,765.12,765.12
1788403500000,765.11,765.38,765.11,765.26
1788404400000,765.26,765.44,765.24,765.42
1788405300000,765.45,765.75,765.45,765.56
1788406200000,765.59,765.7,765.59,765.6
1788407100000,765.6,765.8,765.54,765.67
1788408000000,765.72,765.85,765.65,765.71
1788408900000,765.72,765.81,765.64,765.65
1788409800000,765.58,765.75,765.5,765.56
1788410700000,765.54,765.59,765.39,765.4
1788411600000,765.39,765.4,764.54,764.68
1788412500000,764.59,764.59,763.59,763.99
1788413400000,764,764.6,764,764.6
1788414300000,764.47,765.31,764.39,765.31
1788415200000,765.31,765.45,765,765.13
1788416100000,765.16,765.21,764.94,765
1788417000000,765.09,765.17,764.91,765.07
1788417900000,765.06,765.06,764.7,764.79
1788418800000,764.73,765.8,764.7,765.33
1788419700000,765.2,765.43,764.99,765.26
1788420600000,765.4,766.01,765.29,765.9
1788421500000,765.77,765.77,765.11,765.7
1788422400000,765.41,766.805,765.41,766.177
1788423300000,766.174,766.437,765.966,766.306
1788424200000,766.315,766.353,766.022,766.048
1788425100000,766.047,766.117,765.789,765.789
1788426000000,765.786,766.04,765.781,766.04
1788426900000,766.04,766.089,765.715,765.715
1788427800000,765.708,765.736,765.39,765.443
1788428700000,765.442,765.442,764.697,764.838
1788429600000,764.837,765.149,764.618,764.671
1788430500000,764.673,764.809,764.452,764.529
1788431400000,764.53,764.755,764.41,764.746
1788432300000,764.747,764.749,764.389,764.711
1788433200000,764.714,765.57,764.51,765.564
1788434100000,765.562,765.902,765.522,765.687
1788435000000,765.688,765.772,764.21,765.297
1788435900000,765.298,765.302,764.753,764.824
1788436800000,764.821,765.462,764.818,765.147
1788437700000,765.148,765.675,764.908,765.508
1788438600000,765.507,767.36,765.507,766.47
1788439500000,766.47,767.747,766.47,767.558
1788440400000,767.559,767.754,766.97,767.659
1788441300000,767.653,767.962,767.167,767.91
1788442200000,767.895,769.875,767.89,769.665
1788443100000,769.687,770.04,769.125,769.455
1788444000000,769.54,769.54,767.53,768.332
1788444900000,768.336,769.06,768.26,768.707
1788445800000,768.702,768.945,767.84,768.2
1788446700000,768.174,769.3,767.46,769.267
1788447600000,769.265,771.51,769.245,771.51
1788448500000,771.53,772.95,771.444,772.91
1788449400000,772.914,773.19,772.285,772.57
1788450300000,772.571,773.3,772.571,773.274
1788451200000,773.279,773.279,772.37,772.68
1788452100000,772.672,772.82,772.235,772.444
1788453000000,772.445,773.19,772.31,773.144
1788453900000,773.14,773.225,772.745,772.894
1788454800000,772.893,772.975,772.35,772.405
1788455700000,772.44,772.644,772.135,772.644
1788456600000,772.644,773.19,772.644,773.068
1788457500000,773.069,773.5,772.885,773.262
1788458400000,773.263,773.93,773.263,773.822
1788459300000,773.821,774.025,773.58,773.74
1788460200000,773.722,773.91,773.5,773.61
1788461100000,773.604,773.86,773.4,773.68
1788462000000,773.66,773.7,773.33,773.382
1788462900000,773.381,773.6,773.13,773.405
1788463800000,773.405,773.545,773.21,773.25
1788464700000,773.2,773.42,772.69,773.125
1788465600000,773.009,773.068,772.62,772.82
1788466500000,772.807,772.82,771.82,772.495
1788467400000,772.494,772.633,772.48,772.537
1788468300000,772.536,772.542,772.25,772.4
1788469200000,772.4,772.65,772.323,772.61
1788470100000,772.611,772.635,772.512,772.595
1788471000000,772.595,772.62,772.461,772.605
1788471900000,772.605,772.65,772.538,772.538
1788472800000,772.536,772.596,772.311,772.404
1788473700000,772.401,772.608,772.389,772.53
1788474600000,772.534,772.66,772.534,772.602
1788475500000,772.601,772.715,772.597,772.715
1788476400000,772.714,772.792,772.68,772.681
1788477300000,772.682,772.745,772.597,772.745
1788478200000,772.745,772.77,772.631,772.716
1788479100000,772.711,772.819,772.651,772.716
1788480000000,772.718,773.15,772.718,773.04
1788480900000,773.03,773.31,772.99,773.22
1788481800000,773.29,773.33,773.18,773.29
1788482700000,773.33,773.51,773.33,773.48
1788483600000,773.43,773.46,773.22,773.22
1788484500000,773.22,773.52,773.15,773.34
1788485400000,773.43,773.55,773.34,773.46
1788486300000,773.47,773.47,773.21,773.44
1788487200000,773.43,773.51,773.37,773.47
1788488100000,773.5,773.6,773.44,773.53
1788489000000,773.58,773.65,773.41,773.51
1788489900000,773.41,773.67,773.39,773.65
1788490800000,773.62,773.63,773.49,773.52
1788491700000,773.63,773.72,773.59,773.61
1788492600000,773.59,773.71,773.59,773.65
1788493500000,773.6,773.65,773.51,773.61
1788494400000,773.59,773.68,773.44,773.68
1788495300000,773.68,773.89,773.61,773.88
1788496200000,773.9,773.99,773.77,773.8
1788497100000,773.84,773.88,773.81,773.88
1788498000000,773.9,774.11,773.89,774.1
1788498900000,774.08,774.27,774.04,774.1
1788499800000,774.06,774.16,774,774
1788500700000,774.07,774.11,773.78,773.91
1788501600000,773.93,774.15,773.91,774.15
1788502500000,774.15,774.19,773.9,774.09
1788503400000,774.05,774.07,773.73,773.77
1788504300000,773.72,773.72,773.33,773.33
1788505200000,773.34,773.65,773.31,773.63
1788506100000,773.63,773.74,773.47,773.71
1788507000000,773.77,774.03,773.77,773.98
1788507900000,773.97,774.07,773.69,773.81
1788508800000,773.79,774.24,773.17,773.72
1788509700000,773.72,773.9292,773.679,773.9
1788510600000,773.901,773.95,773.68,773.7812
1788511500000,773.8492,774.05,773.779,773.97
1788512400000,773.94,773.959,773.5597,773.599
1788513300000,773.5597,773.64,773.3292,773.41
1788514200000,773.4187,773.659,773.3315,773.57
1788515100000,773.621,773.6987,773.5136,773.6487
1788516000000,773.6,773.8,773.6,773.7315
1788516900000,773.72,774.06,773.6806,773.919
1788517800000,773.8892,773.91,773.685,773.91
1788518700000,773.93,774.1287,773.89,773.942
1788519600000,773.955,773.98,773.17,773.6097
1788520500000,773.6005,773.8099,773.6,773.6485
1788521400000,773.6688,773.85,773.66,773.81
1788522300000,773.81,774.15,773.8074,773.9942
1788523200000,773.9778,774.02,772.7676,772.8
1788524100000,772.81,773.97,772.665,773.56
1788525000000,773.2,773.4972,770.87,771.7771
1788525900000,771.7758,773.17,770.92,771.656
1788526800000,771.6071,771.6967,771.25,771.62
1788527700000,771.6571,772.1184,771.599,772.0315
1788528600000,772.01,772.87,771.84,772.1699
1788529500000,772.165,772.62,771.8105,772.31
1788530400000,772.32,772.36,770.84,771.63
1788531300000,771.64,771.6893,770.76,771.21
1788532200000,771.205,771.2895,770.27,770.295
1788533100000,770.31,770.49,769.3,769.45
1788534000000,769.46,769.94,769.05,769.94
1788534900000,769.95,769.985,769.11,769.44
1788535800000,769.48,770.0475,769,769.9975
1788536700000,769.99,770.06,769.62,769.9575
1788537600000,769.955,770.74,769.83,770.73
1788538500000,770.73,771.15,770.57,770.655
1788539400000,770.66,770.98,770.56,770.922
1788540300000,770.95,771.32,770.885,770.89
1788541200000,770.9,770.97,770.31,770.35
1788542100000,770.3699,770.48,769.8,769.852
1788543000000,769.85,769.87,769.2919,769.32
1788543900000,769.32,769.54,769.13,769.4421
1788544800000,769.44,769.73,769.2101,769.66
1788545700000,769.66,769.99,769.56,769.88
1788546600000,769.89,770.1866,769.7831,770.15
1788547500000,770.16,770.3699,770.095,770.25
1788548400000,770.26,770.38,769.59,769.61
1788549300000,769.62,770.07,769.59,770.01
1788550200000,769.985,770.07,769.63,769.9
1788551100000,769.89,770.48,769.85,770.19
1788552000000,769.95,770.3311,769.47,769.7131
1788552900000,769.72,770.19,769.45,769.47
1788553800000,769.4791,769.485,769.2237,769.3907
1788554700000,769.42,769.5333,769.3276,769.4
1788555600000,769.54,769.85,769.23,769.8
1788556500000,769.75,770,769.63,769.8418
1788557400000,769.8418,769.8937,769.4,769.8
1788558300000,769.74,769.9,769.71,769.8467
1788559200000,769.8467,769.85,769.07,769.2468
1788560100000,769.6031,769.64,769.2972,769.3182
1788561000000,769.57,769.76,769.37,769.7568
1788561900000,769.7938,769.9,769.75,769.8237
1788562800000,769.85,769.94,769.8031,769.8031
1788563700000,769.7597,769.8499,769.6101,769.7889
1788564600000,769.8,773.95,768.27,769.66
1788565500000,773.59,774,769.43,769.55
1788566400000,769.49,769.49,769.49,769.49
1788567300000,769.79,770.84,768.92,769.99
1788576300000,770.66,770.66,770.66,770.66
1788579000000,769.9,769.9,769.85,769.85
1788581700000,770.66,770.66,770.66,770.66
1788603300000,770.71,770.71,770.71,770.71
1788612300000,770.71,770.71,770.71,770.71
1788617700000,770.76,770.76,770.6,770.6
1788618600000,770.76,770.76,770.76,770.76
1788625800000,770.76,770.76,770.76,770.76
1788627600000,770.76,770.76,770.76,770.76
1788632100000,770.78,770.78,770.6,770.6
1788640200000,770.6,770.6,770.18,770.18
1788687900000,770.6,770.6,770.6,770.6
1788688800000,770.78,770.78,770.78,770.78
1788692400000,770.6,770.6,770.6,770.6
1788694200000,770.6,770.6,770.6,770.6
1788696000000,770.6,770.6,770.6,770.6
1788703200000,770.6,770.8,770.6,770.8
1788705000000,770.56,770.56,770.47,770.47
1788721200000,770.8,770.8,770.8,770.8
1788723900000,771.25,771.82,770.63,770.65
1788727500000,771.13,771.13,771.13,771.13
1788742800000,771.18,771.37,771.18,771.37
1788759000000,770.89,770.89,770.89,770.89
1788767100000,771.24,771.24,771.24,771.24
1788768900000,771.24,771.24,771.24,771.24
1788774300000,771.17,771.17,771.17,771.17
1788777000000,771.56,771.56,771.56,771.56
1788779700000,770.92,770.92,770.92,770.92
1788782400000,770.92,770.92,770.92,770.92
1788788700000,771.53,771.6,771.53,771.6
1788789600000,771.63,771.63,771.63,771.63
1788794100000,771.27,771.27,771.27,771.27
1788798600000,771.27,771.27,771.27,771.27
1788825600000,768.75,769.34,768.74,768.91
1788826500000,768.88,769.02,768.37,769
1788827400000,768.98,769.23,768.94,769.1
1788828300000,769.1,769.22,769.03,769.05
1788829200000,769.01,769.07,768.35,769.01
1788830100000,769.05,769.27,768.92,769.19
1788831000000,769.14,769.71,769.13,769.55
1788831900000,769.5,769.99,769.5,769.99
1788832800000,770.01,770.01,769.72,769.81
1788833700000,769.8,770,769.78,769.85
1788834600000,769.85,769.89,769.71,769.71
1788835500000,769.72,769.72,769.23,769.24
1788836400000,769.27,769.72,769.27,769.72
1788837300000,769.71,770.18,769.7,770.17
1788838200000,770.19,770.21,769.98,770.05
1788839100000,770.05,770.19,769.93,770.19
1788840000000,770.19,770.26,770.09,770.21
1788840900000,770.18,770.35,770.18,770.3
1788841800000,770.28,770.49,770.1,770.38
1788842700000,770.41,770.45,770.19,770.3
1788843600000,770.22,770.22,769.5,769.56
1788844500000,769.51,770.13,769.48,769.6
1788845400000,769.59,769.59,768.88,768.91
1788846300000,768.86,769.01,768.49,768.56
1788847200000,768.5,768.56,768.01,768.16
1788848100000,768.14,768.14,767.48,767.8
1788849000000,767.67,768.29,767.5,768.26
1788849900000,768.38,768.38,768.02,768.25
1788850800000,768.17,768.9,768.17,768.46
1788851700000,768.52,768.54,768.21,768.42
1788852600000,768.36,768.36,767.35,767.55
1788853500000,767.6,767.6,766.98,767.14
1788854400000,767.21,770.4777,766.701,767.0517
1788855300000,767.36,767.408,766.999,767.06
1788856200000,766.9787,767.3587,766.825,766.93
1788857100000,766.9385,767.3271,766.78,767.023
1788858000000,767.1167,767.83,766.872,767.7092
1788858900000,767.7388,767.9685,767.561,767.9685
1788859800000,767.9787,768.5,767.9287,768.2417
1788860700000,768.25,768.81,768.21,768.81
1788861600000,768.7956,768.7988,768.3,768.5485
1788862500000,768.5166,769.7,768.4712,768.6487
1788863400000,768.6285,768.6286,768.128,768.22
1788864300000,768.2199,768.2199,767.5797,767.86
1788865200000,767.819,770.19,767.2914,767.46
1788866100000,767.4763,767.9819,767.4763,767.7
1788867000000,767.7,768.05,767.65,767.75
1788867900000,767.7373,768.57,767.54,768.54
1788868800000,768.5,768.5,767.75,767.75
1788869700000,767.7824,768.4385,767.65,768.4284
1788870600000,768.4759,768.95,768.4376,768.9491
1788871500000,768.9688,770.19,768.79,769.3285
1788872400000,769.34,769.3989,769.031,769.27
1788873300000,769.2738,769.49,768.97,769.06
1788874200000,769.15,769.7,767.09,767.29
1788875100000,767.305,768.08,766.82,767.47
1788876000000,767.45,767.625,765.99,766.46
1788876900000,766.45,767.1495,766.12,766.7
1788877800000,766.72,767.23,766.44,767.12
1788878700000,767.14,767.949,766.69,767.65
1788879600000,767.67,768.31,767.47,768.04
1788880500000,768.04,768.37,767.35,767.82
1788881400000,767.82,768.08,767.34,767.98
1788882300000,767.995,768.04,767.35,767.39
1788883200000,767.4,767.79,767.03,767.22
1788884100000,767.21,767.645,766.81,767.0905
1788885000000,767.1,767.32,766.81,767.01
1788885900000,767.02,767.61,766.56,766.96
1788886800000,766.9292,768.12,766.9292,767.615
1788887700000,767.65,767.7199,767.19,767.475
1788888600000,767.49,767.88,767.32,767.345
1788889500000,767.34,767.85,767.34,767.46
1788890400000,767.48,767.88,767.46,767.77
1788891300000,767.78,767.89,767.53,767.765
1788892200000,767.77,767.79,767.08,767.52
1788893100000,767.525,767.6199,765.67,766.77
1788894000000,766.79,767.1,766.485,766.91
1788894900000,766.91,767.04,766.51,766.98
1788895800000,766.97,767.15,766.68,766.81
1788896700000,766.82,766.88,765.15,765.96
1788897600000,766,766.16,765.35,765.7801
1788898500000,765.82,765.96,765.42,765.52
1788899400000,765.4523,765.6695,765.35,765.66
1788900300000,765.6437,765.98,765.6067,765.8176
1788901200000,765.82,765.9428,765.7,765.9195
1788902100000,765.9166,765.92,765.81,765.8233
1788903000000,765.8357,765.876,765.7,765.8
1788903900000,765.8201,765.88,765.8,765.83
1788904800000,765.7897,765.96,765.62,765.8199
1788905700000,765.7848,765.9492,765.74,765.9238
1788906600000,765.918,765.9326,765.76,765.889
1788907500000,765.89,766.19,765.86,766.16
1788908400000,766.14,766.1906,765.9315,765.984
1788909300000,765.97,765.97,765.69,765.7145
1788910200000,765.71,765.7392,765.51,765.51
1788911100000,765.5587,765.6,765.2334,765.4116
1788912000000,765.4,766.37,765.4,766.12
1788912900000,766.06,766.06,765.67,765.8
1788913800000,765.72,765.96,765.55,765.96
1788914700000,765.99,766.22,765.83,766.17
1788915600000,766.24,766.39,766.15,766.34
1788916500000,766.31,766.67,766.26,766.6
1788917400000,766.55,766.8,766.46,766.5
1788918300000,766.51,766.68,766.37,766.47
1788919200000,766.5,766.68,766.4,766.45
1788920100000,766.43,766.59,766.28,766.49
1788921000000,766.53,766.68,766.46,766.65
1788921900000,766.64,766.7,766.59,766.59
1788922800000,766.6,766.61,766.3,766.36
1788923700000,766.39,766.55,766.39,766.47
1788924600000,766.48,766.56,766.39,766.48
1788925500000,766.44,766.48,766.22,766.27
1788926400000,766.27,766.42,766.06,766.13
1788927300000,766.15,766.64,766.15,766.55
1788928200000,766.49,766.75,766.43,766.75
1788929100000,766.82,766.92,766.82,766.84
1788930000000,766.84,766.88,766.68,766.85
1788930900000,766.79,766.79,766.39,766.59
1788931800000,766.44,766.72,766.39,766.7
1788932700000,766.6,767.07,766.59,767.07
1788933600000,767.1,767.13,766.76,767.02
1788934500000,767.03,767.03,766.45,766.45
1788935400000,766.58,766.82,766.45,766.74
1788936300000,766.74,766.74,766.48,766.48
1788937200000,766.46,767.04,766.36,766.56
1788938100000,766.45,767.07,766.38,767.07
1788939000000,767.01,767.01,766.63,766.63
1788939900000,766.65,766.65,766.21,766.51
1788940800000,766.44,767.1485,765.96,766.3609
1788941700000,766.415,766.5166,766.1292,766.4702
1788942600000,766.5171,766.53,765.8792,765.9061
1788943500000,765.9067,766.3,765.8883,766.3
1788944400000,766.21,766.3792,765.8097,766.0192
1788945300000,766.051,766.08,765.531,765.78
1788946200000,765.76,765.76,764.9609,764.9609
1788947100000,764.982,765.069,763.75,763.9756
1788948000000,763.942,764.42,763.6012,764.1282
1788948900000,764.04,764.53,763.82,764.095
1788949800000,764.04,764.14,763.53,763.56
1788950700000,763.5,763.53,762.85,763.05
1788951600000,763.13,765.96,762.9431,763.43
1788952500000,763.5087,763.895,763.066,763.6526
1788953400000,763.61,763.6399,763.13,763.1688
1788954300000,763.16,764.3,763.16,763.3229
1788955200000,763.3423,763.3681,762.5,762.5099
1788956100000,762.5062,763,762.5062,762.75
1788957000000,762.7,763.39,762.6254,763.23
1788957900000,763.35,763.6899,763.3,763.5904
1788958800000,763.48,763.94,763.45,763.6551
1788959700000,763.5995,764.2491,763.47,763.9697
1788960600000,764.09,764.38,763.231,763.75
1788961500000,763.7,764.23,763.43,764.1
1788962400000,764.095,764.2,763.4,763.8775
1788963300000,763.88,764.07,762.5,763.98
1788964200000,763.97,764.01,763.25,763.77
1788965100000,763.7535,763.94,763.41,763.77
1788966000000,763.79,764.465,761.395,761.63
1788966900000,761.64,762.1699,760.94,761.53
1788967800000,761.5401,763.0957,761.48,762.25
1788968700000,762.26,762.62,761.84,762.18
1788969600000,762.17,762.395,761.44,761.645
1788970500000,761.645,761.81,761.32,761.63
1788971400000,761.615,762.46,761.58,762.46
1788972300000,762.47,762.86,762.19,762.566
1788973200000,762.575,763.22,762.372,763.15
1788974100000,763.15,763.29,762.78,762.9165
1788975000000,762.93,763.045,762.38,762.9
1788975900000,762.91,763.32,762.88,763.02
1788976800000,763.02,763.17,762.39,762.4
1788977700000,762.39,763.04,762.28,762.84
1788978600000,762.845,763.3,762.59,763.19
1788979500000,763.18,763.39,762.88,762.91
1788980400000,762.92,763.14,762.64,762.96
1788981300000,762.9675,763.4097,762.96,763.1
1788982200000,763.13,763.21,762.605,762.8
1788983100000,762.81,762.925,762.1,762.4
1788984000000,762.45,762.6962,762.2,762.5869
1788984900000,762.59,762.6453,762.4,762.5254
1788985800000,762.5168,762.7366,762.476,762.6634
1788986700000,762.66,762.7697,762.58,762.7632
1788987600000,762.763,762.9308,762.55,762.69
1788988500000,762.5923,762.78,762.19,762.67
1788989400000,762.61,762.7,762.5557,762.68
1788990300000,762.6844,762.72,762.54,762.6028
1788991200000,762.8,763.04,762.63,762.7002
1788992100000,762.6892,762.749,762.58,762.58
1788993000000,762.5865,762.769,762.5865,762.769
1788993900000,762.73,762.78,762.6107,762.6773
1788994800000,762.7004,762.7004,762.57,762.5701
1788995700000,762.605,762.7603,762.5687,762.68
1788996600000,762.73,762.7502,762.67,762.7405
1788997500000,762.7992,763.255,762.77,763.12
1788998400000,763.13,763.45,763.08,763.17
1788999300000,763.19,763.64,763.19,763.61
1789000200000,763.56,763.66,763.26,763.43
1789001100000,763.36,763.37,762.8,762.83
1789002000000,762.85,763.05,762.69,762.81
1789002900000,762.81,763.03,762.57,762.58
1789003800000,762.57,762.88,762.46,762.88
1789004700000,762.94,763.22,762.89,763.2
1789005600000,763.12,763.23,762.94,762.96
1789006500000,763.1,763.15,762.91,762.98
1789007400000,763.01,763.54,763.01,763.4
1789008300000,763.49,763.56,763.39,763.48
1789009200000,763.53,763.66,763.48,763.5
1789010100000,763.48,763.59,763.26,763.39
1789011000000,763.42,763.5,763.34,763.49
1789011900000,763.5,763.67,763.5,763.59
1789012800000,763.59,763.75,763.59,763.7
1789013700000,763.7,763.71,763.53,763.53
1789014600000,763.69,763.81,763.65,763.7
1789015500000,763.69,764,763.67,763.95
1789016400000,763.97,764.04,763.83,763.99
1789017300000,764.02,764.29,763.98,764.29
1789018200000,764.31,764.51,764.21,764.38
1789019100000,764.34,764.55,764.13,764.35
1789020000000,764.35,764.45,764.2,764.23
1789020900000,764.23,764.36,763.96,764.36
1789021800000,764.39,764.61,764.38,764.5
1789022700000,764.51,764.61,764.38,764.41
1789023600000,764.4,764.43,764.11,764.28
1789024500000,764.28,764.35,763.83,763.83
1789025400000,763.89,764.05,763.72,764
1789026300000,764.05,764.16,763.98,763.98
1789027200000,763.991,764.7172,762.4,763.8288
1789028100000,763.8201,764.0588,763.76,763.936
1789029000000,764.0549,764.085,763.3895,763.43
1789029900000,763.411,763.5964,763.22,763.2812
1789030800000,763.2787,763.63,763.2,763.3768
1789031700000,763.38,763.435,763.0695,763.0695
1789032600000,763.07,763.07,762.7,763.06
1789033500000,763.181,763.4902,763.181,763.26
1789034400000,763.22,763.3887,763.07,763.1685
1789035300000,763.1834,763.42,763.1512,763.2267
1789036200000,763.0592,763.395,762.86,763.39
1789037100000,763.2431,763.65,762.7295,762.9515
1789038000000,762.9223,762.9368,762.37,762.582
1789038900000,762.5535,762.6671,762.37,762.3712
1789039800000,762.4387,762.9,762.39,762.53
1789040700000,762.53,762.605,761.2812,761.3387
1789041600000,761.35,761.57,760.94,761.462
1789042500000,761.38,761.41,760.41,760.44
1789043400000,760.64,761.12,758,758.38
1789044300000,758.4065,762.4,757.86,758.23
1789045200000,758.25,759.01,758.1972,758.21
1789046100000,758.1973,758.45,757.7295,757.97
1789047000000,758.05,758.72,757.57,758.135
1789047900000,758.145,758.98,756.7022,756.76
1789048800000,756.752,757.77,756.64,757.42
1789049700000,757.371,760.09,757.16,758.71
1789050600000,758.705,759.58,758.645,758.845
1789051500000,758.83,759.5,758.4305,759.3995
1789052400000,759.39,759.465,758.55,759.045
1789053300000,759.05,759.56,758.63,759.19
1789054200000,759.22,759.97,759.03,759.4
1789055100000,759.43,759.515,758.22,758.54
1789056000000,758.55,759.0791,757.83,758.095
1789056900000,758.1,758.435,757.79,758.085
1789057800000,758.08,758.88,757.26,758.81
1789058700000,758.82,759.345,758.7,759.21
1789059600000,759.2,759.85,758.79,759.02
1789060500000,759.01,759.1999,758.51,758.59
1789061400000,758.56,758.77,758.03,758.445
1789062300000,758.46,758.54,758.19,758.275
1789063200000,758.27,758.5599,757.48,757.69
1789064100000,757.68,758.04,757.47,757.7
1789065000000,757.67,757.91,757.2599,757.815
1789065900000,757.8,758.39,757.41,757.8001
1789066800000,757.775,758.03,757.31,757.81
1789067700000,757.82,757.95,757.36,757.615
1789068600000,757.6,758.275,757.45,758.02
1789069500000,758.045,758.28,757.61,757.83
1789070400000,757.87,758.63,757.58,758.6
1789071300000,758.6,758.64,758.3762,758.4057
1789072200000,758.4199,758.5,758.34,758.44
1789073100000,758.42,758.5507,758,758.1207
1789074000000,758.1663,758.3762,758.01,758.33
1789074900000,758.345,758.4,758.18,758.33
1789075800000,758.3781,758.39,757.66,758.05
1789076700000,758.07,758.5,758.01,758.5
1789077600000,758.2,758.3746,758.118,758.3
1789078500000,758.32,758.7445,758.165,758.165
1789079400000,758.1678,758.2393,757.9314,757.96
1789080300000,757.9334,758.179,757.85,758
1789081200000,758,758.175,757.9592,758.12
1789082100000,758.12,758.2,758.0067,758.03
1789083000000,758.13,758.1603,758.001,758.1
1789083900000,758.1292,758.1292,757.4611,757.54
1789084800000,757.88,758.88,757.78,758.73
1789085700000,758.77,759.18,758.64,759.11
1789086600000,759.11,759.48,758.85,759
1789087500000,758.99,759.64,758.99,759.63
1789088400000,759.65,759.87,759.54,759.6
1789089300000,759.6,759.62,759.2,759.25
1789090200000,759.18,759.4,759,759.16
1789091100000,759.11,759.27,758.97,759.27
1789092000000,759.27,759.38,759.12,759.34
1789092900000,759.24,759.27,758.8,758.9
1789093800000,758.9,758.92,758.58,758.6
1789094700000,758.58,759.03,758.58,758.7
1789095600000,758.58,758.65,758.3,758.52
1789096500000,758.52,758.61,758.3,758.37
1789097400000,758.4,758.7,758.1,758.62
1789098300000,758.67,758.67,758.17,758.44
1789099200000,758.39,758.96,758.27,758.91
1789100100000,758.9,759.35,758.76,759.33
1789101000000,759.34,759.5,759.3,759.49
1789101900000,759.49,759.7,759.4,759.4
1789102800000,759.41,759.88,759.36,759.88
1789103700000,759.93,759.93,759.49,759.49
1789104600000,759.53,760.3,759.53,760.3
1789105500000,760.25,761,760.06,760.87
1789106400000,760.88,761.16,760.6,761.11
1789107300000,761.11,761.13,760.84,760.95
1789108200000,760.98,761.15,760.64,760.97
1789109100000,761.02,761.46,761.02,761.43
1789110000000,761.36,761.52,761.3,761.32
1789110900000,761.26,761.38,761.03,761.03
1789111800000,761.06,761.08,760.84,760.96
1789112700000,760.84,760.89,760.75,760.84
1789113600000,760.95,761.539,757.83,761.0194
1789114500000,760.965,762.56,760.965,761.3885
1789115400000,761.37,762.03,761.37,761.7087
1789116300000,761.6892,762.6,761.6487,762.6
1789117200000,762.651,762.87,761.98,762.0017
1789118100000,762.0195,762.26,761.9292,762.1888
1789119000000,762.19,762.275,762.1425,762.1792
1789119900000,762.1992,762.475,762.1992,762.38
1789120800000,762.37,762.73,761.9,762.4807
1789121700000,762.51,762.559,762.2455,762.319
1789122600000,762.31,762.5487,762.3,762.3
1789123500000,762.2519,762.2592,762.089,762.1787
1789124400000,762.1113,762.22,757.83,761.9192
1789125300000,761.8846,762.3269,761.8195,762.1784
1789126200000,762.2099,762.29,761.78,762.2827
1789127100000,762.2984,762.4684,762.0203,762.3592
1789128000000,762.3273,762.6986,762.04,762.45
1789128900000,762.4695,763.7221,762.34,763.5
1789129800000,762.36,763.64,760.58,762.895
1789130700000,762.88,765.9301,762.7295,765.8133
1789131600000,765.83,766.5585,764.7815,764.89
1789132500000,764.9795,765.4702,764.67,764.8192
1789133400000,764.725,765.99,764.225,765.45
1789134300000,765.49,766.37,764.73,766.31
1789135200000,766.2891,766.33,764.78,764.89
1789136100000,764.9,766.1,764.63,765.73
1789137000000,765.75,765.775,763.88,764.0499
1789137900000,764.04,764.8295,763.6,763.96
1789138800000,763.9543,765.25,763.81,764.61
1789139700000,764.61,766.24,764.61,766.01
1789140600000,765.97,766.26,765.62,766.12
1789141500000,766.12,766.14,765.382,765.725
1789142400000,765.73,766.2,765.53,765.58
1789143300000,765.585,765.65,764.87,764.93
1789144200000,764.96,765.76,764.81,765.45
1789145100000,765.44,765.67,765.2705,765.61
1789146000000,765.67,766.08,765.52,765.5583
1789146900000,765.57,766.33,765.565,765.995
1789147800000,765.995,766.26,765.78,765.87
1789148700000,765.86,765.98,765.64,765.74
1789149600000,765.75,765.97,765.5085,765.57
1789150500000,765.55,765.725,765.15,765.41
1789151400000,765.42,765.57,765.1,765.15
1789152300000,765.15,765.32,764.94,765.04
1789153200000,765.04,765.19,764.55,764.9
1789154100000,764.9,765.3,764.88,765.03
1789155000000,765.025,765.13,764.87,765.01
1789155900000,765.01,765.04,764.04,764.29
1789156800000,764.195,764.4584,764,764.36
1789157700000,764.32,764.45,764.26,764.35
1789158600000,764.35,764.6,764.26,764.34
1789159500000,764.35,764.4398,764.25,764.42
1789160400000,764.5299,764.5299,764.18,764.22
1789161300000,764.2199,764.435,764,764.0057
1789162200000,764.04,764.2837,764.02,764.18
1789163100000,764.18,764.65,764.03,764.5
1789164000000,764.4203,764.58,764.42,764.57
1789164900000,764.5501,764.75,764.3,764.5437
1789165800000,764.5304,764.8767,764.31,764.75
1789166700000,764.75,764.8377,764.52,764.73
1789167600000,764.7127,764.7242,764.447,764.447
1789168500000,764.6,764.65,764.43,764.6
1789169400000,764.6,764.6472,764.43,764.43
1789170300000,764.54,764.54,764.2501,764.4825
1789172100000,764.76,764.76,764.76,764.76
1789174800000,764.76,764.9,764.34,764.34
1789182000000,764.91,764.91,764.91,764.91
1789185600000,765.12,765.21,764.34,764.34
1789188300000,765.23,765.23,765.23,765.23
1789197300000,765.24,765.24,764.34,764.34
1789200000000,765.26,765.26,764.34,764.34
1789200900000,765.27,765.63,764.34,764.34
1789201800000,765.66,765.66,764.34,764.34
1789204500000,765.59,765.59,764.34,764.34
1789205400000,765.67,765.67,765.67,765.67
1789218900000,765.72,765.72,765.72,765.72
1789231500000,765.72,765.72,765.72,765.72
1789263900000,765.72,765.87,764.34,764.34
1789265700000,765.93,765.93,765.93,765.93
1789280100000,764.34,764.34,764.34,764.34
1789290000000,765.93,765.93,765.93,765.93
1789299900000,766.04,766.04,764.43,766.04
1789307100000,766.07,766.07,766.07,766.07
1789308900000,766.07,766.07,766.07,766.07
1789313400000,765.77,765.77,765.77,765.77
1789315200000,766.07,766.07,766.07,766.07
1789321500000,765.77,765.77,765.77,765.77
1789335000000,765.77,765.77,765.77,765.77
1789344000000,759.72,760.64,759.72,760.41
1789344900000,760.52,760.65,760.16,760.35
1789345800000,760.35,760.68,760.31,760.68
1789346700000,760.69,760.83,760.51,760.51
1789347600000,760.5,760.9,760.45,760.61
1789348500000,760.55,760.73,760.39,760.72
1789349400000,760.74,761.12,760.55,761.03
1789350300000,761.03,761.81,761.03,761.69
1789351200000,761.64,761.72,761.49,761.6
1789352100000,761.62,761.65,761.5,761.59
1789353000000,761.56,761.71,761.28,761.36
1789353900000,761.32,761.53,761.29,761.3
1789354800000,761.32,761.32,760.91,760.91
1789355700000,760.94,760.96,760.78,760.96
1789356600000,760.9,760.9,760.61,760.61
1789357500000,760.61,760.73,760.55,760.63
1789358400000,760.66,760.8,760.49,760.52
1789359300000,760.52,760.66,760.5,760.6
1789360200000,760.57,760.62,760.32,760.33
1789361100000,760.5,760.66,760.37,760.37
1789362000000,760.38,760.47,760.25,760.38
1789362900000,760.26,760.34,760.02,760.2
1789363800000,760.27,760.34,759.9,760.01
1789364700000,760.11,760.4,759.9,760.4
1789365600000,760.44,760.77,760.38,760.7
1789366500000,760.65,760.74,760.47,760.51
1789367400000,760.49,760.49,759.63,759.66
1789368300000,759.9,759.9,759.21,759.37
1789369200000,759.37,759.89,759.11,759.89
1789370100000,759.77,759.85,759.58,759.58
1789371000000,759.45,759.59,758.9,758.9
1789371900000,759.02,759.3,758.77,759.18
1789372800000,759.3284,760.8285,758.808,759.4287
1789373700000,759.3715,759.39,758.77,758.84
1789374600000,758.8085,759.3728,758.8085,759.2
1789375500000,759.1887,759.2,758.6,759.0718
1789376400000,759.15,759.34,758.3451,758.3451
1789377300000,758.459,758.459,757.77,758.365
1789378200000,758.32,758.47,757.9,757.9
1789379100000,757.94,758.22,757.8476,757.8917
1789380000000,758.1752,758.41,757.9937,758.2644
1789380900000,758.274,758.83,758.0042,758.7315
1789381800000,758.7595,759.22,758.7319,759.05
1789382700000,759.18,759.44,759.05,759.35
1789383600000,759.3188,764.29,759.0933,759.52
1789384500000,759.55,760.1,759.535,760.05
1789385400000,760.0068,760.1,759.414,759.8412
1789386300000,759.849,759.9819,759.473,759.473
1789387200000,759.5,759.56,759.01,759.2882
1789388100000,759.33,759.8,759.13,759.3005
1789389000000,759.31,759.5328,758.06,759.12
1789389900000,759.1,759.2458,758.52,759.0459
1789390800000,759.0459,759.0459,758.03,758.9987
1789391700000,759,759.26,758.8665,759.04
1789392600000,759.07,759.5188,758.4542,759.3901
1789393500000,759.43,760.59,759.43,760
1789394400000,759.9864,761.115,759.91,760.44
1789395300000,760.47,760.65,758.24,758.84
1789396200000,758.8364,759.135,758.13,758.68
1789397100000,758.68,759.03,757.93,758.57
1789398000000,758.59,759.87,758.15,758.6301
1789398900000,758.62,759.8952,758.52,759.595
1789399800000,759.57,762.23,759.45,762.09
1789400700000,762.1,762.15,761.29,761.75
1789401600000,761.765,761.9,761.21,761.4674
1789402500000,761.48,762.6,761.48,762.02
1789403400000,762,762.45,761.835,762.31
1789404300000,762.32,763.52,762.05,762.9
1789405200000,762.9,763.06,762.18,762.1814
1789406100000,762.1807,762.72,761.904,762.69
1789407000000,762.715,762.87,762.49,762.6
1789407900000,762.65,762.8699,762.34,762.3499
1789408800000,762.355,762.83,762.125,762.31
1789409700000,762.35,762.48,761.9175,762.0108
1789410600000,762.06,762.52,761.97,762.35
1789411500000,762.34,762.54,762.09,762.128
1789412400000,762.14,762.21,761.61,762.02
1789413300000,762.025,762.025,761.649,761.725
1789414200000,761.725,761.93,761.54,761.6
1789415100000,761.5902,761.83,760.66,760.88
1789416000000,760.81,760.97,760.59,760.75
1789416900000,760.77,761.0994,760.48,761.0739
1789417800000,761.0993,761.1,760.9577,761.0004
1789418700000,761.0284,761.4888,761.0239,761.485
1789419600000,761.38,761.46,761.08,761.16
1789420500000,761.15,761.24,760.71,760.9876
1789421400000,760.99,761.05,760.95,761.05
1789422300000,761.0394,761.34,760.9507,761.2111
1789423200000,761.32,761.44,761.05,761.2085
1789424100000,761.235,761.2414,761.0219,761.1415
1789425000000,761.15,761.25,761.1023,761.11
1789425900000,761.11,761.36,761.11,761.2167
1789426800000,761.1716,761.25,761.0605,761.23
1789427700000,761.23,761.25,760.9897,761.045
1789428600000,761.02,761.19,761.02,761.14
1789429500000,761.1485,761.18,760.9501,761.1598
1789430400000,761.3,761.31,760.87,761.25
1789431300000,761.24,761.28,760.98,761.16
1789432200000,761.15,761.62,761.06,761.56
1789433100000,761.53,761.69,761.42,761.45
1789434000000,761.41,761.69,761.29,761.62
1789434900000,761.68,761.69,761.41,761.42
1789435800000,761.42,761.43,760.7,760.81
1789436700000,760.79,761.1,760.75,760.92
1789437600000,760.97,761.16,760.92,760.96
1789438500000,760.97,760.97,760.8,760.93
1789439400000,760.86,760.88,760.65,760.79
1789440300000,760.69,760.79,760.65,760.69
1789441200000,760.69,760.71,760.46,760.51
1789442100000,760.51,760.55,760.39,760.39
1789443000000,760.4,760.51,760.38,760.4
1789443900000,760.46,760.46,759.82,759.84
1789444800000,759.83,760.08,759.7,759.7
1789445700000,759.67,759.7,759.06,759.19
1789446600000,759.2,759.32,758.88,759.31
1789447500000,759.19,759.3,758.6,758.6
1789448400000,758.59,758.77,758.15,758.24
1789449300000,758.24,758.51,758.02,758.46
1789450200000,758.46,759.16,758.29,759.16
1789451100000,759.16,759.55,759.07,759.22
1789452000000,759.34,759.42,758.99,759.22
1789452900000,759.09,759.16,758.87,758.88
1789453800000,758.82,758.82,758.48,758.48
1789454700000,758.61,758.61,758.2,758.52
1789455600000,758.4,758.63,757.74,757.74
1789456500000,757.9,758.38,757.78,758.16
1789457400000,758.19,758.3,757.3,757.3
1789458300000,757.33,757.52,757.06,757.5
1789459200000,757.59,760.88,756.2034,756.9512
1789460100000,757,757.6285,756.8014,757.092
1789461000000,757.14,757.14,756.72,756.72
1789461900000,756.69,757.0496,756.6007,756.7212
1789462800000,756.79,757,756.5119,756.78
1789463700000,756.6085,756.9482,756.2815,756.8417
1789464600000,756.9017,757.6,756.835,757.51
1789465500000,757.67,758.32,757.67,758.2112
1789466400000,758.281,758.8312,758.17,758.45
1789467300000,758.41,758.58,758.27,758.485
1789468200000,758.4912,759.04,758.4047,758.89
1789469100000,758.905,759.51,758.751,759.2946
1789470000000,759.29,760.88,759.2769,759.6168
1789470900000,759.5907,759.8648,759.4693,759.5387
1789471800000,759.4931,759.7233,759.31,759.56
1789472700000,759.536,759.8759,759.48,759.86
1789473600000,759.8,760.1185,759.58,760.0503
1789474500000,760.0446,760.1012,759.5415,759.9456
1789475400000,759.9597,760.67,759.64,760.0315
1789476300000,760.0887,761.3823,760.0312,760.59
1789477200000,760.55,761.485,760.47,760.5462
1789478100000,760.5317,760.9158,760.1677,760.1677
1789479000000,760.117,760.34,758.73,759.95
1789479900000,759.95,760.19,759.18,759.51
1789480800000,759.5406,759.5406,757.88,757.97
1789481700000,757.97,758.43,757.19,757.48
1789482600000,757.47,757.65,756.8816,757.2
1789483500000,757.19,757.37,756.15,756.44
1789484400000,756.45,757.27,756.435,756.98
1789485300000,756.95,757.5,756.815,757.48
1789486200000,757.5,757.75,756.93,757.52
1789487100000,757.5,757.7,756.926,757.115
1789488000000,757.115,757.355,756.63,756.785
1789488900000,756.77,757.87,756.71,757.575
1789489800000,757.5613,757.82,757.32,757.6089
1789490700000,757.6099,758.06,757.33,757.74
1789491600000,757.74,757.85,757.05,757.085
1789492500000,757.0801,757.11,756.6,756.875
1789493400000,756.86,757.245,756.8199,757.13
1789494300000,757.13,757.4,756.93,757.27
1789495200000,757.3,757.935,757.1426,757.765
1789496100000,757.78,757.83,757.36,757.67
1789497000000,757.66,757.66,757.13,757.19
1789497900000,757.21,757.49,756.74,757.49
1789498800000,757.47,757.62,757.09,757.17
1789499700000,757.15,757.29,756.94,756.985
1789500600000,756.98,757.07,756.52,756.715
1789501500000,756.71,757.46,756.57,757.39
1789502400000,757.39,758.2,757.39,758.1554
1789503300000,758.15,758.18,757.39,758.0797
1789504200000,758.1148,758.22,758.04,758.0684
1789505100000,758.08,758.15,757.96,758.04
1789506000000,758.05,758.07,757.93,758.03
1789506900000,758.03,758.04,757.66,757.97
1789507800000,757.9653,757.9653,757.39,757.88
1789508700000,757.88,757.98,757.85,757.91
1789509600000,757.98,758.12,757.861,757.8812
1789510500000,757.94,758.0675,757.861,757.99
1789511400000,758.0004,758.34,758.0004,758.2869
1789512300000,758.2852,758.38,758.24,758.3368
1789513200000,758.339,758.36,758.15,758.16
1789514100000,758.1532,758.19,757.97,757.9946
1789515000000,758,758.3,757.9617,758.26
1789515900000,758.25,758.35,758.16,758.2251
1789516800000,757.97,758.54,757.97,758.42
1789517700000,758.41,758.47,758.3,758.42
1789518600000,758.42,758.47,758.26,758.27
1789519500000,758.26,758.44,758.24,758.34
1789520400000,758.29,758.4,757.86,758.4
1789521300000,758.4,758.57,758.28,758.45
1789522200000,758.41,758.42,758.02,758.08
1789523100000,758.09,758.15,757.68,757.74
1789524000000,757.86,758.21,757.85,757.94
1789524900000,757.9,758.42,757.9,758.4
1789525800000,758.48,758.66,758.26,758.29
1789526700000,758.35,758.6,758.35,758.59
1789527600000,758.63,759.1,758.63,759.09
1789528500000,759.09,759.6,759.06,759.2
1789529400000,759.21,759.21,758.83,759
1789530300000,759.06,759.18,759.02,759.08
1789531200000,759.13,759.25,759.05,759.06
1789532100000,759.06,759.11,758.86,758.86
1789533000000,758.85,758.85,758.53,758.59
1789533900000,758.65,758.81,758.64,758.74
1789534800000,758.6,758.78,758.36,758.78
1789535700000,758.8,758.89,758.68,758.82
1789536600000,758.85,759.15,758.82,759.15
1789537500000,759.15,759.2,758.82,758.94
1789538400000,758.9,759.26,758.8,759.26
1789539300000,759.16,759.22,758.81,758.95
1789540200000,758.9,758.98,758.77,758.85
1789541100000,758.93,759.21,758.83,759.08
1789542000000,759.29,759.57,759.25,759.46
1789542900000,759.43,759.43,759.07,759.24
1789543800000,759.39,759.45,759.04,759.05
1789544700000,759.01,759.05,758.8,758.87
1789545600000,759.11,759.588,757.39,758.43
1789546500000,758.4312,758.98,758.398,758.6212
1789547400000,758.6585,758.9087,758.4112,758.751
1789548300000,758.8,759.15,758.7207,759.03
1789549200000,759.05,759.15,758.7412,758.779
1789550100000,758.8087,758.9187,758.4095,758.628
1789551000000,758.5617,759.289,758.5515,759.1612
1789551900000,759.2185,759.29,758.8915,759.189
1789552800000,759.1218,759.1987,758.8012,759.0285
1789553700000,758.9812,759.14,758.8615,759.0812
1789554600000,759.1087,759.199,759.0007,759.151
1789555500000,759.179,759.4517,759,759.44
1789556400000,759.44,759.931,757.39,759.24
1789557300000,759.191,759.45,759.051,759.38
1789558200000,759.4,759.94,759.33,759.83
1789559100000,759.84,760.1523,759.8,760.1162
1789560000000,760.1799,760.53,760.119,760.1907
1789560900000,760.17,760.2323,759.82,760.1412
1789561800000,760.2465,760.2465,758.87,759.3683
1789562700000,759.33,759.88,757.39,759.86
1789563600000,759.81,759.89,759.17,759.8878
1789564500000,759.8556,760.0068,759.59,759.6
1789565400000,759.497,759.69,758.723,758.79
1789566300000,758.8,760.43,758.76,760.2
1789567200000,760.23,760.42,759.1,759.55
1789568100000,759.5699,759.715,758.76,758.96
1789569000000,758.9738,759.86,758.81,759.84
1789569900000,759.84,760.25,759.59,760.21
1789570800000,760.22,761.03,760.16,760.7401
1789571700000,760.78,760.82,760.29,760.3401
1789572600000,760.36,760.6,760.01,760.565
1789573500000,760.56,761.65,760.49,760.69
1789574400000,760.69,760.74,760.17,760.37
1789575300000,760.3973,760.475,759.87,760.14
1789576200000,760.13,760.22,759.67,759.903
1789577100000,759.92,760.19,759.73,759.77
1789578000000,759.775,759.81,759.26,759.735
1789578900000,759.73,759.94,759.54,759.93
1789579800000,759.935,760.058,759.315,759.34
1789580700000,759.34,760.26,759.34,760.23
1789581600000,760.1816,761.21,758.775,759.941
1789582500000,760,760.36,758.785,759.68
1789583400000,759.64,760.21,756.05,759
1789584300000,758.99,759.546,753.76,753.89
1789585200000,753.9,755.36,751.14,751.31
1789586100000,751.335,752.12,749.6,751.26
1789587000000,751.23,752.82,751.11,752.11
1789587900000,752.09,754.365,752.06,754.05
1789588800000,754.1,754.48,753.94,754.1
1789589700000,754.06,754.19,753.68,753.93
1789590600000,753.9368,754.17,753.8254,754.01
1789591500000,754.0214,754.19,753.78,754.095
1789592400000,754.1,754.26,753.81,754.1168
1789593300000,754.11,754.2,753.933,754.137
1789594200000,754.08,754.44,754.05,754.4369
1789595100000,754.4369,754.44,754.2,754.3223
1789596000000,754.34,754.6,753.7,754.5568
1789596900000,754.53,755.13,754.49,755.0677
1789597800000,755.14,755.84,755.1179,755.72
1789598700000,755.715,755.7494,755.33,755.4806
1789599600000,755.5,755.82,755.44,755.6715
1789600500000,755.7369,756.5188,755.69,756.3934
1789601400000,756.4,757.035,756.33,757.035
1789602300000,756.9615,757.4662,756.9501,757.4662
1789603200000,757.2,758.04,757.2,757.5
1789604100000,757.46,757.82,757.32,757.57
1789605000000,757.62,758.5,757.58,758.41
1789605900000,758.33,758.42,757.89,758.31
1789606800000,758.29,758.63,758.01,758.19
1789607700000,758.26,758.3,758.12,758.23
1789608600000,758.22,758.52,757.88,758.2
1789609500000,758.3,758.3,757.8,757.88
1789610400000,757.9,758.29,757.89,758
1789611300000,758.06,758.34,758.06,758.19
1789612200000,758.25,758.79,758.25,758.73
1789613100000,758.73,758.73,758.33,758.4
1789614000000,758.4,758.56,758.39,758.56
1789614900000,758.58,758.67,758.4,758.62
1789615800000,758.6,758.84,758.57,758.77
1789616700000,758.78,758.83,758.54,758.8
1789617600000,758.72,758.84,758.58,758.64
1789618500000,758.66,758.66,758.45,758.58
1789619400000,758.57,758.83,758.49,758.83
1789620300000,758.8,758.84,758.55,758.61
1789621200000,758.55,758.57,758.32,758.32
1789622100000,758.3,758.36,758.08,758.22
1789623000000,758.19,758.19,757.77,757.8
1789623900000,757.8,757.85,757.49,757.57
1789624800000,757.58,758.28,757.58,757.96
1789625700000,757.93,758.96,757.76,758.95
1789626600000,758.97,759.46,758.97,759.46
1789627500000,759.5,759.55,759.3,759.4
1789628400000,759.33,760.25,759.24,759.8
1789629300000,759.85,760.55,759.81,760.53
1789630200000,760.58,760.69,760.32,760.35
1789631100000,760.31,760.39,759.68,759.85
1789632000000,759.85,760.5977,757.5315,759.31
1789632900000,759.2557,759.625,759,759.625
1789633800000,759.72,759.88,759.51,759.7312
1789634700000,759.76,760.2683,759.7312,760.1895
1789635600000,760.18,760.72,760.18,760.52
1789636500000,760.5296,760.62,760.1797,760.1797
1789637400000,760.1995,760.48,760.1995,760.4088
1789638300000,760.2595,760.2595,759.95,760.08
1789639200000,760.08,760.48,760.08,760.3987
1789640100000,760.3301,760.72,760.2,760.579
1789641000000,760.56,760.74,760.26,760.35
1789641900000,760.3088,760.68,760.25,760.68
1789642800000,760.65,760.8605,760.39,760.635
1789643700000,760.639,760.676,760.31,760.45
1789644600000,760.401,760.57,760.149,760.149
1789645500000,760.129,761.3799,760.07,761.3799
1789646400000,761.32,762.13,760.8895,761.9983
1789647300000,762.0178,763.42,761.9667,763.4105
1789648200000,763.3767,763.9943,763.13,763.568
1789649100000,763.5495,763.7759,763.29,763.6081
1789650000000,763.5786,764,763.3171,763.4377
1789650900000,763.4145,763.65,763.05,763.1
1789651800000,763.16,763.41,760.62,760.93
1789652700000,760.94,761.74,760.73,761.25
1789653600000,761.25,761.25,759.96,761.14
1789654500000,761.14,762.27,761.05,761.675
1789655400000,761.6708,762.215,761.55,761.8899
1789656300000,761.89,761.93,760.44,760.79
1789657200000,760.79,761.24,760.36,761.14
1789658100000,761.15,761.73,760.935,761.58
1789659000000,761.57,762.52,761.485,762.26
1789659900000,762.28,762.55,762.07,762.54
1789660800000,762.55,762.62,762.055,762.3
1789661700000,762.29,762.63,762.2,762.53
1789662600000,762.51,762.6524,761.98,762.615
1789663500000,762.62,762.66,761.61,762.455
1789664400000,762.455,762.7999,762.18,762.23
1789665300000,762.245,762.33,761.8295,762.035
1789666200000,762.07,762.47,761.91,762.43
1789667100000,762.4064,762.64,762.29,762.63
1789668000000,762.63,762.85,762.43,762.72
1789668900000,762.74,762.95,762.51,762.73
1789669800000,762.74,762.85,762.14,762.35
1789670700000,762.36,762.64,762.19,762.44
1789671600000,762.455,763.06,762.445,762.77
1789672500000,762.76,762.94,762.55,762.6099
1789673400000,762.6,763.15,762.6,763.12
1789674300000,763.11,763.57,762.43,762.6
1789675200000,762.65,762.76,762.32,762.43
1789676100000,762.39,762.6322,762.1,762.1295
1789677000000,762.12,762.23,762.06,762.116
1789677900000,762.07,762.3077,762.02,762.21
1789678800000,762.2249,762.6,762.1812,762.2697
1789679700000,762.2697,762.3534,762.17,762.24
1789680600000,762.24,762.34,762.2077,762.3304
1789681500000,762.32,762.339,762.06,762.315
1789682400000,762.299,762.3,761.91,762.1122
1789683300000,762.0615,762.1069,761.76,761.76
1789684200000,761.7692,761.871,761.6757,761.7568
1789685100000,761.7262,761.8849,761.667,761.85
1789686000000,761.88,762.1631,761.88,762
1789686900000,762.0033,762.12,761.915,761.9836
1789687800000,761.9793,762.1687,761.94,762.0777
1789688700000,762.1,762.18,762.01,762.0718
1789689600000,760.83,761.72,760.2,760.5
1789690500000,760.47,760.64,760.35,760.44
1789691400000,760.44,760.62,760.23,760.44
1789692300000,760.43,760.43,760.21,760.34
1789693200000,760.38,760.4,760.14,760.16
1789694100000,760.15,760.15,760.01,760.06
1789695000000,760.11,760.29,760.04,760.17
1789695900000,760.17,760.5,760.17,760.5
1789696800000,760.47,760.54,760.37,760.37
1789697700000,760.43,760.66,760.43,760.66
1789698600000,760.64,760.77,760.59,760.71
1789699500000,760.65,760.79,760.65,760.74
1789700400000,760.74,761.29,760.72,761.23
1789701300000,761.25,761.3,761.07,761.25
1789702200000,761.22,761.5,761.19,761.49
1789703100000,761.49,761.74,761.49,761.61
1789704000000,761.72,761.89,761.66,761.81
1789704900000,761.77,761.87,761.61,761.87
1789705800000,761.88,762.25,761.85,762.23
1789706700000,762.21,762.45,762.17,762.41
1789707600000,762.43,762.59,762.42,762.56
1789708500000,762.57,762.7,762.5,762.54
1789709400000,762.7,763.23,762.7,763.23
1789710300000,763.21,763.27,762.87,762.94
1789711200000,763.01,763.22,762.99,763.03
1789712100000,763.1,763.33,762.91,763.2
1789713000000,763.21,763.71,763.21,763.61
1789713900000,763.64,763.76,763.64,763.74
1789714800000,763.71,763.86,763.54,763.69
1789715700000,763.66,764.05,763.61,764.05
1789716600000,764.06,764.16,763.58,763.79
1789717500000,763.74,763.93,763.69,763.71
1789718400000,763.7582,764.14,761.602,763.1897
1789719300000,763.2253,763.4593,762.819,762.86
1789720200000,762.82,763.17,762.789,763.17
1789721100000,763.2,763.235,763.01,763.06
1789722000000,763.0299,763.11,762.8594,762.96
1789722900000,762.95,763.11,762.6292,762.69
1789723800000,762.66,762.66,762.02,762.02
1789724700000,762.0097,762.275,762,762.03
1789725600000,761.9995,762.14,761.9407,762.1007
1789726500000,762.21,762.33,762.09,762.1711
1789727400000,762.275,762.8775,762.2311,762.8212
1789728300000,762.8,762.8,762.29,762.33
1789729200000,762.315,762.7,761.69,762.0201
1789730100000,761.9865,761.9928,761.48,761.6056
1789731000000,761.6026,762.089,761.5138,761.52
1789731900000,761.5499,761.6748,761.3,761.4699
1789732800000,761.48,761.75,760.4897,760.5799
1789733700000,760.5984,760.6568,760,760.2097
1789734600000,760.23,760.7112,760.08,760.5384
1789735500000,760.4943,760.64,760.26,760.3899
1789736400000,760.33,760.57,760.24,760.45
1789737300000,760.42,761.23,759.59,761.23
1789738200000,761.38,761.76,760.59,760.905
1789739100000,760.92,761.15,759.56,759.71
1789740000000,759.71,759.935,758.85,759.21
1789740900000,759.2194,759.645,758.75,759.3399
1789741800000,759.36,759.76,758.85,759.005
1789742700000,759,759.96,758.87,759.93
1789743600000,759.95,760.0409,759.42,759.56
1789744500000,759.56,760.0599,759.45,759.98
1789745400000,759.97,760.07,759.11,759.295
1789746300000,759.33,759.3899,758.85,759
1789747200000,758.99,759.2276,758.69,759.02
1789748100000,759.03,759.1739,757.971,758.76
1789749000000,758.76,759.3,758.57,759.085
1789749900000,759.09,759.54,758.78,759.3995
1789750800000,759.395,759.5299,759.025,759.31
1789751700000,759.31,759.5799,759.26,759.4
1789752600000,759.405,759.78,759.23,759.77
1789753500000,759.78,759.89,759.62,759.83
1789754400000,759.83,759.965,759.66,759.8132
1789755300000,759.79,760.61,759.79,760.47
1789756200000,760.482,760.545,760.2338,760.5362
1789757100000,760.55,761.83,760.55,761.23
1789758000000,761.26,761.47,761.06,761.18
1789758900000,761.199,761.27,760.835,760.86
1789759800000,760.87,761.44,760.68,761.43
1789760700000,761.39,762,761.18,761.69
1789761600000,761.54,763.1461,761.54,762.81
1789762500000,762.81,762.9,761.69,762.86
1789763400000,762.89,763,762.7402,762.97
1789764300000,762.96,763.15,762.72,762.74
1789765200000,762.68,762.9315,762.6,762.72
1789766100000,762.7689,762.9255,759.3482,762.8461
1789767000000,762.85,762.99,762.54,762.8462
1789767900000,762.84,763.2,762.8,762.98
1789768800000,762.784,762.96,762.7801,762.9395
1789769700000,762.8427,762.96,762.84,762.9338
1789770600000,762.92,762.939,762.7001,762.81
1789771500000,762.81,762.97,762.75,762.8005
1789772400000,762.8647,762.98,762.8053,762.8934
1789773300000,762.8999,762.98,762.82,762.8947
1789774200000,762.92,762.98,762.77,762.8201
1789775100000,762.83,762.9887,762.79,762.9438
1789788600000,763.53,763.53,763.53,763.53
1789789500000,763.56,763.56,763.56,763.56
1789790400000,763.56,763.56,763.56,763.56
1789793100000,763.62,763.62,763.62,763.62
1789806600000,763.64,763.64,763.64,763.64
1789816500000,763,763,762.88,762.88
1789828200000,763.36,763.36,763.36,763.36
1789834500000,763.09,763.09,762.88,762.88
1789868700000,763.67,763.67,763.67,763.67
1789872300000,762.88,762.88,762.88,762.88
1789880400000,762.89,762.89,762.89,762.89
1789881300000,762.88,762.88,762.88,762.88
1789882200000,763.72,763.72,763.72,763.72
1789884000000,762.89,762.89,762.89,762.89
1789887600000,762.89,762.89,762.89,762.89
1789900200000,762.88,762.88,762.86,762.86
1789902900000,762.86,762.88,762.86,762.88
1789917300000,762.86,762.86,762.86,762.86
1789920000000,762.86,762.88,762.85,762.85
1789920900000,762.83,762.88,762.83,762.88
1789948800000,763.23,764.23,763.23,763.84
1789949700000,763.8,764.11,763.45,763.98
1789950600000,764.01,764.42,764,764.2
1789951500000,764.21,764.35,764.17,764.35
1789952400000,764.31,764.7,764.31,764.54
1789953300000,764.64,764.65,764.48,764.53
1789954200000,764.49,764.67,764.47,764.63
1789955100000,764.61,764.63,764.21,764.21
1789956000000,764.21,764.51,764.13,764.34
1789956900000,764.34,764.37,764.22,764.33
1789957800000,764.33,764.42,764.18,764.4
1789958700000,764.37,764.61,764.36,764.36
1789959600000,764.39,764.7,764.39,764.7
1789960500000,764.75,764.95,764.75,764.86
1789961400000,764.77,764.81,764.66,764.78
1789962300000,764.86,764.98,764.76,764.78
1789963200000,764.78,764.94,764.62,764.72
1789964100000,764.76,764.95,764.76,764.92
1789965000000,764.9,764.93,764.76,764.84
1789965900000,764.79,764.89,764.79,764.8
1789966800000,764.83,764.85,764.68,764.68
1789967700000,764.68,764.78,764.68,764.74
1789968600000,764.82,765.13,764.77,764.94
1789969500000,764.93,764.93,764.75,764.91
1789970400000,764.93,765.2,764.93,765.02
1789971300000,765.02,765.08,764.93,765.05
1789972200000,765.1,765.33,765.1,765.2
1789973100000,765.24,765.51,765.2,765.5
1789974000000,765.51,766,765.43,765.82
1789974900000,765.76,765.97,765.62,765.86
1789975800000,765.89,765.99,765.66,765.73
1789976700000,765.74,766.12,765.57,766.09
1789977600000,766.04,766.5226,764.628,766.37
1789978500000,766.43,766.4507,766.2795,766.359
1789979400000,766.3,766.74,766.3,766.72
1789980300000,766.669,766.7399,766.4,766.4692
1789981200000,766.47,766.5702,766.305,766.4505
1789982100000,766.4507,766.7,766.3726,766.4685
1789983000000,766.4487,766.6296,766.39,766.57
1789983900000,766.61,766.8005,766.5215,766.6287
1789984800000,766.5992,766.8802,766.58,766.8802
1789985700000,766.8902,767.0284,766.809,766.95
1789986600000,766.959,767.205,766.868,766.999
1789987500000,767.0102,767.14,766.8,766.8
1789988400000,766.79,766.92,761.69,766.6595
1789989300000,766.66,766.8095,766.5687,766.6205
1789990200000,766.6554,767.03,766.6292,767.0053
1789991100000,767.0352,767.24,766.92,766.96
1789992000000,766.99,767.24,766.61,766.7577
1789992900000,766.76,766.8505,766.51,766.57
1789993800000,766.56,766.9685,766.4992,766.9685
1789994700000,766.95,766.96,761.69,766.355
1789995600000,766.3495,766.65,766.2809,766.41
1789996500000,766.46,766.5575,761.69,766.2852
1789997400000,766.308,766.855,766.03,766.855
1789998300000,766.88,767.72,766.8201,767.69
1789999200000,767.68,767.92,767.05,767.78
1790000100000,767.8,769.29,767.8,769.0333
1790001000000,769.015,769.55,768.88,768.99
1790001900000,768.99,769.44,768.74,769.21
1790002800000,769.21,769.82,769.115,769.8
1790003700000,769.81,770.18,769.81,769.86
1790004600000,769.87,770.72,769.82,770.71
1790005500000,770.72,771.36,770.535,770.74
1790006400000,770.735,771.84,770.519,771.55
1790007300000,771.6,772.04,771.43,771.82
1790008200000,771.84,772.65,771.8,772
1790009100000,772.005,772.34,771.98,772.32
1790010000000,772.34,772.9,772.19,772.82
1790010900000,772.82,772.975,772.42,772.8
1790011800000,772.82,772.91,772.24,772.88
1790012700000,772.875,773.17,772.72,772.895
1790013600000,772.9299,773.4,772.91,773.265
1790014500000,773.2701,773.99,773.17,773.855
1790015400000,773.86,774.14,773.585,774.12
1790016300000,774.14,774.62,774.065,774.295
1790017200000,774.31,774.48,773.965,774.465
1790018100000,774.45,774.465,774.02,774.1
1790019000000,774.095,774.89,774.06,774.455
1790019900000,774.43,774.55,773.41,773.5
1790020800000,773.49,773.65,773.1,773.3402
1790021700000,773.34,773.5,772.99,773.2012
1790022600000,773.26,773.26,772.9137,772.98
1790023500000,772.9697,773.2285,772.89,773.1641
1790024400000,773.1863,773.3007,772.91,773.3007
1790025300000,773.3174,773.3792,773.1103,773.3777
